{"9728337":[7,"いわき市","渡辺町中釜戸"],"9728318":[7,"いわき市","常磐関船町"],"9728317":[7,"いわき市","常磐下湯長谷町"],"9720253":[7,"いわき市","遠野町大平"],"9720252":[7,"いわき市","遠野町上根本"],"9728326":[7,"いわき市","常磐藤原町"],"9728315":[7,"いわき市","常磐長孫町"],"9728332":[7,"いわき市","渡辺町昼野"],"9728301":[7,"いわき市","草木台"],"9728335":[7,"いわき市","渡辺町松小屋"],"9728313":[7,"いわき市","常磐岩ケ岡町"],"9728324":[7,"いわき市","桜ケ丘"],"9728323":[7,"いわき市","常磐松が台"],"9728311":[7,"いわき市","常磐水野谷町"],"9728321":[7,"いわき市","常磐湯本町"],"9728333":[7,"いわき市","渡辺町洞"],"9728314":[7,"いわき市","常磐馬玉町"],"9728338":[7,"いわき市","中部工業団地"],"9728331":[7,"いわき市","渡辺町泉田"],"9728334":[7,"いわき市","渡辺町田部"],"9720163":[7,"いわき市","遠野町根岸"],"9728336":[7,"いわき市","渡辺町上釜戸"],"9728322":[7,"いわき市","常磐上湯長谷町"],"9728325":[7,"いわき市","常磐白鳥町"],"9720251":[7,"いわき市","遠野町入遠野"],"9720162":[7,"いわき市","遠野町滝"],"9720164":[7,"いわき市","遠野町深山田"],"9728312":[7,"いわき市","常磐下船尾町"],"9720161":[7,"いわき市","遠野町上遠野"],"9728316":[7,"いわき市","常磐西郷町"]}
