{"0210875":[3,"一関市","高崎町"],"0210000":[3,"一関市",""],"0210874":[3,"一関市","釣山"],"0210007":[3,"一関市","上日照"],"0210056":[3,"一関市","山目"],"0210832":[3,"一関市","散田"],"0210804":[3,"一関市","五十人町"],"0210002":[3,"一関市","中里"],"0210054":[3,"一関市","山目"],"0210221":[3,"一関市","舞川"],"0210861":[3,"一関市","機織山"],"0210052":[3,"一関市","寿町"],"0210836":[3,"一関市","鳴神"],"0210027":[3,"一関市","竹山町"],"0210064":[3,"一関市","山目"],"0210871":[3,"一関市","八幡町"],"0210885":[3,"一関市","田村町"],"0210026":[3,"一関市","山目"],"0210061":[3,"一関市","山目"],"0210853":[3,"一関市","相去"],"0210802":[3,"一関市","北十軒街"],"0210803":[3,"一関市","南十軒街"],"0210012":[3,"一関市","宮前町"],"0210884":[3,"一関市","大手町"],"0210844":[3,"一関市","反町"],"0210031":[3,"一関市","青葉"],"0210051":[3,"一関市","山目"],"0210811":[3,"一関市","久保"],"0210843":[3,"一関市","深町"],"0210815":[3,"一関市","要害"],"0210883":[3,"一関市","新大町"],"0210901":[3,"一関市","真柴"],"0210033":[3,"一関市","山目"],"0210013":[3,"一関市","宮下町"],"0210807":[3,"一関市","東花王町"],"0210854":[3,"一関市","西沢"],"0210806":[3,"一関市","下大槻街"],"0210006":[3,"一関市","上坊"],"0210813":[3,"一関市","南ほうりょう"],"0210008":[3,"一関市","石畑"],"0210831":[3,"一関市","沼田"],"0210893":[3,"一関市","地主町"],"0210902":[3,"一関市","萩荘"],"0210062":[3,"一関市","山目"],"0210834":[3,"一関市","宇南"],"0210866":[3,"一関市","南新町"],"0210891":[3,"一関市","桜木町"],"0210851":[3,"一関市","関が丘"],"0210036":[3,"一関市","山目"],"0210812":[3,"一関市","樋渡"],"0210022":[3,"一関市","五代町"],"0210021":[3,"一関市","中央町"],"0210814":[3,"一関市","北ほうりょう"],"0210801":[3,"一関市","桜街"],"0210867":[3,"一関市","駅前"],"0210032":[3,"一関市","末広"],"0210835":[3,"一関市","二本木"],"0210833":[3,"一関市","柄貝"],"0210852":[3,"一関市","沢"],"0210004":[3,"一関市","町浦"],"0210881":[3,"一関市","大町"],"0210863":[3,"一関市","南町"],"0210011":[3,"一関市","山目町"],"0210892":[3,"一関市","東地主町"],"0210865":[3,"一関市","新山"],"0210841":[3,"一関市","吸川街"],"0210842":[3,"一関市","柳町"],"0210063":[3,"一関市","山目"],"0210055":[3,"一関市","山目"],"0210894":[3,"一関市","磐井町"],"0210862":[3,"一関市","千代田町"],"0210034":[3,"一関市","山目"],"0210014":[3,"一関市","蘭梅町"],"0210003":[3,"一関市","東五代"],"0210872":[3,"一関市","宮坂町"],"0210102":[3,"一関市","萩荘"],"0210101":[3,"一関市","厳美町"],"0210001":[3,"一関市","新町"],"0210821":[3,"一関市","三関"],"0210877":[3,"一関市","城内"],"0210035":[3,"一関市","山目"],"0210882":[3,"一関市","上大槻街"],"0210024":[3,"一関市","幸町"],"0210876":[3,"一関市","広街"],"0210023":[3,"一関市","銅谷町"],"0210864":[3,"一関市","旭町"],"0210805":[3,"一関市","豊町"],"0210822":[3,"一関市","東台"],"0210041":[3,"一関市","赤荻"],"0210005":[3,"一関市","中里"],"0210873":[3,"一関市","台町"],"0210053":[3,"一関市","山目"],"0210025":[3,"一関市","山目"]}
