{"7260001":[34,"府中市","本山町"],"7260022":[34,"府中市","用土町"],"7260031":[34,"府中市","荒谷町"],"7260006":[34,"府中市","桜が丘"],"7260026":[34,"府中市","三郎丸町"],"7260012":[34,"府中市","中須町"],"7260000":[34,"府中市",""],"7260023":[34,"府中市","栗柄町"],"7260034":[34,"府中市","上山町"],"7260033":[34,"府中市","目崎町"],"7260035":[34,"府中市","父石町"],"7260027":[34,"府中市","篠根町"],"7260036":[34,"府中市","河面町"],"7260013":[34,"府中市","高木町"],"7260032":[34,"府中市","出口町"],"7260002":[34,"府中市","鵜飼町"],"7260005":[34,"府中市","府中町"],"7260025":[34,"府中市","河南町"],"7260011":[34,"府中市","広谷町"],"7260004":[34,"府中市","府川町"],"7260024":[34,"府中市","僧殿町"],"7260021":[34,"府中市","土生町"],"7260003":[34,"府中市","元町"]}
