{"6100211":[26,"綴喜郡宇治田原町","奥山田"],"6100356":[26,"京田辺市","山手中央"],"6100326":[26,"京田辺市","天王"],"6100324":[26,"京田辺市","打田"],"6101146":[26,"京都市西京区","大原野西境谷町"],"6100333":[26,"京田辺市","甘南備台"],"6100100":[26,"城陽市",""],"6100352":[26,"京田辺市","花住坂"],"6100361":[26,"京田辺市","河原"],"6100355":[26,"京田辺市","山手西"],"6100101":[26,"城陽市","平川"],"6100315":[26,"京田辺市","同志社山手"],"6101127":[26,"京都市西京区","大原野上里鳥見町"],"6101126":[26,"京都市西京区","大原野上里男鹿町"],"6100302":[26,"綴喜郡井手町","井手"],"6101105":[26,"京都市西京区","大枝塚原町"],"6101121":[26,"京都市西京区","大原野上里北ノ町"],"6100221":[26,"綴喜郡宇治田原町","湯屋谷"],"6100255":[26,"綴喜郡宇治田原町","郷之口"],"6100118":[26,"城陽市","水主"],"6100114":[26,"城陽市","市辺"],"6101134":[26,"京都市西京区","大原野石作町"],"6100354":[26,"京田辺市","山手南"],"6101113":[26,"京都市西京区","大枝南福西町"],"6101124":[26,"京都市西京区","大原野上里紅葉町"],"6100251":[26,"綴喜郡宇治田原町","高尾"],"6101136":[26,"京都市西京区","大原野外畑町"],"6101145":[26,"京都市西京区","大原野西竹の里町"],"6100301":[26,"綴喜郡井手町","多賀"],"6100342":[26,"京田辺市","松井"],"6101125":[26,"京都市西京区","大原野上里勝山町"],"6100357":[26,"京田辺市","山手東"],"6100300":[26,"京田辺市",""],"6100341":[26,"京田辺市","薪"],"6100343":[26,"京田辺市","大住"],"6100325":[26,"京田辺市","高船"],"6101141":[26,"京都市西京区","大枝西新林町"],"6101135":[26,"京都市西京区","大原野出灰町"],"6101112":[26,"京都市西京区","大枝北福西町"],"6100200":[26,"綴喜郡宇治田原町",""],"6100116":[26,"城陽市","奈島"],"6100314":[26,"京田辺市","宮津"],"6100117":[26,"城陽市","枇杷庄"],"6101133":[26,"京都市西京区","大原野小塩町"],"6101101":[26,"京都市西京区","大枝北沓掛町"],"6101152":[26,"京都市西京区","大原野北春日町"],"6100202":[26,"綴喜郡宇治田原町","緑苑坂"],"6101143":[26,"京都市西京区","大原野東境谷町"],"6100331":[26,"京田辺市","田辺"],"6101142":[26,"京都市西京区","大枝東新林町"],"6101144":[26,"京都市西京区","大原野東竹の里町"],"6101153":[26,"京都市西京区","大原野南春日町"],"6100201":[26,"綴喜郡宇治田原町","禅定寺"],"6100351":[26,"京田辺市","大住ケ丘"],"6100334":[26,"京田辺市","田辺中央"],"6101151":[26,"京都市西京区","大枝西長町"],"6100312":[26,"京田辺市","飯岡"],"6101123":[26,"京都市西京区","大原野上里南ノ町"],"6100332":[26,"京田辺市","興戸"],"6101106":[26,"京都市西京区","大枝沓掛町"],"6101103":[26,"京都市西京区","御陵峰ケ堂町"],"6100321":[26,"京田辺市","多々羅"],"6100311":[26,"京田辺市","草内"],"6101104":[26,"京都市西京区","大枝中山町"],"6100303":[26,"綴喜郡井手町","田村新田"],"6100322":[26,"京田辺市","普賢寺"],"6100115":[26,"城陽市","観音堂"],"6100323":[26,"京田辺市","水取"],"6100231":[26,"綴喜郡宇治田原町","立川"],"6101122":[26,"京都市西京区","大原野東野町"],"6100353":[26,"京田辺市","松井ケ丘"],"6100254":[26,"綴喜郡宇治田原町","銘城台"],"6101111":[26,"京都市西京区","大枝東長町"],"6100113":[26,"城陽市","中"],"6101128":[26,"京都市西京区","大原野石見町"],"6100102":[26,"城陽市","久世"],"6101132":[26,"京都市西京区","大原野灰方町"],"6100103":[26,"城陽市","上津屋"],"6100253":[26,"綴喜郡宇治田原町","贄田"],"6100241":[26,"綴喜郡宇治田原町","南"],"6100112":[26,"城陽市","長池"],"6100362":[26,"京田辺市","東"],"6100111":[26,"城陽市","富野"],"6100121":[26,"城陽市","寺田"],"6101102":[26,"京都市西京区","御陵大枝山町"],"6100252":[26,"綴喜郡宇治田原町","荒木"],"6101131":[26,"京都市西京区","大原野上羽町"],"6100261":[26,"綴喜郡宇治田原町","岩山"],"6100000":[26,"京都市西京区",""],"6100313":[26,"京田辺市","三山木"]}
