{"6560121":[28,"南あわじ市","山添"],"6560662":[28,"南あわじ市","阿那賀志知川"],"6560325":[28,"南あわじ市","志知奥"],"6560503":[28,"南あわじ市","福良丙"],"6560046":[28,"洲本市","金屋"],"6561318":[28,"洲本市","五色町鮎原神陽"],"6561334":[28,"洲本市","五色町広石中"],"6560018":[28,"洲本市","奥畑"],"6562131":[28,"淡路市","志筑"],"6561712":[28,"淡路市","石田"],"6561304":[28,"洲本市","五色町都志万歳"],"6562142":[28,"淡路市","塩田新島"],"6560161":[28,"南あわじ市","倭文土井"],"6561553":[28,"淡路市","山田"],"6560452":[28,"南あわじ市","神代浦壁"],"6561311":[28,"洲本市","五色町鮎原葛尾"],"6562212":[28,"淡路市","佐野"],"6560542":[28,"南あわじ市","阿万吹上町"],"6562401":[28,"淡路市","岩屋"],"6561501":[28,"淡路市","尾崎"],"6560444":[28,"南あわじ市","八木大久保"],"6561315":[28,"洲本市","五色町鮎原宇谷"],"6561736":[28,"淡路市","小倉"],"6560544":[28,"南あわじ市","阿万下町"],"6561541":[28,"淡路市","柳沢"],"6561332":[28,"洲本市","五色町広石北"],"6562121":[28,"洲本市","安乎町平安浦"],"6560513":[28,"南あわじ市","賀集野田"],"6560022":[28,"洲本市","海岸通"],"6562303":[28,"淡路市","小磯"],"6560422":[28,"南あわじ市","榎列上幡多"],"6560442":[28,"南あわじ市","八木養宜中"],"6560053":[28,"洲本市","上物部"],"6561303":[28,"洲本市","五色町都志大宮"],"6561502":[28,"淡路市","新村"],"6562154":[28,"淡路市","木曽下"],"6560041":[28,"洲本市","新村"],"6561342":[28,"洲本市","五色町鳥飼上"],"6560435":[28,"南あわじ市","八木立石"],"6560456":[28,"南あわじ市","神代地頭方"],"6560534":[28,"南あわじ市","北阿万筒井"],"6561525":[28,"淡路市","井手"],"6560446":[28,"南あわじ市","八木寺内"],"6560478":[28,"南あわじ市","市福永"],"6561557":[28,"淡路市","明神"],"6560517":[28,"南あわじ市","賀集内ケ原"],"6560531":[28,"南あわじ市","北阿万伊賀野"],"6560312":[28,"南あわじ市","松帆脇田"],"6560322":[28,"南あわじ市","志知鈩"],"6560400":[28,"南あわじ市",""],"6561337":[28,"洲本市","五色町下堺"],"6560431":[28,"南あわじ市","八木野原"],"6562222":[28,"淡路市","野田尾"],"6560027":[28,"洲本市","港"],"6560453":[28,"南あわじ市","神代黒道"],"6560014":[28,"洲本市","桑間"],"6562151":[28,"淡路市","大町畑"],"6560002":[28,"洲本市","中川原町中川原"],"6560006":[28,"洲本市","中川原町二ツ石"],"6560481":[28,"南あわじ市","志知松本"],"6560457":[28,"南あわじ市","神代富田"],"6562161":[28,"淡路市","池ノ内"],"6560341":[28,"南あわじ市","津井"],"6561731":[28,"淡路市","仁井"],"6561604":[28,"淡路市","生田畑"],"6561302":[28,"洲本市","五色町都志米山"],"6562307":[28,"淡路市","南鵜崎"],"6562323":[28,"淡路市","河内"],"6560052":[28,"洲本市","津田"],"6560323":[28,"南あわじ市","志知飯山寺"],"6560301":[28,"南あわじ市","松帆北方"],"6560412":[28,"南あわじ市","倭文委文"],"6560502":[28,"南あわじ市","福良乙"],"6560551":[28,"南あわじ市","灘"],"6560326":[28,"南あわじ市","志知南"],"6561523":[28,"淡路市","上河合"],"6560154":[28,"南あわじ市","倭文神道"],"6560663":[28,"南あわじ市","阿那賀西路"],"6560313":[28,"南あわじ市","松帆志知川"],"6561602":[28,"淡路市","育波"],"6562100":[28,"淡路市",""],"6560305":[28,"南あわじ市","松帆北浜"],"6560015":[28,"洲本市","上加茂"],"6562122":[28,"洲本市","安乎町中田"],"6561721":[28,"淡路市","野島蟇浦"],"6562304":[28,"淡路市","浜"],"6561601":[28,"淡路市","黒谷"],"6561741":[28,"淡路市","浅野南"],"6560543":[28,"南あわじ市","阿万塩屋町"],"6561314":[28,"洲本市","五色町鮎原鮎の郷"],"6561556":[28,"淡路市","草香"],"6561341":[28,"洲本市","五色町都志角川"],"6561503":[28,"淡路市","遠田"],"6562132":[28,"淡路市","志筑新島"],"6560011":[28,"洲本市","炬口"],"6560331":[28,"南あわじ市","湊里"],"6562334":[28,"淡路市","釜口"],"6561512":[28,"淡路市","北山"],"6561524":[28,"淡路市","竹谷"],"6562331":[28,"淡路市","仮屋"],"6561336":[28,"洲本市","五色町上堺"],"6560151":[28,"南あわじ市","倭文安住寺"],"6562221":[28,"淡路市","長沢"],"6560421":[28,"南あわじ市","榎列山所"],"6560476":[28,"南あわじ市","市新"],"6562153":[28,"淡路市","木曽上畑"],"6560443":[28,"南あわじ市","八木養宜上"],"6561727":[28,"淡路市","野島貴船"],"6560023":[28,"洲本市","小路谷"],"6560462":[28,"南あわじ市","市青木"],"6562211":[28,"淡路市","興隆寺"],"6561316":[28,"洲本市","五色町鮎原栢野"],"6560436":[28,"南あわじ市","八木新庄"],"6560514":[28,"南あわじ市","賀集"],"6560304":[28,"南あわじ市","松帆古津路"],"6561733":[28,"淡路市","長畠"],"6561711":[28,"淡路市","富島"],"6562126":[28,"洲本市","安乎町宮野原"],"6560482":[28,"南あわじ市","志知難波"],"6562531":[28,"洲本市","相川組"],"6560961":[28,"南あわじ市","沼島"],"6561722":[28,"淡路市","野島轟木"],"6561321":[28,"洲本市","五色町鮎原中邑"],"6561606":[28,"淡路市","室津"],"6562225":[28,"淡路市","生穂新島"],"6561605":[28,"淡路市","生田田尻"],"6560651":[28,"南あわじ市","伊加利"],"6560472":[28,"南あわじ市","市善光寺"],"6560003":[28,"洲本市","中川原町三木田"],"6560044":[28,"洲本市","前平"],"6561326":[28,"洲本市","五色町鮎原下"],"6560021":[28,"洲本市","塩屋"],"6562306":[28,"淡路市","夢舞台"],"6560314":[28,"南あわじ市","松帆西路"],"6561732":[28,"淡路市","小田"],"6560131":[28,"南あわじ市","広田中筋"],"6560521":[28,"南あわじ市","潮美台"],"6560101":[28,"洲本市","納"],"6560532":[28,"南あわじ市","北阿万稲田南"],"6560483":[28,"南あわじ市","志知中島"],"6561511":[28,"淡路市","郡家"],"6560455":[28,"南あわじ市","神代國衙"],"6562125":[28,"洲本市","安乎町山田原"],"6560546":[28,"南あわじ市","阿万東町"],"6562162":[28,"淡路市","王子"],"6560425":[28,"南あわじ市","榎列小榎列"],"6560471":[28,"南あわじ市","市十一ケ所"],"6560511":[28,"南あわじ市","賀集八幡"],"6560516":[28,"南あわじ市","賀集福井"],"6560321":[28,"南あわじ市","志知"],"6560051":[28,"洲本市","物部"],"6560012":[28,"洲本市","宇山"],"6562541":[28,"洲本市","由良"],"6561555":[28,"淡路市","南"],"6562143":[28,"淡路市","里"],"6562322":[28,"淡路市","白山"],"6560518":[28,"南あわじ市","賀集牛内"],"6560016":[28,"洲本市","下内膳"],"6561603":[28,"淡路市","生田大坪"],"6562123":[28,"洲本市","安乎町古宮"],"6560000":[28,"洲本市",""],"6560042":[28,"洲本市","池内"],"6561742":[28,"淡路市","浅野神田"],"6560411":[28,"南あわじ市","倭文高"],"6562305":[28,"淡路市","浦"],"6560545":[28,"南あわじ市","阿万西町"],"6562543":[28,"洲本市","由良町由良"],"6561551":[28,"淡路市","高山"],"6562332":[28,"淡路市","谷"],"6561333":[28,"洲本市","五色町広石上"],"6560043":[28,"洲本市","池田"],"6560332":[28,"南あわじ市","湊"],"6562144":[28,"淡路市","下司"],"6561317":[28,"洲本市","五色町鮎原小山田"],"6561301":[28,"洲本市","五色町都志"],"6560451":[28,"南あわじ市","神代社家"],"6562301":[28,"淡路市","楠本"],"6560413":[28,"南あわじ市","倭文流"],"6561723":[28,"淡路市","野島大川"],"6560308":[28,"南あわじ市","松帆宝明寺"],"6561322":[28,"洲本市","五色町鮎原上"],"6560461":[28,"南あわじ市","市円行寺"],"6560475":[28,"南あわじ市","市三條"],"6561734":[28,"淡路市","舟木"],"6562532":[28,"洲本市","中津川組"],"6560515":[28,"南あわじ市","賀集鍛治屋"],"6561313":[28,"洲本市","五色町鮎原西"],"6562321":[28,"淡路市","中持"],"6560501":[28,"南あわじ市","福良甲"],"6560303":[28,"南あわじ市","松帆江尻"],"6560004":[28,"洲本市","中川原町安坂"],"6562542":[28,"洲本市","由良町内田"],"6562163":[28,"淡路市","中田"],"6560141":[28,"南あわじ市","中条広田"],"6560024":[28,"洲本市","山手"],"6562451":[28,"淡路市","野島江崎"],"6560424":[28,"南あわじ市","榎列西川"],"6560327":[28,"南あわじ市","志知北"],"6560152":[28,"南あわじ市","倭文長田"],"6560433":[28,"南あわじ市","八木鳥井"],"6560122":[28,"南あわじ市","広田広田"],"6561325":[28,"洲本市","五色町鮎原南谷"],"6560111":[28,"洲本市","鮎屋"],"6560477":[28,"南あわじ市","市徳長"],"6562156":[28,"淡路市","大町下"],"6561554":[28,"淡路市","深草"],"6560017":[28,"洲本市","上内膳"],"6560001":[28,"洲本市","中川原町厚浜"],"6560428":[28,"南あわじ市","榎列掃守"],"6560054":[28,"洲本市","宇原"],"6561743":[28,"淡路市","斗ノ内"],"6561725":[28,"淡路市","野島江崎"],"6562124":[28,"洲本市","安乎町北谷"],"6560045":[28,"洲本市","木戸"],"6560432":[28,"南あわじ市","八木徳野"],"6561526":[28,"淡路市","中村"],"6560005":[28,"洲本市","中川原町市原"],"6560315":[28,"南あわじ市","松帆高屋"],"6562155":[28,"淡路市","大町上"],"6562311":[28,"淡路市","久留麻"],"6561735":[28,"淡路市","久野々"],"6560512":[28,"南あわじ市","賀集立川瀬"],"6560142":[28,"南あわじ市","中条徳原"],"6561327":[28,"洲本市","五色町鮎原田処"],"6562213":[28,"淡路市","佐野新島"],"6560426":[28,"南あわじ市","榎列大榎列"],"6560031":[28,"洲本市","千草"],"6560055":[28,"洲本市","大野"],"6561521":[28,"淡路市","多賀"],"6561331":[28,"洲本市","五色町都志大日"],"6560143":[28,"南あわじ市","中条中筋"],"6560441":[28,"南あわじ市","八木入田"],"6560324":[28,"南あわじ市","志知口"],"6562152":[28,"淡路市","木曽上"],"6562302":[28,"淡路市","大磯"],"6560541":[28,"南あわじ市","阿万上町"],"6560661":[28,"南あわじ市","阿那賀"],"6561531":[28,"淡路市","江井"],"6560013":[28,"洲本市","下加茂"],"6562141":[28,"淡路市","塩尾"],"6561726":[28,"淡路市","野島常盤"],"6561552":[28,"淡路市","入野"],"6562333":[28,"淡路市","下田"],"6560473":[28,"南あわじ市","市小井"],"6561324":[28,"洲本市","五色町鮎原三野畑"],"6561344":[28,"洲本市","五色町鳥飼浦"],"6560153":[28,"南あわじ市","倭文庄田"],"6560434":[28,"南あわじ市","八木国分"],"6560445":[28,"南あわじ市","八木馬回"],"6560311":[28,"南あわじ市","松帆戒旦寺"],"6561343":[28,"洲本市","五色町鳥飼中"],"6560474":[28,"南あわじ市","市市"],"6560025":[28,"洲本市","本町"],"6561323":[28,"洲本市","五色町鮎原塔下"],"6560026":[28,"洲本市","栄町"],"6560302":[28,"南あわじ市","松帆塩浜"],"6562533":[28,"洲本市","畑田組"],"6560307":[28,"南あわじ市","松帆檪田"],"6561522":[28,"淡路市","下河合"],"6562223":[28,"淡路市","生穂"],"6560423":[28,"南あわじ市","榎列下幡多"],"6562224":[28,"淡路市","大谷"],"6560306":[28,"南あわじ市","松帆慶野"],"6561335":[28,"洲本市","五色町広石下"],"6561724":[28,"淡路市","野島平林"],"6561312":[28,"洲本市","五色町鮎原吉田"],"6560427":[28,"南あわじ市","榎列松田"],"6560454":[28,"南あわじ市","神代喜来"],"6560533":[28,"南あわじ市","北阿万新田"],"6561558":[28,"淡路市","草香北"],"6560484":[28,"南あわじ市","志知佐礼尾"]}
