{"5750012":[27,"四條畷市","下田原"],"5750052":[27,"四條畷市","中野"],"5750001":[27,"四條畷市","砂"],"5750032":[27,"四條畷市","米崎町"],"5750033":[27,"四條畷市","美田町"],"5750023":[27,"四條畷市","楠公"],"5750015":[27,"四條畷市","さつきケ丘"],"5750045":[27,"四條畷市","雁屋西町"],"5750042":[27,"四條畷市","蔀屋本町"],"5750004":[27,"四條畷市","岡山"],"5750051":[27,"四條畷市","中野本町"],"5750036":[27,"四條畷市","雁屋南町"],"5750002":[27,"四條畷市","岡山"],"5750021":[27,"四條畷市","南野"],"5750034":[27,"四條畷市","江瀬美町"],"5750016":[27,"四條畷市","緑風台"],"5750022":[27,"四條畷市","南野"],"5750035":[27,"四條畷市","雁屋北町"],"5750003":[27,"四條畷市","岡山東"],"5750014":[27,"四條畷市","上田原"],"5750062":[27,"四條畷市","清滝新町"],"5750031":[27,"四條畷市","蔀屋"],"5750054":[27,"四條畷市","中野新町"],"5750043":[27,"四條畷市","北出町"],"5750013":[27,"四條畷市","田原台"],"5750044":[27,"四條畷市","二丁通町"],"5750061":[27,"四條畷市","清滝中町"],"5750000":[27,"四條畷市",""],"5750024":[27,"四條畷市","塚脇町"],"5750063":[27,"四條畷市","清瀧"],"5750041":[27,"四條畷市","蔀屋新町"],"5750011":[27,"四條畷市","逢阪"],"5750053":[27,"四條畷市","中野"]}
