{"7060301":[33,"玉野市","北方"],"7060316":[33,"玉野市","沼"],"7060028":[33,"玉野市","渋川"],"7060226":[33,"玉野市","東七区"],"7060026":[33,"玉野市","羽根崎町"],"7060001":[33,"玉野市","田井"],"7060132":[33,"玉野市","用吉"],"7060142":[33,"玉野市","迫間"],"7060314":[33,"玉野市","東野崎"],"7060221":[33,"玉野市","八浜町八浜"],"7060022":[33,"玉野市","向日比"],"7060141":[33,"玉野市","槌ケ原"],"7060306":[33,"玉野市","石島"],"7060153":[33,"玉野市","滝"],"7060012":[33,"玉野市","玉"],"7060134":[33,"玉野市","東高崎"],"7060011":[33,"玉野市","宇野"],"7060303":[33,"玉野市","上山坂"],"7060224":[33,"玉野市","八浜町大崎"],"7060154":[33,"玉野市","広岡"],"7060131":[33,"玉野市","東紅陽台"],"7060225":[33,"玉野市","南七区"],"7060317":[33,"玉野市","大薮"],"7060023":[33,"玉野市","深井町"],"7060133":[33,"玉野市","宇藤木"],"7060302":[33,"玉野市","下山坂"],"7060002":[33,"玉野市","築港"],"7060152":[33,"玉野市","永井"],"7060312":[33,"玉野市","東田井地"],"7060304":[33,"玉野市","番田"],"7060021":[33,"玉野市","和田"],"7060223":[33,"玉野市","八浜町波知"],"7060027":[33,"玉野市","日比"],"7060013":[33,"玉野市","奥玉"],"7060014":[33,"玉野市","玉原"],"7060315":[33,"玉野市","後閑"],"7060305":[33,"玉野市","胸上"],"7060025":[33,"玉野市","明神町"],"7060143":[33,"玉野市","木目"],"7060313":[33,"玉野市","西田井地"],"7060311":[33,"玉野市","梶岡"],"7060024":[33,"玉野市","御崎"],"7060151":[33,"玉野市","長尾"],"7060222":[33,"玉野市","八浜町見石"],"7060000":[33,"玉野市",""],"7060144":[33,"玉野市","小島地"]}
