{"6320003":[29,"天理市","岩屋町"],"6320081":[29,"天理市","二階堂上ノ庄町"],"6320025":[29,"天理市","藤井町"],"6320242":[29,"奈良市","都祁相河町"],"6320112":[29,"奈良市","針ケ別所町"],"6320004":[29,"天理市","櫟本町"],"6320046":[29,"天理市","三昧田町"],"6320000":[29,"天理市",""],"6320221":[29,"奈良市","都祁白石町"],"6320077":[29,"天理市","平等坊町"],"6320002":[29,"天理市","和爾町"],"6320022":[29,"天理市","苣原町"],"6320005":[29,"天理市","楢町"],"6320017":[29,"天理市","田部町"],"6320093":[29,"天理市","指柳町"],"6320203":[29,"宇陀市","室生深野"],"6320013":[29,"天理市","豊井町"],"6320036":[29,"天理市","御経野町"],"6320057":[29,"天理市","新泉町"],"6320121":[29,"天理市","山田町"],"6320031":[29,"天理市","内馬場町"],"6320021":[29,"天理市","滝本町"],"6320094":[29,"天理市","前栽町"],"6320034":[29,"天理市","丹波市町"],"6320243":[29,"奈良市","都祁小山戸町"],"6320123":[29,"天理市","長滝町"],"6320014":[29,"天理市","布留町"],"6320066":[29,"天理市","備前町"],"6320084":[29,"天理市","嘉幡町"],"6320078":[29,"天理市","杉本町"],"6320044":[29,"天理市","兵庫町"],"6320087":[29,"天理市","二階堂南菅田町"],"6320088":[29,"天理市","二階堂北菅田町"],"6320011":[29,"天理市","石上町"],"6320073":[29,"天理市","田町"],"6320204":[29,"宇陀市","室生小原"],"6320012":[29,"天理市","豊田町"],"6320048":[29,"天理市","園原町"],"6320075":[29,"天理市","西井戸堂町"],"6320033":[29,"天理市","勾田町"],"6320047":[29,"天理市","乙木町"],"6320122":[29,"天理市","福住町"],"6320064":[29,"天理市","海知町"],"6320023":[29,"天理市","下仁興町"],"6320056":[29,"天理市","岸田町"],"6320001":[29,"天理市","中之庄町"],"6320083":[29,"天理市","稲葉町"],"6320062":[29,"天理市","長柄町"],"6320065":[29,"天理市","武蔵町"],"6320207":[29,"宇陀市","室生無山"],"6320042":[29,"天理市","萱生町"],"6320071":[29,"天理市","田井庄町"],"6320244":[29,"奈良市","来迎寺町"],"6320061":[29,"天理市","永原町"],"6320024":[29,"天理市","上仁興町"],"6320063":[29,"天理市","西長柄町"],"6320245":[29,"奈良市","藺生町"],"6320091":[29,"天理市","上総町"],"6320043":[29,"天理市","佐保庄町"],"6320205":[29,"宇陀市","室生染田"],"6320251":[29,"奈良市","針町"],"6320092":[29,"天理市","小田中町"],"6320076":[29,"天理市","岩室町"],"6320055":[29,"天理市","遠田町"],"6320085":[29,"天理市","小島町"],"6320232":[29,"奈良市","都祁こぶしが丘"],"6320074":[29,"天理市","東井戸堂町"],"6320052":[29,"天理市","柳本町"],"6320067":[29,"天理市","吉田町"],"6320086":[29,"天理市","庵治町"],"6320068":[29,"天理市","合場町"],"6320098":[29,"天理市","南六条町"],"6320072":[29,"天理市","富堂町"],"6320241":[29,"奈良市","都祁南之庄町"],"6320069":[29,"天理市","九条町"],"6320035":[29,"天理市","守目堂町"],"6320041":[29,"天理市","竹之内町"],"6320113":[29,"奈良市","都祁馬場町"],"6320102":[29,"奈良市","上深川町"],"6320246":[29,"奈良市","都祁友田町"],"6320202":[29,"宇陀市","室生上笠間"],"6320103":[29,"奈良市","荻町"],"6320247":[29,"奈良市","都祁甲岡町"],"6320053":[29,"天理市","渋谷町"],"6320206":[29,"宇陀市","室生多田"],"6320231":[29,"奈良市","都祁吐山町"],"6320111":[29,"奈良市","小倉町"],"6320101":[29,"奈良市","下深川町"],"6320058":[29,"天理市","成願寺町"],"6320018":[29,"天理市","別所町"],"6320096":[29,"天理市","小路町"],"6320007":[29,"天理市","森本町"],"6320032":[29,"天理市","杣之内町"],"6320082":[29,"天理市","荒蒔町"],"6320051":[29,"天理市","中山町"],"6320201":[29,"宇陀市","室生下笠間"],"6320006":[29,"天理市","蔵之庄町"],"6320095":[29,"天理市","喜殿町"],"6320016":[29,"天理市","川原城町"],"6320045":[29,"天理市","福知堂町"],"6320097":[29,"天理市","中町"],"6320015":[29,"天理市","三島町"],"6320054":[29,"天理市","檜垣町"]}
