{"3091735":[8,"笠間市","友部駅前"],"3091116":[8,"筑西市","横塚"],"3091204":[8,"桜川市","久原"],"3091342":[8,"桜川市","間中"],"3091602":[8,"笠間市","池野辺"],"3091227":[8,"桜川市","本郷"],"3091127":[8,"筑西市","桑山"],"3091724":[8,"笠間市","大古山"],"3091112":[8,"筑西市","八幡"],"3091234":[8,"桜川市","阿部田"],"3091223":[8,"桜川市","鍬田"],"3091611":[8,"笠間市","笠間"],"3091215":[8,"桜川市","御領"],"3091726":[8,"笠間市","下加賀田"],"3091466":[8,"桜川市","猿田"],"3091336":[8,"桜川市","小塩"],"3091622":[8,"笠間市","南吉原"],"3091721":[8,"笠間市","橋爪"],"3091331":[8,"桜川市","平澤"],"3091464":[8,"桜川市","今泉"],"3091232":[8,"桜川市","大曽根"],"3091216":[8,"桜川市","明日香"],"3091452":[8,"桜川市","加茂部"],"3091115":[8,"筑西市","蓮沼"],"3091123":[8,"筑西市","下郷谷"],"3091605":[8,"笠間市","飯田"],"3091462":[8,"桜川市","曽根"],"3091713":[8,"笠間市","柏井"],"3091103":[8,"筑西市","久地楽"],"3091126":[8,"筑西市","清水"],"3091704":[8,"笠間市","美原"],"3091722":[8,"笠間市","平町"],"3091725":[8,"笠間市","南小泉"],"3091616":[8,"笠間市","赤坂"],"3091737":[8,"笠間市","中央"],"3091213":[8,"桜川市","西桜川"],"3091738":[8,"笠間市","大田町"],"3091211":[8,"桜川市","岩瀬"],"3091108":[8,"筑西市","井出蛯沢"],"3091244":[8,"桜川市","大国玉"],"3091200":[8,"桜川市",""],"3091613":[8,"笠間市","石井"],"3091604":[8,"笠間市","大渕"],"3091717":[8,"笠間市","旭町"],"3091715":[8,"笠間市","湯崎"],"3091635":[8,"笠間市","稲田"],"3091205":[8,"桜川市","堤上"],"3091231":[8,"桜川市","本木"],"3091114":[8,"筑西市","細田"],"3091632":[8,"笠間市","飯合"],"3091346":[8,"桜川市","中里"],"3091456":[8,"桜川市","青柳"],"3091242":[8,"桜川市","羽田"],"3091607":[8,"笠間市","石寺"],"3091102":[8,"筑西市","蓬田"],"3091624":[8,"笠間市","北吉原"],"3091233":[8,"桜川市","東飯田"],"3091454":[8,"桜川市","上城"],"3091344":[8,"桜川市","南飯田"],"3091106":[8,"筑西市","新治"],"3091224":[8,"桜川市","中泉"],"3091245":[8,"桜川市","金敷"],"3091221":[8,"桜川市","西飯岡"],"3091222":[8,"桜川市","長方"],"3091733":[8,"笠間市","下市原"],"3091333":[8,"桜川市","山口"],"3091203":[8,"桜川市","富岡"],"3091702":[8,"笠間市","五平"],"3091451":[8,"桜川市","西小塙"],"3091705":[8,"笠間市","東平"],"3091124":[8,"筑西市","知行"],"3091615":[8,"笠間市","金井"],"3091465":[8,"桜川市","木植"],"3091703":[8,"笠間市","鯉淵"],"3091457":[8,"桜川市","磯部"],"3091606":[8,"笠間市","日沢"],"3091125":[8,"筑西市","大島"],"3091117":[8,"筑西市","向川澄"],"3091337":[8,"桜川市","福崎"],"3091637":[8,"笠間市","片庭"],"3091214":[8,"桜川市","東桜川"],"3091734":[8,"笠間市","南友部"],"3091343":[8,"桜川市","亀岡"],"3091201":[8,"桜川市","大泉"],"3091105":[8,"筑西市","三郷"],"3091623":[8,"笠間市","上加賀田"],"3091625":[8,"笠間市","来栖"],"3091217":[8,"桜川市","犬田"],"3091113":[8,"筑西市","柳"],"3091716":[8,"笠間市","住吉"],"3091736":[8,"笠間市","八雲"],"3091212":[8,"桜川市","富士見台"],"3091712":[8,"笠間市","長兎路"],"3091111":[8,"筑西市","上星谷"],"3091335":[8,"桜川市","大月"],"3091121":[8,"筑西市","谷永島"],"3091104":[8,"筑西市","古郡"],"3091601":[8,"笠間市","大橋"],"3091711":[8,"笠間市","随分附"],"3091633":[8,"笠間市","本戸"],"3091626":[8,"笠間市","下市毛"],"3091202":[8,"桜川市","飯淵"],"3091347":[8,"桜川市","富谷"],"3091701":[8,"笠間市","小原"],"3091636":[8,"笠間市","大郷戸"],"3091614":[8,"笠間市","寺崎"],"3091225":[8,"桜川市","下泉"],"3091634":[8,"笠間市","福原"],"3091246":[8,"桜川市","高森"],"3091731":[8,"笠間市","上市原"],"3091122":[8,"筑西市","下星谷"],"3091455":[8,"桜川市","水戸"],"3091226":[8,"桜川市","上野原地新田"],"3091453":[8,"桜川市","友部"],"3091107":[8,"筑西市","門井"],"3091600":[8,"笠間市",""],"3091345":[8,"桜川市","入野"],"3091461":[8,"桜川市","松田"],"3091612":[8,"笠間市","日草場"],"3091241":[8,"桜川市","青木"],"3091101":[8,"筑西市","小栗"],"3091463":[8,"桜川市","高幡"],"3091714":[8,"笠間市","仁古田"],"3091706":[8,"笠間市","鴻巣"],"3091723":[8,"笠間市","矢野下"],"3091332":[8,"桜川市","池亀"],"3091621":[8,"笠間市","手越"],"3091631":[8,"笠間市","箱田"],"3091334":[8,"桜川市","坂本"],"3091603":[8,"笠間市","福田"],"3091341":[8,"桜川市","門毛"],"3091458":[8,"桜川市","稲"],"3091732":[8,"笠間市","中市原"],"3091243":[8,"桜川市","高久"]}
