{"2470023":[14,"横浜市栄区","長倉町"],"2470024":[14,"横浜市栄区","野七里"],"2470028":[14,"横浜市栄区","亀井町"],"2470064":[14,"鎌倉市","寺分"],"2470062":[14,"鎌倉市","山ノ内"],"2470002":[14,"横浜市栄区","小山台"],"2470033":[14,"横浜市栄区","桂台南"],"2470000":[14,"横浜市栄区",""],"2470025":[14,"横浜市栄区","上之町"],"2470063":[14,"鎌倉市","梶原"],"2470027":[14,"横浜市栄区","尾月"],"2470051":[14,"鎌倉市","岩瀬"],"2470012":[14,"横浜市栄区","若竹町"],"2470055":[14,"鎌倉市","小袋谷"],"2470065":[14,"鎌倉市","上町屋"],"2470032":[14,"横浜市栄区","桂台東"],"2470053":[14,"鎌倉市","今泉台"],"2470072":[14,"鎌倉市","岡本"],"2470005":[14,"横浜市栄区","桂町"],"2470026":[14,"横浜市栄区","犬山町"],"2470066":[14,"鎌倉市","山崎"],"2470006":[14,"横浜市栄区","笠間"],"2470071":[14,"鎌倉市","玉縄"],"2470073":[14,"鎌倉市","植木"],"2470014":[14,"横浜市栄区","公田町"],"2470009":[14,"横浜市栄区","鍛冶ケ谷"],"2470007":[14,"横浜市栄区","小菅ケ谷"],"2470008":[14,"横浜市栄区","本郷台"],"2470061":[14,"鎌倉市","台"],"2470035":[14,"横浜市栄区","桂台西"],"2470075":[14,"鎌倉市","関谷"],"2470056":[14,"鎌倉市","大船"],"2470013":[14,"横浜市栄区","上郷町"],"2470031":[14,"横浜市栄区","桂台北"],"2470074":[14,"鎌倉市","城廻"],"2470022":[14,"横浜市栄区","庄戸"],"2470003":[14,"横浜市栄区","鍛冶ケ谷町"],"2470052":[14,"鎌倉市","今泉"],"2470054":[14,"鎌倉市","高野"],"2470011":[14,"横浜市栄区","元大橋"],"2470001":[14,"横浜市栄区","小菅ケ谷町"],"2470021":[14,"横浜市栄区","東上郷町"],"2470004":[14,"横浜市栄区","柏陽"],"2470015":[14,"横浜市栄区","中野町"],"2470034":[14,"横浜市栄区","桂台中"]}
