{"6590065":[28,"芦屋市","公光町"],"6590062":[28,"芦屋市","宮塚町"],"6590023":[28,"芦屋市","大東町"],"6590068":[28,"芦屋市","業平町"],"6590024":[28,"芦屋市","南宮町"],"6590012":[28,"芦屋市","朝日ケ丘町"],"6590071":[28,"芦屋市","前田町"],"6590063":[28,"芦屋市","宮川町"],"6590028":[28,"芦屋市","打出小槌町"],"6590085":[28,"芦屋市","西芦屋町"],"6590014":[28,"芦屋市","翠ケ丘町"],"6590004":[28,"芦屋市","奥池南町"],"6590011":[28,"芦屋市","六麓荘町"],"6590074":[28,"芦屋市","平田町"],"6590042":[28,"芦屋市","緑町"],"6590083":[28,"芦屋市","西山町"],"6590075":[28,"芦屋市","津知町"],"6590055":[28,"芦屋市","竹園町"],"6590094":[28,"芦屋市","松ノ内町"],"6590053":[28,"芦屋市","松浜町"],"6590022":[28,"芦屋市","打出町"],"6590032":[28,"芦屋市","浜風町"],"6590095":[28,"芦屋市","東芦屋町"],"6590052":[28,"芦屋市","伊勢町"],"6590076":[28,"芦屋市","清水町"],"6590067":[28,"芦屋市","茶屋之町"],"6590066":[28,"芦屋市","大桝町"],"6590086":[28,"芦屋市","三条南町"],"6590081":[28,"芦屋市","城山"],"6590096":[28,"芦屋市","山手町"],"6590027":[28,"芦屋市","若宮町"],"6590051":[28,"芦屋市","呉川町"],"6590043":[28,"芦屋市","潮見町"],"6590034":[28,"芦屋市","陽光町"],"6590092":[28,"芦屋市","大原町"],"6590093":[28,"芦屋市","船戸町"],"6590084":[28,"芦屋市","月若町"],"6590033":[28,"芦屋市","高浜町"],"6590021":[28,"芦屋市","春日町"],"6590001":[28,"芦屋市","剣谷"],"6590015":[28,"芦屋市","楠町"],"6590061":[28,"芦屋市","上宮川町"],"6590087":[28,"芦屋市","三条町"],"6590026":[28,"芦屋市","西蔵町"],"6590041":[28,"芦屋市","若葉町"],"6590054":[28,"芦屋市","浜芦屋町"],"6590031":[28,"芦屋市","新浜町"],"6590082":[28,"芦屋市","山芦屋町"],"6590013":[28,"芦屋市","岩園町"],"6590072":[28,"芦屋市","川西町"],"6590073":[28,"芦屋市","平田北町"],"6590064":[28,"芦屋市","精道町"],"6590036":[28,"芦屋市","涼風町"],"6590091":[28,"芦屋市","東山町"],"6590025":[28,"芦屋市","浜町"],"6590002":[28,"芦屋市","奥山"],"6590016":[28,"芦屋市","親王塚町"],"6590003":[28,"芦屋市","奥池町"],"6590000":[28,"芦屋市",""],"6590037":[28,"芦屋市","南浜町"],"6590035":[28,"芦屋市","海洋町"]}
