{"6751341":[28,"小野市","西脇町"],"6752223":[28,"加西市","三口町"],"6752352":[28,"加西市","谷口町"],"6752441":[28,"加西市","越水町"],"6750034":[28,"加古川市","加古川町稲屋"],"6750009":[28,"加古川市","神野町西条"],"6752105":[28,"加西市","下宮木町"],"6751125":[28,"加古郡稲美町","和田"],"6751217":[28,"加古川市","上荘町薬栗"],"6750025":[28,"加古川市","尾上町養田"],"6750344":[28,"加古川市","志方町東飯坂"],"6750002":[28,"加古川市","山手"],"6750347":[28,"加古川市","志方町永室"],"6752312":[28,"加西市","北条町北条"],"6751317":[28,"小野市","浄谷町"],"6750022":[28,"加古川市","尾上町口里"],"6750007":[28,"加古川市","神野町西之山"],"6751360":[28,"小野市","喜多町"],"6752101":[28,"加西市","繁昌町"],"6751366":[28,"小野市","中島町"],"6751203":[28,"加古川市","八幡町下村"],"6751326":[28,"小野市","池尻町"],"6751202":[28,"加古川市","八幡町野村"],"6751111":[28,"加古郡稲美町","印南"],"6751334":[28,"小野市","大島町"],"6752335":[28,"加西市","西横田町"],"6750013":[28,"加古川市","野口町二屋"],"6751331":[28,"小野市","神明町"],"6751235":[28,"加古川市","平荘町小畑"],"6751213":[28,"加古川市","上荘町国包"],"6752465":[28,"加西市","上芥田町"],"6750053":[28,"加古川市","米田町船頭"],"6751105":[28,"加古郡稲美町","加古"],"6752455":[28,"加西市","大内町"],"6752424":[28,"加西市","野上町"],"6752364":[28,"加西市","窪田町"],"6750306":[28,"加古川市","志方町東中"],"6751303":[28,"小野市","池田町"],"6750124":[28,"加古川市","別府町緑町"],"6751376":[28,"小野市","丸山町"],"6752324":[28,"加西市","北条町東南"],"6751364":[28,"小野市","鹿野町"],"6752232":[28,"加西市","戸田井町"],"6750105":[28,"加古川市","平岡町つつじ野"],"6752403":[28,"加西市","小印南町"],"6752336":[28,"加西市","坂元町"],"6752425":[28,"加西市","池上町"],"6750019":[28,"加古川市","野口町水足"],"6750016":[28,"加古川市","野口町長砂"],"6750336":[28,"加古川市","志方町山中"],"6751308":[28,"小野市","中番町"],"6750037":[28,"加古川市","加古川町本町"],"6752461":[28,"加西市","佐谷町"],"6750147":[28,"加古郡播磨町","南大中"],"6750101":[28,"加古川市","平岡町新在家"],"6750055":[28,"加古川市","東神吉町西井ノ口"],"6750151":[28,"加古郡播磨町","野添"],"6750141":[28,"加古郡播磨町","野添城"],"6751359":[28,"小野市","昭和町"],"6750035":[28,"加古川市","加古川町友沢"],"6752301":[28,"加西市","北条町小谷"],"6751102":[28,"加古郡稲美町","草谷"],"6752111":[28,"加西市","桑原田町"],"6750067":[28,"加古川市","加古川町河原"],"6751232":[28,"加古川市","平荘町里"],"6750133":[28,"加古川市","別府町西町"],"6752213":[28,"加西市","西笠原町"],"6751100":[28,"加古郡稲美町",""],"6750332":[28,"加古川市","志方町横大路"],"6750021":[28,"加古川市","尾上町安田"],"6752401":[28,"加西市","国正町"],"6750155":[28,"加古郡播磨町","新島"],"6751115":[28,"加古郡稲美町","国岡"],"6752363":[28,"加西市","吸谷町"],"6752331":[28,"加西市","東横田町"],"6750114":[28,"加古川市","平岡町八反田"],"6751354":[28,"小野市","河合西町"],"6751323":[28,"小野市","榊町"],"6751372":[28,"小野市","本町"],"6751337":[28,"小野市","久茂町"],"6752432":[28,"加西市","満久町"],"6751225":[28,"加古川市","平荘町中山"],"6750003":[28,"加古川市","神野町神野"],"6752431":[28,"加西市","島町"],"6750042":[28,"加古川市","西神吉町西村"],"6750121":[28,"加古川市","別府町新野辺北町"],"6752464":[28,"加西市","下芥田町"],"6751322":[28,"小野市","匠台"],"6751342":[28,"小野市","阿形町"],"6752445":[28,"加西市","殿原町"],"6752234":[28,"加西市","大村町"],"6751218":[28,"加古川市","上荘町小野"],"6750304":[28,"加古川市","志方町高畑"],"6752203":[28,"加西市","牛居町"],"6751363":[28,"小野市","古川町"],"6750126":[28,"加古川市","別府町本町"],"6751313":[28,"小野市","大開町"],"6750156":[28,"加古郡播磨町","東本荘"],"6750044":[28,"加古川市","西神吉町大国"],"6750054":[28,"加古川市","米田町平津"],"6752222":[28,"加西市","坂本町"],"6750112":[28,"加古川市","平岡町山之上"],"6751233":[28,"加古川市","平荘町池尻"],"6752233":[28,"加西市","両月町"],"6751332":[28,"小野市","中町"],"6750011":[28,"加古川市","野口町北野"],"6750063":[28,"加古川市","加古川町平野"],"6750331":[28,"加古川市","志方町西牧"],"6751344":[28,"小野市","下来住町"],"6750122":[28,"加古川市","別府町別府"],"6752113":[28,"加西市","網引町"],"6751201":[28,"加古川市","八幡町宗佐"],"6751353":[28,"小野市","河合中町"],"6751103":[28,"加古郡稲美町","野谷"],"6752332":[28,"加西市","鎮岩町"],"6750024":[28,"加古川市","尾上町長田"],"6751309":[28,"小野市","福住町"],"6752402":[28,"加西市","田谷町"],"6750125":[28,"加古川市","別府町西脇"],"6751221":[28,"加古川市","平荘町山角"],"6752451":[28,"加西市","上万願寺町"],"6752365":[28,"加西市","畑町"],"6751304":[28,"小野市","中谷町"],"6752302":[28,"加西市","北条町栗田"],"6752346":[28,"加西市","東剣坂町"],"6752242":[28,"加西市","尾崎町"],"6752413":[28,"加西市","青野町"],"6750043":[28,"加古川市","西神吉町中西"],"6750038":[28,"加古川市","加古川町木村"],"6751224":[28,"加古川市","平荘町上原"],"6750111":[28,"加古川市","平岡町二俣"],"6751116":[28,"加古郡稲美町","蛸草"],"6752343":[28,"加西市","中山町"],"6750036":[28,"加古川市","加古川町西河原"],"6750313":[28,"加古川市","志方町投松"],"6751212":[28,"加古川市","上荘町井ノ口"],"6751371":[28,"小野市","黒川町"],"6751126":[28,"加古郡稲美町","幸竹"],"6750146":[28,"加古郡播磨町","古田"],"6751343":[28,"小野市","来住町"],"6752321":[28,"加西市","北条町東高室"],"6751369":[28,"小野市","高田町"],"6751350":[28,"小野市","南青野町"],"6750015":[28,"加古川市","野口町坂井"],"6750134":[28,"加古川市","別府町元町"],"6751316":[28,"小野市","天神町"],"6750102":[28,"加古川市","平岡町西谷"],"6750068":[28,"加古川市","加古川町中津"],"6750162":[28,"加古郡播磨町","二子"],"6751375":[28,"小野市","西本町"],"6752112":[28,"加西市","栄町"],"6752204":[28,"加西市","新生町"],"6752444":[28,"加西市","鴨谷町"],"6751321":[28,"小野市","山田町"],"6750142":[28,"加古郡播磨町","大中"],"6750017":[28,"加古川市","野口町良野"],"6751223":[28,"加古川市","平荘町新中山"],"6751312":[28,"小野市","栄町"],"6751311":[28,"小野市","万勝寺町"],"6750123":[28,"加古川市","別府町朝日町"],"6752311":[28,"加西市","北条町横尾"],"6752453":[28,"加西市","上道山町"],"6751373":[28,"小野市","東本町"],"6750039":[28,"加古川市","加古川町粟津"],"6750041":[28,"加古川市","西神吉町宮前"],"6750334":[28,"加古川市","志方町成井"],"6750051":[28,"加古川市","東神吉町升田"],"6750027":[28,"加古川市","尾上町今福"],"6751336":[28,"小野市","下大部町"],"6752414":[28,"加西市","馬渡谷町"],"6752323":[28,"加西市","北条町西南"],"6750128":[28,"加古川市","別府町中島町"],"6751333":[28,"小野市","垂井町"],"6751315":[28,"小野市","日吉町"],"6752452":[28,"加西市","下万願寺町"],"6751379":[28,"小野市","上本町"],"6750163":[28,"加古郡播磨町","古宮"],"6752202":[28,"加西市","野条町"],"6752333":[28,"加西市","岸呂町"],"6750010":[28,"加古川市","野口町坂元北"],"6751352":[28,"小野市","青野ケ原町"],"6751328":[28,"小野市","二葉町"],"6752354":[28,"加西市","山下町"],"6750321":[28,"加古川市","志方町志方町"],"6752361":[28,"加西市","谷町"],"6752434":[28,"加西市","上野町"],"6750061":[28,"加古川市","加古川町大野"],"6750004":[28,"加古川市","神野町福留"],"6751113":[28,"加古郡稲美町","岡"],"6752114":[28,"加西市","田原町"],"6750157":[28,"加古郡播磨町","上野添"],"6750301":[28,"加古川市","志方町大澤"],"6750159":[28,"加古郡播磨町","東野添"],"6750127":[28,"加古川市","別府町石町"],"6751306":[28,"小野市","船木町"],"6751205":[28,"加古川市","八幡町中西条"],"6751123":[28,"加古郡稲美町","国北"],"6751305":[28,"小野市","脇本町"],"6750046":[28,"加古川市","西神吉町辻"],"6750137":[28,"加古川市","金沢町"],"6751357":[28,"小野市","三和町"],"6750000":[28,"加古川市",""],"6751362":[28,"小野市","久保木町"],"6750064":[28,"加古川市","加古川町溝之口"],"6750065":[28,"加古川市","加古川町篠原町"],"6750302":[28,"加古川市","志方町野尻"],"6750305":[28,"加古川市","志方町大宗"],"6750012":[28,"加古川市","野口町野口"],"6750145":[28,"加古郡播磨町","宮西"],"6752103":[28,"加西市","鶉野町"],"6750311":[28,"加古川市","志方町岡"],"6750117":[28,"加古川市","平岡町一色西"],"6751374":[28,"小野市","本町"],"6752322":[28,"加西市","北条町西高室"],"6750314":[28,"加古川市","志方町上冨木"],"6751104":[28,"加古郡稲美町","野寺"],"6751215":[28,"加古川市","上荘町都台"],"6751234":[28,"加古川市","平荘町西山"],"6751112":[28,"加古郡稲美町","六分一"],"6750343":[28,"加古川市","志方町行常"],"6751127":[28,"加古郡稲美町","中一色"],"6750058":[28,"加古川市","東神吉町天下原"],"6750335":[28,"加古川市","志方町原"],"6751325":[28,"小野市","樫山町"],"6751365":[28,"小野市","広渡町"],"6752421":[28,"加西市","河内町"],"6752303":[28,"加西市","北条町古坂"],"6752463":[28,"加西市","広原町"],"6750135":[28,"加古川市","別府町東町"],"6751211":[28,"加古川市","上荘町白沢"],"6750100":[28,"加古郡播磨町",""],"6752456":[28,"加西市","若井町"],"6750023":[28,"加古川市","尾上町池田"],"6750032":[28,"加古川市","加古川町備後"],"6752433":[28,"加西市","北町"],"6751368":[28,"小野市","住永町"],"6750131":[28,"加古川市","別府町新野辺"],"6752443":[28,"加西市","笹倉町"],"6750008":[28,"加古川市","新神野"],"6752366":[28,"加西市","西谷町"],"6752211":[28,"加西市","野田町"],"6750103":[28,"加古川市","平岡町高畑"],"6751300":[28,"小野市",""],"6752345":[28,"加西市","西剣坂町"],"6752241":[28,"加西市","段下町"],"6750341":[28,"加古川市","志方町畑"],"6750033":[28,"加古川市","加古川町南備後"],"6750143":[28,"加古郡播磨町","宮北"],"6750158":[28,"加古郡播磨町","北野添"],"6751236":[28,"加古川市","平荘町一本松"],"6750132":[28,"加古川市","別府町宮田町"],"6750144":[28,"加古郡播磨町","北本荘"],"6751122":[28,"加古郡稲美町","中村"],"6751358":[28,"小野市","粟生町"],"6752313":[28,"加西市","北条町黒駒"],"6751114":[28,"加古郡稲美町","国安"],"6752102":[28,"加西市","中野町"],"6750345":[28,"加古川市","志方町西飯坂"],"6752104":[28,"加西市","上宮木町"],"6752344":[28,"加西市","大柳町"],"6752351":[28,"加西市","福居町"],"6752442":[28,"加西市","中富町"],"6751216":[28,"加古川市","上荘町都染"],"6751378":[28,"小野市","王子町"],"6752243":[28,"加西市","中西町"],"6750047":[28,"加古川市","西神吉町鼎"],"6750136":[28,"加古川市","別府町港町"],"6750026":[28,"加古川市","尾上町旭"],"6750346":[28,"加古川市","志方町西中"],"6750312":[28,"加古川市","志方町広尾"],"6750018":[28,"加古川市","野口町坂元"],"6752411":[28,"加西市","大工町"],"6751351":[28,"小野市","桜台"],"6752353":[28,"加西市","吉野町"],"6751231":[28,"加古川市","平荘町養老"],"6752454":[28,"加西市","下道山町"],"6751367":[28,"小野市","敷地町"],"6751327":[28,"小野市","市場町"],"6750001":[28,"加古川市","西条山手"],"6752362":[28,"加西市","西上野町"],"6751206":[28,"加古川市","八幡町船町"],"6751204":[28,"加古川市","八幡町上西条"],"6750148":[28,"加古郡播磨町","北古田"],"6750052":[28,"加古川市","東神吉町出河原"],"6751361":[28,"小野市","住吉町"],"6750006":[28,"加古川市","神野町日岡苑"],"6750014":[28,"加古川市","野口町古大内"],"6752342":[28,"加西市","西長町"],"6750062":[28,"加古川市","加古川町美乃利"],"6751214":[28,"加古川市","上荘町見土呂"],"6751222":[28,"加古川市","平荘町神木"],"6751307":[28,"小野市","菅田町"],"6751124":[28,"加古郡稲美町","森安"],"6751335":[28,"小野市","片山町"],"6750045":[28,"加古川市","西神吉町岸"],"6751302":[28,"小野市","曽根町"],"6751226":[28,"加古川市","平荘町磐"],"6752423":[28,"加西市","和泉町"],"6750342":[28,"加古川市","志方町雑郷"],"6751345":[28,"小野市","黍田町"],"6750333":[28,"加古川市","志方町西山"],"6751355":[28,"小野市","新部町"],"6750066":[28,"加古川市","加古川町寺家町"],"6752341":[28,"加西市","東長町"],"6751318":[28,"小野市","北丘町"],"6750113":[28,"加古川市","平岡町中野"],"6752412":[28,"加西市","鍛治屋町"],"6750116":[28,"加古川市","平岡町一色東"],"6750164":[28,"加古郡播磨町","東新島"],"6751301":[28,"小野市","小田町"],"6752404":[28,"加西市","油谷町"],"6752462":[28,"加西市","別所町"],"6752426":[28,"加西市","西野々町"],"6751101":[28,"加古郡稲美町","下草谷"],"6751121":[28,"加古郡稲美町","北山"],"6752212":[28,"加西市","東笠原町"],"6751338":[28,"小野市","田園町"],"6750005":[28,"加古川市","神野町石守"],"6750104":[28,"加古川市","平岡町土山"],"6752334":[28,"加西市","福住町"],"6752221":[28,"加西市","倉谷町"],"6750150":[28,"加古郡播磨町","南野添"],"6750303":[28,"加古川市","志方町細工所"],"6751314":[28,"小野市","長尾町"],"6750056":[28,"加古川市","東神吉町砂部"],"6752422":[28,"加西市","山田町"],"6751356":[28,"小野市","旭町"],"6750057":[28,"加古川市","東神吉町神吉"],"6751346":[28,"小野市","福甸町"],"6750031":[28,"加古川市","加古川町北在家"],"6752231":[28,"加西市","王子町"],"6752337":[28,"加西市","市村町"],"6750154":[28,"加古郡播磨町","本荘"],"6752201":[28,"加西市","琵琶甲町"],"6751377":[28,"小野市","葉多町"],"6751324":[28,"小野市","育ケ丘町"],"6750115":[28,"加古川市","平岡町一色"],"6750160":[28,"加古郡播磨町","西野添"]}
