{"4840804":[23,"犬山市","羽黒桜海道"],"4840007":[23,"犬山市","十三塚"],"4840965":[23,"犬山市","下榎島"],"4840959":[23,"犬山市","北平塚"],"4840003":[23,"犬山市","善師野"],"4840095":[23,"犬山市","塔野地杉"],"4840895":[23,"犬山市","羽黒摺墨"],"4840038":[23,"犬山市","東片草"],"4840868":[23,"犬山市","東北野"],"4840936":[23,"犬山市","楽田青塚"],"4840871":[23,"犬山市","前並"],"4840005":[23,"犬山市","今井"],"4840874":[23,"犬山市","楽田今村"],"4840957":[23,"犬山市","五反田"],"4840905":[23,"犬山市","西北野"],"4840821":[23,"犬山市","山崎西"],"4840802":[23,"犬山市","羽黒安戸西"],"4840055":[23,"犬山市","牛岩"],"4840806":[23,"犬山市","羽黒朝日"],"4840823":[23,"犬山市","北大門"],"4840815":[23,"犬山市","郷東"],"4840825":[23,"犬山市","常福寺洞"],"4840009":[23,"犬山市","田口"],"4840854":[23,"犬山市","裏ノ門"],"4840024":[23,"犬山市","喜六屋敷"],"4840842":[23,"犬山市","下小針"],"4840817":[23,"犬山市","郷西"],"4840902":[23,"犬山市","追分"],"4840827":[23,"犬山市","薬師前"],"4840876":[23,"犬山市","山神"],"4840093":[23,"犬山市","富岡東"],"4840819":[23,"犬山市","楽田長塚西"],"4840889":[23,"犬山市","羽黒高橋"],"4840059":[23,"犬山市","上坂町"],"4840892":[23,"犬山市","羽黒惣境"],"4840049":[23,"犬山市","前田面"],"4840924":[23,"犬山市","楽田大橋"],"4840064":[23,"犬山市","前原西"],"4840903":[23,"犬山市","追分東"],"4840813":[23,"犬山市","山ノ田腰"],"4840011":[23,"犬山市","北高根"],"4840866":[23,"犬山市","寺西"],"4840032":[23,"犬山市","池野安楽寺"],"4840083":[23,"犬山市","東古券"],"4840811":[23,"犬山市","楽田長塚東"],"4840018":[23,"犬山市","佐ケ瀬"],"4840099":[23,"犬山市","富岡新町"],"4840015":[23,"犬山市","御殿屋敷"],"4840047":[23,"犬山市","内久保"],"4840814":[23,"犬山市","高根"],"4840036":[23,"犬山市","西桑原"],"4840091":[23,"犬山市","継鹿尾"],"4840063":[23,"犬山市","前原南"],"4840831":[23,"犬山市","堂屋敷"],"4840886":[23,"犬山市","宮浦"],"4840053":[23,"犬山市","石畑"],"4840079":[23,"犬山市","木津"],"4840862":[23,"犬山市","石塚"],"4840897":[23,"犬山市","羽黒堂前"],"4840844":[23,"犬山市","鷺山"],"4840931":[23,"犬山市","南大橋"],"4840877":[23,"犬山市","楽田東追分"],"4840888":[23,"犬山市","羽黒新田"],"4840839":[23,"犬山市","桃山台"],"4840947":[23,"犬山市","楽田大円"],"4840014":[23,"犬山市","郷中"],"4840092":[23,"犬山市","富岡"],"4840934":[23,"犬山市","中唐曽"],"4840925":[23,"犬山市","楽田西野"],"4840885":[23,"犬山市","楽田原西"],"4840853":[23,"犬山市","横町"],"4840907":[23,"犬山市","楽田地蔵池"],"4840928":[23,"犬山市","七ツ屋"],"4840042":[23,"犬山市","二本木"],"4840952":[23,"犬山市","上舞台"],"4840012":[23,"犬山市","南高根"],"4840878":[23,"犬山市","栗林"],"4840048":[23,"犬山市","楽田内久保"],"4840912":[23,"犬山市","舟田"],"4840021":[23,"犬山市","杁下"],"4840962":[23,"犬山市","落添"],"4840828":[23,"犬山市","薬師浦"],"4840826":[23,"犬山市","山ノ鼻"],"4840000":[23,"犬山市",""],"4840943":[23,"犬山市","巾前"],"4840945":[23,"犬山市","青塚"],"4840864":[23,"犬山市","番前"],"4840013":[23,"犬山市","寺洞"],"4840942":[23,"犬山市","楽田巾"],"4840816":[23,"犬山市","楽田原東"],"4840044":[23,"犬山市","下屋敷"],"4840004":[23,"犬山市","善師野台"],"4840917":[23,"犬山市","土取"],"4840029":[23,"犬山市","西洞"],"4840835":[23,"犬山市","蓮池"],"4840851":[23,"犬山市","烏杜"],"4840857":[23,"犬山市","外屋敷"],"4840027":[23,"犬山市","倉曽洞"],"4840022":[23,"犬山市","白山洞"],"4840919":[23,"犬山市","中道"],"4840872":[23,"犬山市","岩田"],"4840097":[23,"犬山市","塔野地北"],"4840002":[23,"犬山市","栗栖"],"4840085":[23,"犬山市","西古券"],"4840964":[23,"犬山市","上榎島"],"4840966":[23,"犬山市","五郎丸二タ俣"],"4840019":[23,"犬山市","四季の丘"],"4840082":[23,"犬山市","北古券"],"4840911":[23,"犬山市","北之門"],"4840023":[23,"犬山市","堤下"],"4840923":[23,"犬山市","下沼"],"4840891":[23,"犬山市","羽黒恩田島"],"4840076":[23,"犬山市","橋爪"],"4840824":[23,"犬山市","北洞"],"4840812":[23,"犬山市","山ノ田"],"4840845":[23,"犬山市","高坪"],"4840843":[23,"犬山市","楽田打越"],"4840037":[23,"犬山市","西片草"],"4840914":[23,"犬山市","観音浦"],"4840901":[23,"犬山市","柿畑"],"4840863":[23,"犬山市","野田"],"4840006":[23,"犬山市","八曽"],"4840087":[23,"犬山市","中山町"],"4840896":[23,"犬山市","羽黒余町"],"4840096":[23,"犬山市","塔野地西"],"4840869":[23,"犬山市","惣作"],"4840025":[23,"犬山市","野中"],"4840855":[23,"犬山市","小洞"],"4840065":[23,"犬山市","五郎丸東"],"4840805":[23,"犬山市","羽黒新外山"],"4840933":[23,"犬山市","東唐曽"],"4840961":[23,"犬山市","太吉屋敷"],"4840867":[23,"犬山市","九左エ門廻り"],"4840098":[23,"犬山市","富岡南"],"4840834":[23,"犬山市","宮山"],"4840016":[23,"犬山市","藪ケ洞"],"4840875":[23,"犬山市","林吾塚"],"4840881":[23,"犬山市","羽黒成海西"],"4840031":[23,"犬山市","東桑原"],"4840958":[23,"犬山市","平塚"],"4840052":[23,"犬山市","早稲田"],"4840057":[23,"犬山市","富士山"],"4840841":[23,"犬山市","楽田小針"],"4840043":[23,"犬山市","上ノ田"],"4840894":[23,"犬山市","羽黒"],"4840056":[23,"犬山市","稲干場"],"4840046":[23,"犬山市","屋敷裏"],"4840073":[23,"犬山市","天神町"],"4840822":[23,"犬山市","中切"],"4840054":[23,"犬山市","仲屋敷"],"4840066":[23,"犬山市","五郎丸"],"4840071":[23,"犬山市","内田東町"],"4840879":[23,"犬山市","楽田三ツ塚"],"4840906":[23,"犬山市","焼野"],"4840916":[23,"犬山市","楽田西浦"],"4840035":[23,"犬山市","裏山"],"4840921":[23,"犬山市","味加田"],"4840926":[23,"犬山市","楽田一色浦"],"4840837":[23,"犬山市","荒井"],"4840062":[23,"犬山市","前原味鹿"],"4840832":[23,"犬山市","向山"],"4840904":[23,"犬山市","楽田勝部前"],"4840956":[23,"犬山市","新川"],"4840953":[23,"犬山市","下舞台"],"4840948":[23,"犬山市","西大円"],"4840898":[23,"犬山市","羽黒稲葉西"],"4840807":[23,"犬山市","羽黒鉾添"],"4840883":[23,"犬山市","羽黒成海南"],"4840058":[23,"犬山市","大門"],"4840008":[23,"犬山市","岩穴"],"4840927":[23,"犬山市","的場"],"4840818":[23,"犬山市","北浦"],"4840932":[23,"犬山市","西野"],"4840020":[23,"犬山市","もえぎケ丘"],"4840074":[23,"犬山市","梅坪"],"4840893":[23,"犬山市","羽黒栄"],"4840852":[23,"犬山市","中小針"],"4840918":[23,"犬山市","ニタ田"],"4840887":[23,"犬山市","池田"],"4840899":[23,"犬山市","羽黒稲葉東"],"4840882":[23,"犬山市","羽黒菊川"],"4840846":[23,"犬山市","楽田山ノ田"],"4840061":[23,"犬山市","前原"],"4840051":[23,"犬山市","宮裏"],"4840833":[23,"犬山市","宮西"],"4840954":[23,"犬山市","元散前"],"4840072":[23,"犬山市","丸山天白町"],"4840078":[23,"犬山市","上野新町"],"4840922":[23,"犬山市","北大橋"],"4840873":[23,"犬山市","天王前"],"4840941":[23,"犬山市","巾廻り"],"4840017":[23,"犬山市","篠平"],"4840955":[23,"犬山市","角池"],"4840033":[23,"犬山市","井ノ元"],"4840858":[23,"犬山市","城山"],"4840937":[23,"犬山市","宮東"],"4840944":[23,"犬山市","楽田安師"],"4840803":[23,"犬山市","羽黒新赤坂"],"4840884":[23,"犬山市","羽黒起"],"4840026":[23,"犬山市","内屋敷"],"4840081":[23,"犬山市","犬山"],"4840836":[23,"犬山市","笛田"],"4840946":[23,"犬山市","東大円"],"4840084":[23,"犬山市","南古券"],"4840034":[23,"犬山市","大洞"],"4840045":[23,"犬山市","仲畑"],"4840094":[23,"犬山市","塔野地"],"4840915":[23,"犬山市","楽田上沼"],"4840963":[23,"犬山市","楽田鶴池"],"4840951":[23,"犬山市","八反田"],"4840028":[23,"犬山市","向田"],"4840086":[23,"犬山市","松本町"],"4840075":[23,"犬山市","橋爪東"],"4840801":[23,"犬山市","羽黒安戸南"],"4840935":[23,"犬山市","西唐曽"],"4840913":[23,"犬山市","鳥屋越"],"4840865":[23,"犬山市","藪畔"],"4840908":[23,"犬山市","大上戸"],"4840077":[23,"犬山市","上野"],"4840838":[23,"犬山市","小路"],"4840856":[23,"犬山市","楽田天神"],"4840861":[23,"犬山市","若宮"],"4840001":[23,"犬山市","垣ノ内"],"4840041":[23,"犬山市","長者町"]}
