{"9430187":[15,"上越市","荒屋"],"9430139":[15,"上越市","天野原新田"],"9430119":[15,"上越市","下池部"],"9430315":[15,"上越市","三和区三村新田"],"9430884":[15,"上越市","上中田"],"9430123":[15,"上越市","本新保"],"9430815":[15,"上越市","山屋敷町"],"9430648":[15,"上越市","牧区小川"],"9430135":[15,"上越市","下四ツ屋"],"9430834":[15,"上越市","西城町"],"9430164":[15,"上越市","中々村新田"],"9430127":[15,"上越市","熊塚"],"9430222":[15,"上越市","三和区下中"],"9430115":[15,"上越市","劔"],"9430415":[15,"上越市","東京田"],"9430184":[15,"上越市","本道"],"9430829":[15,"上越市","薄袋"],"9430225":[15,"上越市","三和区野"],"9430305":[15,"上越市","三和区岡田"],"9430513":[15,"上越市","清里区今曽根"],"9430887":[15,"上越市","灰塚"],"9430175":[15,"上越市","大日"],"9430626":[15,"上越市","牧区倉下"],"9430616":[15,"上越市","牧区樫谷"],"9430804":[15,"上越市","新光町"],"9430858":[15,"上越市","岡原"],"9430621":[15,"上越市","牧区高尾"],"9430104":[15,"上越市","鶴町"],"9430823":[15,"上越市","高土町"],"9430632":[15,"上越市","牧区上昆子"],"9430412":[15,"上越市","北方"],"9430847":[15,"上越市","南新町"],"9430622":[15,"上越市","牧区棚広新田"],"9430532":[15,"上越市","清里区梨窪"],"9430426":[15,"上越市","下曾根"],"9430637":[15,"上越市","牧区桜滝"],"9430224":[15,"上越市","三和区川浦"],"9430154":[15,"上越市","稲田"],"9430864":[15,"上越市","今泉"],"9430848":[15,"上越市","儀明"],"9430603":[15,"上越市","牧区平山"],"9430421":[15,"上越市","高和町"],"9430818":[15,"上越市","宇津尾"],"9430812":[15,"上越市","中正善寺"],"9430521":[15,"上越市","清里区寺脇"],"9430808":[15,"上越市","宮野尾"],"9430845":[15,"上越市","高田新田"],"9430112":[15,"上越市","上野田"],"9430854":[15,"上越市","島田上新田"],"9430507":[15,"上越市","清里区岡嶺新田"],"9430825":[15,"上越市","東本町"],"9430145":[15,"上越市","今池"],"9430872":[15,"上越市","石沢"],"9430510":[15,"上越市","清里区みらい"],"9430525":[15,"上越市","清里区北野"],"9430839":[15,"上越市","上湯谷"],"9430122":[15,"上越市","新保古新田"],"9430644":[15,"上越市","牧区宮口"],"9430416":[15,"上越市","十二ノ木"],"9430138":[15,"上越市","本長者原"],"9430422":[15,"上越市","飯田"],"9430316":[15,"上越市","三和区井ノ口"],"9430607":[15,"上越市","牧区川井沢"],"9430126":[15,"上越市","上富川"],"9430606":[15,"上越市","牧区大月"],"9430822":[15,"上越市","新町"],"9430534":[15,"上越市","清里区上中条"],"9430231":[15,"上越市","三和区鴨井"],"9430134":[15,"上越市","下稲塚"],"9430103":[15,"上越市","米岡"],"9430835":[15,"上越市","本城町"],"9430893":[15,"上越市","大貫"],"9430842":[15,"上越市","五ケ所新田"],"9430894":[15,"上越市","上昭和町"],"9430129":[15,"上越市","茨沢"],"9430165":[15,"上越市","上島"],"9430142":[15,"上越市","下新町"],"9430888":[15,"上越市","向橋"],"9430642":[15,"上越市","牧区荒井"],"9430828":[15,"上越市","北本町"],"9430873":[15,"上越市","西田中"],"9430645":[15,"上越市","牧区池舟"],"9430233":[15,"上越市","三和区水科"],"9430899":[15,"上越市","下中田"],"9430531":[15,"上越市","清里区青柳"],"9430612":[15,"上越市","牧区吉坪"],"9430221":[15,"上越市","三和区稲原"],"9430202":[15,"上越市","米町"],"9430414":[15,"上越市","大口"],"9430111":[15,"上越市","下野田"],"9430148":[15,"上越市","子安新田"],"9430859":[15,"上越市","寺町"],"9430615":[15,"上越市","牧区今清水"],"9430604":[15,"上越市","牧区七森"],"9430526":[15,"上越市","清里区梨平"],"9430814":[15,"上越市","岩木"],"9430514":[15,"上越市","清里区南田中"],"9430832":[15,"上越市","本町"],"9430504":[15,"上越市","清里区上田島"],"9430116":[15,"上越市","野尻"],"9430611":[15,"上越市","牧区片町"],"9430844":[15,"上越市","丸山新田"],"9430627":[15,"上越市","牧区原"],"9430423":[15,"上越市","高津"],"9430861":[15,"上越市","大和"],"9430636":[15,"上越市","牧区国川"],"9430855":[15,"上越市","木島"],"9430161":[15,"上越市","北田屋新田"],"9430311":[15,"上越市","三和区島倉"],"9430641":[15,"上越市","牧区東松ノ木"],"9430871":[15,"上越市","青木"],"9430303":[15,"上越市","三和区山高津"],"9430849":[15,"上越市","塩荷谷"],"9430121":[15,"上越市","藤塚"],"9430174":[15,"上越市","中田新田"],"9430153":[15,"上越市","鴨島"],"9430234":[15,"上越市","三和区法花寺"],"9430857":[15,"上越市","中箱井"],"9430851":[15,"上越市","下箱井"],"9430109":[15,"上越市","北新保"],"9430313":[15,"上越市","三和区今保"],"9430503":[15,"上越市","清里区上深沢"],"9430826":[15,"上越市","幸町"],"9430831":[15,"上越市","仲町"],"9430185":[15,"上越市","長面"],"9430151":[15,"上越市","平成町"],"9430889":[15,"上越市","後谷"],"9430885":[15,"上越市","黒田"],"9430506":[15,"上越市","清里区菅原"],"9430171":[15,"上越市","藤野新田"],"9430811":[15,"上越市","上正善寺"],"9430625":[15,"上越市","牧区上牧"],"9430838":[15,"上越市","大手町"],"9430841":[15,"上越市","南本町"],"9430144":[15,"上越市","桜町"],"9430131":[15,"上越市","薮野"],"9430137":[15,"上越市","長者町"],"9430511":[15,"上越市","清里区塩曽根"],"9430805":[15,"上越市","木田"],"9430853":[15,"上越市","島田"],"9430895":[15,"上越市","御殿山町"],"9430601":[15,"上越市","牧区坪山"],"9430806":[15,"上越市","木田新田"],"9430892":[15,"上越市","寺町"],"9430515":[15,"上越市","清里区武士"],"9430843":[15,"上越市","下新田"],"9430646":[15,"上越市","牧区落田"],"9430624":[15,"上越市","牧区府殿"],"9430181":[15,"上越市","虫川"],"9430810":[15,"上越市","大学前"],"9430125":[15,"上越市","下富川"],"9430635":[15,"上越市","牧区岩神"],"9430201":[15,"上越市","四辻町"],"9430631":[15,"上越市","牧区下湯谷"],"9430877":[15,"上越市","小滝"],"9430862":[15,"上越市","荒町"],"9430166":[15,"上越市","寺"],"9430228":[15,"上越市","三和区神明町"],"9430628":[15,"上越市","牧区棚広"],"9430102":[15,"上越市","杉野袋"],"9430133":[15,"上越市","東稲塚新田"],"9430411":[15,"上越市","妙油"],"9430813":[15,"上越市","下正善寺"],"9430147":[15,"上越市","新南町"],"9430852":[15,"上越市","島田下新田"],"9430177":[15,"上越市","門田新田"],"9430235":[15,"上越市","三和区窪"],"9430107":[15,"上越市","諏訪"],"9430302":[15,"上越市","三和区払沢"],"9430643":[15,"上越市","牧区山口"],"9430523":[15,"上越市","清里区棚田"],"9430817":[15,"上越市","藤巻"],"9430801":[15,"上越市","中門前"],"9430427":[15,"上越市","元屋敷"],"9430178":[15,"上越市","戸野目"],"9430509":[15,"上越市","清里区弥生"],"9430617":[15,"上越市","牧区泉"],"9430113":[15,"上越市","上池部"],"9430605":[15,"上越市","牧区神谷"],"9430314":[15,"上越市","三和区大"],"9430413":[15,"上越市","南方"],"9430882":[15,"上越市","中田原"],"9430827":[15,"上越市","栄町"],"9430502":[15,"上越市","清里区荒牧"],"9430000":[15,"上越市",""],"9430505":[15,"上越市","清里区東福島"],"9430226":[15,"上越市","三和区日和町"],"9430897":[15,"上越市","滝寺"],"9430875":[15,"上越市","地頭方"],"9430886":[15,"上越市","朝日"],"9430865":[15,"上越市","七ケ所新田"],"9430163":[15,"上越市","平岡"],"9430837":[15,"上越市","南城町"],"9430856":[15,"上越市","上箱井"],"9430141":[15,"上越市","子安"],"9430522":[15,"上越市","清里区東戸野"],"9430614":[15,"上越市","牧区切光"],"9430124":[15,"上越市","上雲寺"],"9430312":[15,"上越市","三和区下田島"],"9430424":[15,"上越市","上曾根"],"9430874":[15,"上越市","稲荷"],"9430527":[15,"上越市","清里区赤池"],"9430118":[15,"上越市","東市野口"],"9430173":[15,"上越市","富岡"],"9430318":[15,"上越市","三和区宮崎新田"],"9430167":[15,"上越市","下稲田"],"9430143":[15,"上越市","上新町"],"9430152":[15,"上越市","西市野口"],"9430162":[15,"上越市","南田屋新田"],"9430106":[15,"上越市","北田中"],"9430132":[15,"上越市","辰尾新田"],"9430186":[15,"上越市","市野江"],"9430508":[15,"上越市","清里区平成"],"9430512":[15,"上越市","清里区馬屋"],"9430306":[15,"上越市","三和区所山田"],"9430172":[15,"上越市","大道福田"],"9430236":[15,"上越市","三和区中野"],"9430634":[15,"上越市","牧区田島"],"9430304":[15,"上越市","三和区桑曽根"],"9430182":[15,"上越市","高森"],"9430101":[15,"上越市","上真砂"],"9430307":[15,"上越市","三和区下新保"],"9430105":[15,"上越市","東原"],"9430891":[15,"上越市","昭和町"],"9430183":[15,"上越市","桐原"],"9430176":[15,"上越市","戸野目古新田"],"9430501":[15,"上越市","清里区岡野町"],"9430524":[15,"上越市","清里区水草"],"9430803":[15,"上越市","春日野"],"9430108":[15,"上越市","南新保"],"9430802":[15,"上越市","大豆"],"9430516":[15,"上越市","清里区上稲塚"],"9430896":[15,"上越市","飯"],"9430114":[15,"上越市","吉岡"],"9430128":[15,"上越市","池"],"9430633":[15,"上越市","牧区下昆子"],"9430819":[15,"上越市","中屋敷"],"9430155":[15,"上越市","四ケ所"],"9430833":[15,"上越市","大町"],"9430613":[15,"上越市","牧区高谷"],"9430876":[15,"上越市","上門前"],"9430836":[15,"上越市","東城町"],"9430223":[15,"上越市","三和区田"],"9430898":[15,"上越市","塚田新田"],"9430846":[15,"上越市","南高田町"],"9430117":[15,"上越市","稲"],"9430881":[15,"上越市","京田"],"9430623":[15,"上越市","牧区宇津俣"],"9430301":[15,"上越市","三和区北代"],"9430227":[15,"上越市","三和区番町"],"9430535":[15,"上越市","清里区鈴倉"],"9430647":[15,"上越市","牧区柳島"],"9430807":[15,"上越市","春日山町"],"9430809":[15,"上越市","春日"],"9430425":[15,"上越市","稲谷"],"9430146":[15,"上越市","樋場"],"9430602":[15,"上越市","牧区平方"],"9430821":[15,"上越市","土橋"],"9430883":[15,"上越市","中通町"],"9430168":[15,"上越市","上稲田"],"9430866":[15,"上越市","土合"],"9430878":[15,"上越市","下馬場"],"9430136":[15,"上越市","西松野木"],"9430417":[15,"上越市","森田"],"9430816":[15,"上越市","藤新田"],"9430863":[15,"上越市","脇野田"],"9430824":[15,"上越市","北城町"],"9430232":[15,"上越市","三和区水吉"],"9430533":[15,"上越市","清里区鶯沢"],"9430317":[15,"上越市","三和区浮島"]}
