{"7070056":[33,"美作市","長内"],"7070111":[33,"美作市","久賀"],"7070003":[33,"美作市","明見"],"7070035":[33,"美作市","平田"],"7070201":[33,"美作市","梶並"],"7070504":[33,"英田郡西粟倉村","長尾"],"7070012":[33,"美作市","田殿"],"7070057":[33,"美作市","則平"],"7070014":[33,"美作市","北山"],"7070413":[33,"美作市","中町"],"7070011":[33,"美作市","和田"],"7070505":[33,"英田郡西粟倉村","筏津"],"7070055":[33,"美作市","金原"],"7070013":[33,"美作市","吉"],"7070406":[33,"美作市","東吉田"],"7070204":[33,"美作市","右手"],"7070036":[33,"美作市","北原"],"7070016":[33,"美作市","下香山"],"7070053":[33,"美作市","安蘇"],"7070436":[33,"美作市","川戸"],"7070401":[33,"美作市","後山"],"7070052":[33,"美作市","位田"],"7070045":[33,"美作市","巨勢"],"7070411":[33,"美作市","江ノ原"],"7070133":[33,"美作市","杉原"],"7070054":[33,"美作市","岩見田"],"7070506":[33,"英田郡西粟倉村","知社"],"7070015":[33,"美作市","豊国原"],"7070067":[33,"美作市","奥大谷"],"7070044":[33,"美作市","海田"],"7070134":[33,"美作市","矢田"],"7070434":[33,"美作市","壬生"],"7070065":[33,"美作市","青木"],"7070112":[33,"美作市","余野"],"7070415":[33,"美作市","宮本"],"7070431":[33,"美作市","田井"],"7070416":[33,"美作市","今岡"],"7070205":[33,"美作市","東谷上"],"7070042":[33,"美作市","朽木"],"7070123":[33,"美作市","宗掛"],"7070001":[33,"美作市","上相"],"7070122":[33,"美作市","馬形"],"7070421":[33,"美作市","川上"],"7070066":[33,"美作市","下大谷"],"7070002":[33,"美作市","中尾"],"7070046":[33,"美作市","三倉田"],"7070000":[33,"美作市",""],"7070061":[33,"美作市","中山"],"7070121":[33,"美作市","長谷内"],"7070024":[33,"美作市","楢原下"],"7070023":[33,"美作市","平福"],"7070424":[33,"美作市","野形"],"7070206":[33,"美作市","東谷下"],"7070033":[33,"美作市","大原"],"7070427":[33,"美作市","滝"],"7070501":[33,"英田郡西粟倉村","大茅"],"7070063":[33,"美作市","北坂"],"7070034":[33,"美作市","猪臥"],"7070021":[33,"美作市","楢原中"],"7070032":[33,"美作市","山外野"],"7070062":[33,"美作市","湯郷"],"7070422":[33,"美作市","笹岡"],"7070004":[33,"美作市","入田"],"7070414":[33,"美作市","西町"],"7070022":[33,"美作市","楢原上"],"7070435":[33,"美作市","沢田"],"7070425":[33,"美作市","下庄町"],"7070064":[33,"美作市","殿所"],"7070041":[33,"美作市","林野"],"7070407":[33,"美作市","川東"],"7070423":[33,"美作市","小原田"],"7070402":[33,"美作市","中谷"],"7070437":[33,"美作市","粟野"],"7070502":[33,"英田郡西粟倉村","坂根"],"7070433":[33,"美作市","立石"],"7070503":[33,"英田郡西粟倉村","影石"],"7070412":[33,"美作市","古町"],"7070203":[33,"美作市","真殿"],"7070113":[33,"美作市","真加部"],"7070132":[33,"美作市","小畑"],"7070426":[33,"美作市","桂坪"],"7070131":[33,"美作市","河内"],"7070403":[33,"美作市","東青野"],"7070031":[33,"美作市","山口"],"7070005":[33,"美作市","大井が丘"],"7070432":[33,"美作市","赤田"],"7070417":[33,"美作市","下町"],"7070405":[33,"美作市","野原"],"7070124":[33,"美作市","大町"],"7070404":[33,"美作市","太田"],"7070202":[33,"美作市","楮"],"7070500":[33,"英田郡西粟倉村",""],"7070043":[33,"美作市","海内"],"7070037":[33,"美作市","友野"],"7070051":[33,"美作市","稲穂"],"7070025":[33,"美作市","栄町"]}
