{"6850006":[32,"隠岐郡隠岐の島町","有木"],"6850305":[32,"隠岐郡隠岐の島町","久見"],"6850012":[32,"隠岐郡隠岐の島町","東町"],"6850013":[32,"隠岐郡隠岐の島町","中町"],"6850303":[32,"隠岐郡隠岐の島町","南方"],"6850000":[32,"隠岐郡隠岐の島町",""],"6850014":[32,"隠岐郡隠岐の島町","西町"],"6850306":[32,"隠岐郡隠岐の島町","伊後"],"6850002":[32,"隠岐郡隠岐の島町","釜"],"6850432":[32,"隠岐郡隠岐の島町","西村"],"6850101":[32,"隠岐郡隠岐の島町","蔵田"],"6850433":[32,"隠岐郡隠岐の島町","湊"],"6850435":[32,"隠岐郡隠岐の島町","元屋"],"6850015":[32,"隠岐郡隠岐の島町","港町"],"6850103":[32,"隠岐郡隠岐の島町","那久"],"6850026":[32,"隠岐郡隠岐の島町","上西"],"6850412":[32,"隠岐郡隠岐の島町","布施"],"6850104":[32,"隠岐郡隠岐の島町","都万"],"6850431":[32,"隠岐郡隠岐の島町","伊後"],"6850314":[32,"隠岐郡隠岐の島町","山田"],"6850024":[32,"隠岐郡隠岐の島町","加茂"],"6850025":[32,"隠岐郡隠岐の島町","平"],"6850021":[32,"隠岐郡隠岐の島町","岬町"],"6850011":[32,"隠岐郡隠岐の島町","栄町"],"6850434":[32,"隠岐郡隠岐の島町","中村"],"6850003":[32,"隠岐郡隠岐の島町","犬来"],"6850017":[32,"隠岐郡隠岐の島町","下西"],"6850413":[32,"隠岐郡隠岐の島町","卯敷"],"6850304":[32,"隠岐郡隠岐の島町","代"],"6850313":[32,"隠岐郡隠岐の島町","那久路"],"6850106":[32,"隠岐郡隠岐の島町","蛸木"],"6850312":[32,"隠岐郡隠岐の島町","小路"],"6850005":[32,"隠岐郡隠岐の島町","東郷"],"6850105":[32,"隠岐郡隠岐の島町","津戸"],"6850001":[32,"隠岐郡隠岐の島町","大久"],"6850027":[32,"隠岐郡隠岐の島町","原田"],"6850022":[32,"隠岐郡隠岐の島町","今津"],"6850302":[32,"隠岐郡隠岐の島町","苗代田"],"6850311":[32,"隠岐郡隠岐の島町","郡"],"6850007":[32,"隠岐郡隠岐の島町","池田"],"6850004":[32,"隠岐郡隠岐の島町","飯田"],"6850016":[32,"隠岐郡隠岐の島町","城北町"],"6850023":[32,"隠岐郡隠岐の島町","西田"],"6850411":[32,"隠岐郡隠岐の島町","飯美"],"6850301":[32,"隠岐郡隠岐の島町","北方"],"6850102":[32,"隠岐郡隠岐の島町","油井"]}
