{"9030114":[47,"中頭郡西原町","桃原"],"9030104":[47,"中頭郡西原町","兼久"],"9030822":[47,"那覇市","首里桃原町"],"9030113":[47,"中頭郡西原町","安室"],"9030801":[47,"那覇市","首里末吉町"],"9030111":[47,"中頭郡西原町","与那城"],"9030121":[47,"中頭郡西原町","内間"],"9030122":[47,"中頭郡西原町","小橋川"],"9030816":[47,"那覇市","首里真和志町"],"9030127":[47,"中頭郡西原町","徳佐田"],"9030100":[47,"中頭郡西原町",""],"9030826":[47,"那覇市","首里寒川町"],"9030126":[47,"中頭郡西原町","棚原"],"9030821":[47,"那覇市","首里儀保町"],"9030813":[47,"那覇市","首里赤田町"],"9030811":[47,"那覇市","首里赤平町"],"9030814":[47,"那覇市","首里崎山町"],"9030803":[47,"那覇市","首里平良町"],"9030112":[47,"中頭郡西原町","我謝"],"9030815":[47,"那覇市","首里金城町"],"9030806":[47,"那覇市","首里汀良町"],"9030115":[47,"中頭郡西原町","池田"],"9030116":[47,"中頭郡西原町","幸地"],"9030123":[47,"中頭郡西原町","津花波"],"9030823":[47,"那覇市","首里大中町"],"9030102":[47,"中頭郡西原町","嘉手苅"],"9030807":[47,"那覇市","首里久場川町"],"9030125":[47,"中頭郡西原町","上原"],"9030118":[47,"中頭郡西原町","小波津"],"9030802":[47,"那覇市","首里大名町"],"9030101":[47,"中頭郡西原町","掛保久"],"9030128":[47,"中頭郡西原町","森川"],"9030805":[47,"那覇市","首里鳥堀町"],"9030804":[47,"那覇市","首里石嶺町"],"9030812":[47,"那覇市","首里当蔵町"],"9030105":[47,"中頭郡西原町","東崎"],"9030825":[47,"那覇市","首里山川町"],"9030117":[47,"中頭郡西原町","翁長"],"9030824":[47,"那覇市","首里池端町"],"9030103":[47,"中頭郡西原町","小那覇"],"9030124":[47,"中頭郡西原町","呉屋"],"9030129":[47,"中頭郡西原町","千原"]}
