{"5420071":[27,"大阪市中央区","道頓堀"],"5420073":[27,"大阪市中央区","日本橋"],"5420065":[27,"大阪市中央区","中寺"],"5420072":[27,"大阪市中央区","高津"],"5420086":[27,"大阪市中央区","西心斎橋"],"5420081":[27,"大阪市中央区","南船場"],"5420077":[27,"大阪市中央区","道頓堀"],"5420075":[27,"大阪市中央区","難波千日前"],"5420062":[27,"大阪市中央区","上本町西"],"5420064":[27,"大阪市中央区","上汐"],"5420066":[27,"大阪市中央区","瓦屋町"],"5420083":[27,"大阪市中央区","東心斎橋"],"5420063":[27,"大阪市中央区","東平"],"5420061":[27,"大阪市中央区","安堂寺町"],"5420085":[27,"大阪市中央区","心斎橋筋"],"5420076":[27,"大阪市中央区","難波"],"5420082":[27,"大阪市中央区","島之内"],"5420067":[27,"大阪市中央区","松屋町"],"5420012":[27,"大阪市中央区","谷町"],"5420084":[27,"大阪市中央区","宗右衛門町"],"5420074":[27,"大阪市中央区","千日前"]}
