{"7820023":[39,"香美市","土佐山田町京田"],"7820057":[39,"香美市","土佐山田町久次"],"7820059":[39,"香美市","土佐山田町入野"],"7820024":[39,"香美市","土佐山田町神通寺"],"7820003":[39,"香美市","土佐山田町宮ノ口"],"7820016":[39,"香美市","土佐山田町山田"],"7820051":[39,"香美市","土佐山田町楠目"],"7820045":[39,"香美市","土佐山田町"],"7820011":[39,"香美市","土佐山田町山田島"],"7820009":[39,"香美市","土佐山田町神母ノ木"],"7820033":[39,"香美市","土佐山田町旭町"],"7820043":[39,"香美市","土佐山田町"],"7820019":[39,"香美市","土佐山田町中野"],"7820035":[39,"香美市","土佐山田町百石町"],"7820005":[39,"香美市","土佐山田町逆川"],"7820078":[39,"香美市","土佐山田町大平"],"7820036":[39,"香美市","土佐山田町"],"7820010":[39,"香美市","土佐山田町テクノパーク"],"7820001":[39,"香美市","土佐山田町杉田"],"7820079":[39,"香美市","土佐山田町佐野"],"7820062":[39,"香美市","土佐山田町平山"],"7820015":[39,"香美市","土佐山田町下ノ村"],"7820034":[39,"香美市","土佐山田町宝町"],"7820042":[39,"香美市","土佐山田町"],"7820063":[39,"香美市","土佐山田町東川"],"7820031":[39,"香美市","土佐山田町東本町"],"7820018":[39,"香美市","土佐山田町戸板島"],"7820047":[39,"香美市","土佐山田町"],"7820004":[39,"香美市","土佐山田町間"],"7820039":[39,"香美市","土佐山田町栄町"],"7820013":[39,"香美市","土佐山田町町田"],"7820076":[39,"香美市","土佐山田町本村"],"7820041":[39,"香美市","土佐山田町"],"7820046":[39,"香美市","土佐山田町"],"7820075":[39,"香美市","土佐山田町西後入"],"7820044":[39,"香美市","土佐山田町"],"7820038":[39,"香美市","土佐山田町秦山町"],"7820017":[39,"香美市","土佐山田町岩積"],"7820021":[39,"香美市","土佐山田町岩次"],"7820073":[39,"香美市","土佐山田町中後入"],"7820002":[39,"香美市","土佐山田町船谷"],"7820056":[39,"香美市","土佐山田町上改田"],"7820054":[39,"香美市","土佐山田町植"],"7820072":[39,"香美市","土佐山田町有谷"],"7820006":[39,"香美市","土佐山田町影山"],"7820032":[39,"香美市","土佐山田町西本町"],"7820077":[39,"香美市","土佐山田町佐野"],"7820008":[39,"香美市","土佐山田町佐古薮"],"7820025":[39,"香美市","土佐山田町松本"],"7820012":[39,"香美市","土佐山田町加茂"],"7820074":[39,"香美市","土佐山田町大後入"],"7820058":[39,"香美市","土佐山田町新改"],"7820037":[39,"香美市","土佐山田町宮前町"],"7820061":[39,"香美市","土佐山田町曽我部川"],"7820055":[39,"香美市","土佐山田町須江"],"7820000":[39,"香美市",""],"7820064":[39,"香美市","土佐山田町大法寺"],"7820071":[39,"香美市","土佐山田町佐竹"],"7820022":[39,"香美市","土佐山田町京田"],"7820007":[39,"香美市","土佐山田町林田"],"7820014":[39,"香美市","土佐山田町小田島"]}
