{"8280005":[40,"豊前市","畑"],"8280042":[40,"豊前市","堀立"],"8280001":[40,"豊前市","畠中"],"8280064":[40,"豊前市","大西"],"8280022":[40,"豊前市","宇島"],"8280013":[40,"豊前市","川内"],"8280011":[40,"豊前市","四郎丸"],"8280081":[40,"豊前市","天和"],"8280031":[40,"豊前市","三毛門"],"8280076":[40,"豊前市","中川底"],"8280002":[40,"豊前市","松江"],"8280012":[40,"豊前市","鳥越"],"8280073":[40,"豊前市","挾間"],"8280034":[40,"豊前市","森久"],"8280074":[40,"豊前市","下河内"],"8280044":[40,"豊前市","小石原"],"8280056":[40,"豊前市","薬師寺"],"8280086":[40,"豊前市","求菩提"],"8280063":[40,"豊前市","野田"],"8280049":[40,"豊前市","鬼木"],"8280033":[40,"豊前市","六郎"],"8280046":[40,"豊前市","高田"],"8280021":[40,"豊前市","八屋"],"8280032":[40,"豊前市","三楽"],"8280027":[40,"豊前市","赤熊"],"8280054":[40,"豊前市","永久"],"8280061":[40,"豊前市","荒堀"],"8280084":[40,"豊前市","篠瀬"],"8280055":[40,"豊前市","河原田"],"8280045":[40,"豊前市","皆毛"],"8280052":[40,"豊前市","塔田"],"8280026":[40,"豊前市","清水町"],"8280065":[40,"豊前市","青畑"],"8280043":[40,"豊前市","岸井"],"8280000":[40,"豊前市",""],"8280071":[40,"豊前市","山内"],"8280066":[40,"豊前市","大村"],"8280083":[40,"豊前市","岩屋"],"8280047":[40,"豊前市","広瀬"],"8280075":[40,"豊前市","下川底"],"8280048":[40,"豊前市","久路土"],"8280085":[40,"豊前市","鳥井畑"],"8280024":[40,"豊前市","久松"],"8280053":[40,"豊前市","千束"],"8280082":[40,"豊前市","大河内"],"8280036":[40,"豊前市","小犬丸"],"8280051":[40,"豊前市","吉木"],"8280041":[40,"豊前市","梶屋"],"8280028":[40,"豊前市","青豊"],"8280003":[40,"豊前市","中村"],"8280077":[40,"豊前市","上川底"],"8280025":[40,"豊前市","恒富"],"8280072":[40,"豊前市","才尾"],"8280062":[40,"豊前市","今市"],"8280035":[40,"豊前市","市丸"],"8280004":[40,"豊前市","馬場"],"8280023":[40,"豊前市","沓川"]}
