{"8070122":[40,"遠賀郡芦屋町","高浜町"],"8070879":[40,"北九州市八幡西区","浅川町"],"8070001":[40,"遠賀郡水巻町","猪熊"],"8071146":[40,"北九州市八幡西区","楠橋下方"],"8070865":[40,"北九州市八幡西区","美吉野町"],"8070852":[40,"北九州市八幡西区","永犬丸西町"],"8070003":[40,"遠賀郡水巻町","おかの台"],"8070052":[40,"遠賀郡水巻町","下二西"],"8070867":[40,"北九州市八幡西区","自由ケ丘"],"8070123":[40,"遠賀郡芦屋町","祇園町"],"8070076":[40,"北九州市八幡西区","下上津役元町"],"8071308":[40,"鞍手郡鞍手町","八尋"],"8070054":[40,"遠賀郡水巻町","二東"],"8070046":[40,"遠賀郡水巻町","吉田西"],"8070868":[40,"北九州市八幡西区","さつき台"],"8070805":[40,"北九州市八幡西区","光貞台"],"8070812":[40,"北九州市八幡西区","洞南町"],"8070845":[40,"北九州市八幡西区","永犬丸南町"],"8071306":[40,"鞍手郡鞍手町","古門"],"8071301":[40,"鞍手郡鞍手町","猪倉"],"8070074":[40,"北九州市八幡西区","町上津役西"],"8071111":[40,"北九州市八幡西区","船越"],"8070842":[40,"北九州市八幡西区","永犬丸東町"],"8071152":[40,"北九州市八幡西区","高江"],"8071114":[40,"北九州市八幡西区","吉祥寺町"],"8070078":[40,"北九州市八幡西区","中の原"],"8071131":[40,"北九州市八幡西区","馬場山東"],"8071101":[40,"北九州市八幡西区","上香月"],"8070822":[40,"北九州市八幡西区","瀬板"],"8070021":[40,"遠賀郡水巻町","頃末"],"8070111":[40,"遠賀郡芦屋町","白浜町"],"8070877":[40,"北九州市八幡西区","浅川"],"8071303":[40,"鞍手郡鞍手町","木月"],"8070833":[40,"北九州市八幡西区","南鷹見町"],"8070048":[40,"遠賀郡水巻町","吉田南"],"8070847":[40,"北九州市八幡西区","美原町"],"8070072":[40,"北九州市八幡西区","上上津役"],"8070056":[40,"遠賀郡水巻町","伊左座"],"8070824":[40,"北九州市八幡西区","光明"],"8070006":[40,"遠賀郡水巻町","梅ノ木団地"],"8070828":[40,"北九州市八幡西区","友田"],"8070042":[40,"遠賀郡水巻町","吉田"],"8070002":[40,"遠賀郡水巻町","樋口"],"8071261":[40,"北九州市八幡西区","木屋瀬"],"8070043":[40,"遠賀郡水巻町","下二"],"8070823":[40,"北九州市八幡西区","中須"],"8070102":[40,"遠賀郡芦屋町","西浜町"],"8071313":[40,"鞍手郡鞍手町","新北"],"8070856":[40,"北九州市八幡西区","八枝"],"8070851":[40,"北九州市八幡西区","永犬丸"],"8070081":[40,"北九州市八幡西区","小嶺"],"8070053":[40,"遠賀郡水巻町","下二東"],"8070832":[40,"北九州市八幡西区","東筑"],"8071102":[40,"北九州市八幡西区","香月中央"],"8070143":[40,"遠賀郡芦屋町","花美坂"],"8070071":[40,"北九州市八幡西区","上の原"],"8070084":[40,"北九州市八幡西区","大平台"],"8071300":[40,"鞍手郡鞍手町",""],"8070854":[40,"北九州市八幡西区","泉ケ浦"],"8070844":[40,"北九州市八幡西区","春日台"],"8070863":[40,"北九州市八幡西区","大膳"],"8070023":[40,"遠賀郡水巻町","中央"],"8071154":[40,"北九州市八幡西区","楠北"],"8071141":[40,"北九州市八幡西区","楠橋上方"],"8071144":[40,"北九州市八幡西区","真名子"],"8070826":[40,"北九州市八幡西区","丸尾町"],"8070075":[40,"北九州市八幡西区","下上津役"],"8070815":[40,"北九州市八幡西区","本城東"],"8071123":[40,"北九州市八幡西区","下畑町"],"8070875":[40,"北九州市八幡西区","浅川台"],"8070834":[40,"北九州市八幡西区","北鷹見町"],"8070802":[40,"北九州市八幡西区","力丸町"],"8071305":[40,"鞍手郡鞍手町","新延"],"8070837":[40,"北九州市八幡西区","則松東"],"8071151":[40,"北九州市八幡西区","楠橋"],"8070821":[40,"北九州市八幡西区","陣原"],"8070083":[40,"北九州市八幡西区","大平"],"8070861":[40,"北九州市八幡西区","堀川町"],"8071311":[40,"鞍手郡鞍手町","小牧"],"8070873":[40,"北九州市八幡西区","藤原"],"8070031":[40,"遠賀郡水巻町","杁"],"8071133":[40,"北九州市八幡西区","馬場山緑"],"8070004":[40,"遠賀郡水巻町","樋口東"],"8070132":[40,"遠賀郡芦屋町","浜口町"],"8070041":[40,"遠賀郡水巻町","宮尾台"],"8070871":[40,"北九州市八幡西区","浅川学園台"],"8071132":[40,"北九州市八幡西区","馬場山西"],"8070113":[40,"遠賀郡芦屋町","中ノ浜"],"8070012":[40,"遠賀郡水巻町","古賀"],"8070100":[40,"遠賀郡芦屋町",""],"8070133":[40,"遠賀郡芦屋町","芦屋"],"8070806":[40,"北九州市八幡西区","御開"],"8070085":[40,"北九州市八幡西区","塔野"],"8070005":[40,"遠賀郡水巻町","高松"],"8071135":[40,"北九州市八幡西区","馬場山原"],"8070813":[40,"北九州市八幡西区","夕原町"],"8070112":[40,"遠賀郡芦屋町","正門町"],"8071304":[40,"鞍手郡鞍手町","永谷"],"8070811":[40,"北九州市八幡西区","洞北町"],"8070831":[40,"北九州市八幡西区","則松"],"8071307":[40,"鞍手郡鞍手町","室木"],"8071115":[40,"北九州市八幡西区","椋枝"],"8071315":[40,"鞍手郡鞍手町","弥生"],"8070804":[40,"北九州市八幡西区","医生ケ丘"],"8071264":[40,"北九州市八幡西区","星ケ丘"],"8070077":[40,"北九州市八幡西区","沖田"],"8070051":[40,"遠賀郡水巻町","立屋敷"],"8070131":[40,"遠賀郡芦屋町","緑ケ丘"],"8070846":[40,"北九州市八幡西区","里中"],"8070864":[40,"北九州市八幡西区","折尾"],"8070866":[40,"北九州市八幡西区","日吉台"],"8070876":[40,"北九州市八幡西区","浅川日の峯"],"8071302":[40,"鞍手郡鞍手町","上木月"],"8070055":[40,"遠賀郡水巻町","二西"],"8070825":[40,"北九州市八幡西区","折尾"],"8070073":[40,"北九州市八幡西区","町上津役東"],"8070000":[40,"遠賀郡水巻町",""],"8070841":[40,"北九州市八幡西区","的場町"],"8070121":[40,"遠賀郡芦屋町","船頭町"],"8071314":[40,"鞍手郡鞍手町","長谷"],"8070007":[40,"遠賀郡水巻町","牟田"],"8070843":[40,"北九州市八幡西区","三ケ森"],"8070047":[40,"遠賀郡水巻町","鯉口"],"8071125":[40,"北九州市八幡西区","池田"],"8071153":[40,"北九州市八幡西区","岩崎"],"8071112":[40,"北九州市八幡西区","千代"],"8071263":[40,"北九州市八幡西区","金剛"],"8070878":[40,"北九州市八幡西区","三ツ頭"],"8070835":[40,"北九州市八幡西区","東折尾町"],"8070141":[40,"遠賀郡芦屋町","山鹿"],"8070101":[40,"遠賀郡芦屋町","幸町"],"8070827":[40,"北九州市八幡西区","楠木"],"8070836":[40,"北九州市八幡西区","長崎町"],"8070045":[40,"遠賀郡水巻町","吉田東"],"8070022":[40,"遠賀郡水巻町","頃末北"],"8071143":[40,"北九州市八幡西区","楠橋南"],"8070855":[40,"北九州市八幡西区","松寿山"],"8071122":[40,"北九州市八幡西区","東石坂町"],"8071142":[40,"北九州市八幡西区","楠橋東"],"8071103":[40,"北九州市八幡西区","香月西"],"8070044":[40,"遠賀郡水巻町","美吉野"],"8071134":[40,"北九州市八幡西区","茶屋の原"],"8071124":[40,"北九州市八幡西区","畑"],"8071262":[40,"北九州市八幡西区","野面"],"8070025":[40,"遠賀郡水巻町","頃末南"],"8070857":[40,"北九州市八幡西区","北筑"],"8070814":[40,"北九州市八幡西区","貴船台"],"8070874":[40,"北九州市八幡西区","大浦"],"8071121":[40,"北九州市八幡西区","石坂"],"8070803":[40,"北九州市八幡西区","千代ケ崎"],"8071136":[40,"北九州市八幡西区","馬場山"],"8070862":[40,"北九州市八幡西区","西折尾町"],"8070801":[40,"北九州市八幡西区","本城"],"8070024":[40,"遠賀郡水巻町","高尾"],"8070011":[40,"遠賀郡水巻町","緑ケ丘"],"8071113":[40,"北九州市八幡西区","白岩町"],"8070807":[40,"北九州市八幡西区","本城学研台"],"8071145":[40,"北九州市八幡西区","楠橋西"],"8071312":[40,"鞍手郡鞍手町","中山"],"8071265":[40,"北九州市八幡西区","笹田"],"8070872":[40,"北九州市八幡西区","浅川"],"8070082":[40,"北九州市八幡西区","小嶺台"],"8070142":[40,"遠賀郡芦屋町","江川台"],"8070829":[40,"北九州市八幡西区","星和町"],"8070853":[40,"北九州市八幡西区","鷹見台"]}
