{"9700223":[7,"いわき市","平薄磯"],"9708046":[7,"いわき市","平吉野谷"],"9700317":[7,"いわき市","小名浜上神白"],"9701263":[7,"いわき市","三和町下永井"],"9700227":[7,"いわき市","平鶴ケ井"],"9708005":[7,"いわき市","平下平窪古川町"],"9708043":[7,"いわき市","中央台鹿島"],"9701147":[7,"いわき市","好間町大利"],"9708014":[7,"いわき市","平幕ノ内"],"9700113":[7,"いわき市","平絹谷"],"9708052":[7,"いわき市","平祢宜町"],"9708001":[7,"いわき市","平上平窪"],"9700313":[7,"いわき市","中之作"],"9700116":[7,"いわき市","平馬目"],"9708013":[7,"いわき市","平大室"],"9708042":[7,"いわき市","平上高久"],"9708026":[7,"いわき市","平"],"9708027":[7,"いわき市","平鯨岡"],"9700316":[7,"いわき市","小名浜下神白"],"9700228":[7,"いわき市","平神谷作"],"9701153":[7,"いわき市","好間町上好間"],"9708053":[7,"いわき市","平正月町"],"9708028":[7,"いわき市","平上神谷"],"9700222":[7,"いわき市","平沼ノ内"],"9708018":[7,"いわき市","平四ツ波"],"9708041":[7,"いわき市","平小泉"],"9701142":[7,"いわき市","好間町今新田"],"9701261":[7,"いわき市","三和町渡戸"],"9708036":[7,"いわき市","平谷川瀬"],"9708035":[7,"いわき市","明治団地"],"9701144":[7,"いわき市","好間工業団地"],"9700115":[7,"いわき市","平北神谷"],"9708006":[7,"いわき市","平下平窪山土内町"],"9708023":[7,"いわき市","平鎌田"],"9708031":[7,"いわき市","平中山"],"9700114":[7,"いわき市","平水品"],"9708051":[7,"いわき市","平六町目"],"9708022":[7,"いわき市","平塩"],"9708015":[7,"いわき市","好間町川中子"],"9700224":[7,"いわき市","平豊間"],"9708004":[7,"いわき市","平下平窪中島町"],"9701264":[7,"いわき市","三和町合戸"],"9701372":[7,"いわき市","三和町下市萱"],"9701377":[7,"いわき市","三和町差塩"],"9701361":[7,"いわき市","三和町渡戸"],"9700112":[7,"いわき市","平泉崎"],"9701146":[7,"いわき市","好間町榊小屋"],"9708047":[7,"いわき市","中央台高久"],"9701262":[7,"いわき市","三和町上永井"],"9708024":[7,"いわき市","平北白土"],"9708033":[7,"いわき市","自由ケ丘"],"9708008":[7,"いわき市","平中平窪細田町"],"9700314":[7,"いわき市","洋向台"],"9700105":[7,"いわき市","平菅波"],"9701152":[7,"いわき市","好間町中好間"],"9701374":[7,"いわき市","三和町上三坂"],"9708003":[7,"いわき市","平下平窪"],"9700111":[7,"いわき市","平原高野"],"9708034":[7,"いわき市","平上荒川"],"9700104":[7,"いわき市","平上大越"],"9701371":[7,"いわき市","三和町中寺"],"9700311":[7,"いわき市","江名"],"9708025":[7,"いわき市","平南白土"],"9700225":[7,"いわき市","平上山口"],"9708017":[7,"いわき市","石森"],"9701141":[7,"いわき市","好間町愛谷"],"9708032":[7,"いわき市","平下荒川"],"9708044":[7,"いわき市","中央台飯野"],"9708007":[7,"いわき市","平中平窪新町"],"9701151":[7,"いわき市","好間町下好間"],"9700315":[7,"いわき市","永崎"],"9700107":[7,"いわき市","平荒田目"],"9701145":[7,"いわき市","好間町北好間"],"9701375":[7,"いわき市","三和町中三坂"],"9700102":[7,"いわき市","平下大越"],"9708002":[7,"いわき市","平中平窪"],"9701143":[7,"いわき市","好間町小谷作"],"9700312":[7,"いわき市","折戸"],"9708011":[7,"いわき市","平上片寄"],"9700106":[7,"いわき市","平山崎"],"9700101":[7,"いわき市","平下神谷"],"9708021":[7,"いわき市","平中神谷"],"9708054":[7,"いわき市","平鎌田町"],"9708045":[7,"いわき市","郷ケ丘"],"9701373":[7,"いわき市","三和町上市萱"],"9700226":[7,"いわき市","平下山口"],"9708016":[7,"いわき市","平中塩"],"9700103":[7,"いわき市","平藤間"],"9708012":[7,"いわき市","平下片寄"],"9700000":[7,"いわき市",""],"9701376":[7,"いわき市","三和町下三坂"],"9700221":[7,"いわき市","平下高久"]}
