{"8330006":[40,"筑後市","新溝"],"8330003":[40,"筑後市","羽犬塚"],"8330025":[40,"筑後市","中折地"],"8330053":[40,"筑後市","西牟田"],"8330002":[40,"筑後市","前津"],"8330037":[40,"筑後市","島田"],"8330041":[40,"筑後市","和泉"],"8330011":[40,"筑後市","久恵"],"8330022":[40,"筑後市","富安"],"8330032":[40,"筑後市","野町"],"8330016":[40,"筑後市","常用"],"8330044":[40,"筑後市","富久"],"8330051":[40,"筑後市","富重"],"8330021":[40,"筑後市","下妻"],"8330014":[40,"筑後市","尾島"],"8330017":[40,"筑後市","志"],"8330052":[40,"筑後市","高江"],"8330026":[40,"筑後市","折地"],"8330056":[40,"筑後市","久富"],"8330046":[40,"筑後市","江口"],"8330012":[40,"筑後市","溝口"],"8330043":[40,"筑後市","庄島"],"8330015":[40,"筑後市","津島"],"8330023":[40,"筑後市","馬間田"],"8330055":[40,"筑後市","熊野"],"8330001":[40,"筑後市","一条"],"8330042":[40,"筑後市","長崎"],"8330013":[40,"筑後市","北長田"],"8330036":[40,"筑後市","井田"],"8330031":[40,"筑後市","山ノ井"],"8330054":[40,"筑後市","蔵数"],"8330033":[40,"筑後市","上北島"],"8330004":[40,"筑後市","徳久"],"8330034":[40,"筑後市","下北島"],"8330024":[40,"筑後市","中牟田"],"8330005":[40,"筑後市","長浜"],"8330035":[40,"筑後市","古島"],"8330007":[40,"筑後市","鶴田"],"8330000":[40,"筑後市",""],"8330047":[40,"筑後市","若菜"],"8330027":[40,"筑後市","水田"],"8330045":[40,"筑後市","四ケ所"]}
