{"9718185":[7,"いわき市","泉町"],"9718162":[7,"いわき市","小名浜花畑町"],"9718136":[7,"いわき市","常磐三沢町"],"9718181":[7,"いわき市","泉町本谷"],"9718127":[7,"いわき市","小名浜玉川町"],"9718187":[7,"いわき市","葉山"],"9718164":[7,"いわき市","小名浜寺廻町"],"9718111":[7,"いわき市","小名浜大原"],"9718144":[7,"いわき市","鹿島町久保"],"9718167":[7,"いわき市","小名浜西君ケ塚町"],"9718134":[7,"いわき市","鹿島町飯田"],"9718183":[7,"いわき市","泉町下川"],"9718132":[7,"いわき市","鹿島町下矢田"],"9718151":[7,"いわき市","小名浜岡小名"],"9718184":[7,"いわき市","泉町黒須野"],"9718172":[7,"いわき市","泉玉露"],"9718133":[7,"いわき市","鹿島町米田"],"9718123":[7,"いわき市","小名浜相子島"],"9718152":[7,"いわき市","湘南台"],"9718122":[7,"いわき市","小名浜林城"],"9718121":[7,"いわき市","小名浜岩出"],"9718169":[7,"いわき市","小名浜南君ケ塚町"],"9718137":[7,"いわき市","常磐松久須根町"],"9718124":[7,"いわき市","小名浜住吉"],"9718166":[7,"いわき市","小名浜愛宕上"],"9718138":[7,"いわき市","若葉台"],"9718161":[7,"いわき市","小名浜諏訪町"],"9718126":[7,"いわき市","小名浜野田"],"9718139":[7,"いわき市","鹿島町鹿島"],"9718163":[7,"いわき市","小名浜中町境"],"9718143":[7,"いわき市","鹿島町下蔵持"],"9718125":[7,"いわき市","小名浜島"],"9718168":[7,"いわき市","小名浜君ケ塚町"],"9718102":[7,"いわき市","小名浜港ケ丘"],"9718112":[7,"いわき市","小名浜南富岡"],"9718188":[7,"いわき市","泉もえぎ台"],"9718142":[7,"いわき市","鹿島町上蔵持"],"9718165":[7,"いわき市","小名浜愛宕町"],"9718141":[7,"いわき市","鹿島町走熊"],"9718135":[7,"いわき市","小名浜金成"],"9718101":[7,"いわき市","小名浜"],"9718131":[7,"いわき市","常磐上矢田町"],"9718171":[7,"いわき市","泉ケ丘"],"9718186":[7,"いわき市","泉町玉露"],"9718145":[7,"いわき市","鹿島町船戸"],"9718182":[7,"いわき市","泉町滝尻"],"9718146":[7,"いわき市","鹿島町御代"]}
