{"8532482":[42,"五島市","本窯町"],"8532314":[42,"南松浦郡新上五島町","漁生浦郷"],"8530505":[42,"五島市","玉之浦町中須"],"8530504":[42,"五島市","玉之浦町丹奈"],"8532313":[42,"南松浦郡新上五島町","有福郷"],"8530501":[42,"五島市","玉之浦町荒川"],"8530313":[42,"五島市","岐宿町松山"],"8530212":[42,"五島市","富江町山下"],"8530017":[42,"五島市","武家屋敷"],"8530603":[42,"五島市","三井楽町柏"],"8530602":[42,"五島市","三井楽町大川"],"8530013":[42,"五島市","上大津町"],"8530023":[42,"五島市","上崎山町"],"8530014":[42,"五島市","三尾野町"],"8530025":[42,"五島市","小泊町"],"8532204":[42,"五島市","奈留町船廻"],"8530208":[42,"五島市","富江町黒島"],"8530508":[42,"五島市","玉之浦町布浦"],"8530207":[42,"五島市","富江町長峰"],"8530704":[42,"五島市","岐宿町河務"],"8530018":[42,"五島市","池田町"],"8530007":[42,"五島市","福江町"],"8530613":[42,"五島市","三井楽町塩水"],"8533101":[42,"南松浦郡新上五島町","奈良尾郷"],"8532315":[42,"南松浦郡新上五島町","間伏郷"],"8530053":[42,"五島市","奥浦町"],"8530609":[42,"五島市","三井楽町渕ノ元"],"8530213":[42,"五島市","富江町岳"],"8530027":[42,"五島市","増田町"],"8530612":[42,"五島市","三井楽町高崎"],"8530016":[42,"五島市","紺屋町"],"8530066":[42,"五島市","大円寺町"],"8530507":[42,"五島市","玉之浦町頓泊"],"8532203":[42,"五島市","奈留町泊"],"8530024":[42,"五島市","野々切町"],"8530015":[42,"五島市","東浜町"],"8532171":[42,"五島市","久賀町"],"8532305":[42,"南松浦郡新上五島町","西神ノ浦郷"],"8530211":[42,"五島市","富江町黒瀬"],"8530051":[42,"五島市","平蔵町"],"8532312":[42,"南松浦郡新上五島町","日島郷"],"8530503":[42,"五島市","玉之浦町小川"],"8532172":[42,"五島市","蕨町"],"8533323":[42,"南松浦郡新上五島町","東神ノ浦郷"],"8530506":[42,"五島市","玉之浦町上の平"],"8530012":[42,"五島市","長手町"],"8530204":[42,"五島市","富江町繁敷"],"8530052":[42,"五島市","松山町"],"8530041":[42,"五島市","籠淵町"],"8530412":[42,"五島市","玉之浦町立谷"],"8530061":[42,"五島市","黄島町"],"8530411":[42,"五島市","玉之浦町玉之浦"],"8530054":[42,"五島市","戸岐町"],"8532304":[42,"南松浦郡新上五島町","荒川郷"],"8530604":[42,"五島市","三井楽町貝津"],"8530703":[42,"五島市","岐宿町楠原"],"8530413":[42,"五島市","玉之浦町大宝"],"8532202":[42,"五島市","奈留町大串"],"8530065":[42,"五島市","坂の上"],"8532174":[42,"五島市","猪之木町"],"8530001":[42,"五島市","栄町"],"8530312":[42,"五島市","岐宿町中嶽"],"8532311":[42,"南松浦郡新上五島町","榊ノ浦郷"],"8530607":[42,"五島市","三井楽町嶽"],"8530206":[42,"五島市","富江町山手"],"8530064":[42,"五島市","三尾野"],"8532481":[42,"五島市","伊福貴町"],"8530203":[42,"五島市","富江町田尾"],"8532302":[42,"南松浦郡新上五島町","桐古里郷"],"8530702":[42,"五島市","岐宿町川原"],"8530000":[42,"五島市",""],"8532301":[42,"南松浦郡新上五島町","若松郷"],"8532173":[42,"五島市","田ノ浦町"],"8530608":[42,"五島市","三井楽町波砂間"],"8533322":[42,"南松浦郡新上五島町","阿瀬津郷"],"8532303":[42,"南松浦郡新上五島町","宿ノ浦郷"],"8530031":[42,"五島市","吉久木町"],"8530006":[42,"五島市","江川町"],"8530705":[42,"五島市","岐宿町戸岐ノ首"],"8530022":[42,"五島市","向町"],"8530042":[42,"五島市","吉田町"],"8533321":[42,"南松浦郡新上五島町","鯛ノ浦郷"],"8530205":[42,"五島市","富江町狩立"],"8530033":[42,"五島市","木場町"],"8530062":[42,"五島市","赤島町"],"8530002":[42,"五島市","中央町"],"8530005":[42,"五島市","末広町"],"8530011":[42,"五島市","下大津町"],"8530063":[42,"五島市","新港町"],"8530606":[42,"五島市","三井楽町丑ノ浦"],"8532201":[42,"五島市","奈留町浦"],"8530043":[42,"五島市","高田町"],"8530701":[42,"五島市","岐宿町岐宿"],"8530611":[42,"五島市","三井楽町嵯峨島"],"8530004":[42,"五島市","幸町"],"8530032":[42,"五島市","大荒町"],"8530201":[42,"五島市","富江町富江"],"8530003":[42,"五島市","錦町"],"8533102":[42,"南松浦郡新上五島町","岩瀬浦郷"],"8530311":[42,"五島市","岐宿町二本楠"],"8530021":[42,"五島市","下崎山町"],"8530605":[42,"五島市","三井楽町濱窄"],"8530044":[42,"五島市","堤町"],"8530502":[42,"五島市","玉之浦町幾久山"],"8530202":[42,"五島市","富江町松尾"],"8530214":[42,"五島市","富江町土取"],"8530215":[42,"五島市","富江町職人"],"8530026":[42,"五島市","浜町"],"8530601":[42,"五島市","三井楽町濱ノ畔"],"8530706":[42,"五島市","岐宿町唐船ノ浦"]}
