{"9680441":[7,"南会津郡只見町","黒谷"],"9680434":[7,"南会津郡只見町","小川"],"9680412":[7,"南会津郡只見町","十島"],"9680000":[7,"大沼郡金山町",""],"9680432":[7,"南会津郡只見町","黒沢"],"9680003":[7,"大沼郡金山町","沼沢"],"9680100":[7,"大沼郡昭和村",""],"9680604":[7,"南会津郡只見町","塩ノ岐"],"9680014":[7,"大沼郡金山町","玉梨"],"9680101":[7,"大沼郡昭和村","松山"],"9680431":[7,"南会津郡只見町","楢戸"],"9680444":[7,"南会津郡只見町","熊倉"],"9680324":[7,"大沼郡金山町","田沢"],"9680415":[7,"南会津郡只見町","叶津"],"9680421":[7,"南会津郡只見町","只見"],"9680603":[7,"南会津郡只見町","梁取"],"9680004":[7,"大沼郡金山町","太郎布"],"9680445":[7,"南会津郡只見町","亀岡"],"9680103":[7,"大沼郡昭和村","下中津川"],"9680013":[7,"大沼郡金山町","八町"],"9680414":[7,"南会津郡只見町","蒲生"],"9680012":[7,"大沼郡金山町","小栗山"],"9680002":[7,"大沼郡金山町","大栗山"],"9680605":[7,"南会津郡只見町","二軒在家"],"9680001":[7,"大沼郡金山町","水沼"],"9680443":[7,"南会津郡只見町","荒島"],"9680215":[7,"大沼郡昭和村","佐倉"],"9680104":[7,"大沼郡昭和村","小中津川"],"9680606":[7,"南会津郡只見町","坂田"],"9680413":[7,"南会津郡只見町","寄岩"],"9680323":[7,"大沼郡金山町","山入"],"9680006":[7,"大沼郡金山町","中川"],"9680607":[7,"南会津郡只見町","布沢"],"9680212":[7,"大沼郡昭和村","喰丸"],"9680213":[7,"大沼郡昭和村","両原"],"9680015":[7,"大沼郡金山町","西谷"],"9680102":[7,"大沼郡昭和村","野尻"],"9680400":[7,"南会津郡只見町",""],"9680325":[7,"大沼郡金山町","滝沢"],"9680442":[7,"南会津郡只見町","長浜"],"9680326":[7,"大沼郡金山町","大塩"],"9680422":[7,"南会津郡只見町","石伏"],"9680016":[7,"大沼郡金山町","本名"],"9680211":[7,"大沼郡昭和村","小野川"],"9680005":[7,"大沼郡金山町","大志"],"9680602":[7,"南会津郡只見町","大倉"],"9680322":[7,"大沼郡金山町","横田"],"9680214":[7,"大沼郡昭和村","大芦"],"9680601":[7,"南会津郡只見町","小林"],"9680321":[7,"大沼郡金山町","越川"],"9680423":[7,"南会津郡只見町","田子倉"],"9680411":[7,"南会津郡只見町","塩沢"],"9680433":[7,"南会津郡只見町","福井"],"9680011":[7,"大沼郡金山町","川口"]}
