{"6270245":[26,"京丹後市","丹後町袖志"],"6270231":[26,"京丹後市","丹後町乗原"],"6270037":[26,"京丹後市","峰山町千歳"],"6270024":[26,"京丹後市","峰山町室"],"6270212":[26,"京丹後市","丹後町三宅"],"6270012":[26,"京丹後市","峰山町杉谷"],"6270027":[26,"京丹後市","峰山町安"],"6270034":[26,"京丹後市","峰山町泉"],"6270001":[26,"京丹後市","峰山町橋木"],"6270228":[26,"京丹後市","丹後町宮"],"6270026":[26,"京丹後市","峰山町古殿"],"6270123":[26,"京丹後市","弥栄町吉沢"],"6270025":[26,"京丹後市","峰山町堺"],"6270041":[26,"京丹後市","峰山町菅"],"6270143":[26,"京丹後市","弥栄町船木"],"6270005":[26,"京丹後市","峰山町新町"],"6270013":[26,"京丹後市","峰山町不断"],"6270223":[26,"京丹後市","丹後町矢畑"],"6270225":[26,"京丹後市","丹後町願興寺"],"6270224":[26,"京丹後市","丹後町岩木"],"6270246":[26,"京丹後市","丹後町谷内"],"6270242":[26,"京丹後市","丹後町久僧"],"6270244":[26,"京丹後市","丹後町尾和"],"6270227":[26,"京丹後市","丹後町家ノ谷"],"6270036":[26,"京丹後市","峰山町御旅"],"6270031":[26,"京丹後市","峰山町呉服"],"6270144":[26,"京丹後市","弥栄町井辺"],"6270145":[26,"京丹後市","弥栄町国久"],"6270211":[26,"京丹後市","丹後町大山"],"6270007":[26,"京丹後市","峰山町石丸"],"6270121":[26,"京丹後市","弥栄町堤"],"6270234":[26,"京丹後市","丹後町中野"],"6270132":[26,"京丹後市","弥栄町木橋"],"6270248":[26,"京丹後市","丹後町碇"],"6270122":[26,"京丹後市","弥栄町芋野"],"6270004":[26,"京丹後市","峰山町荒山"],"6270133":[26,"京丹後市","弥栄町鳥取"],"6270044":[26,"京丹後市","峰山町小西"],"6270035":[26,"京丹後市","峰山町光明寺"],"6270226":[26,"京丹後市","丹後町牧ノ谷"],"6270006":[26,"京丹後市","峰山町赤坂"],"6270051":[26,"京丹後市","峰山町二箇"],"6270216":[26,"京丹後市","丹後町徳光"],"6270111":[26,"京丹後市","弥栄町溝谷"],"6270102":[26,"京丹後市","弥栄町須川"],"6270215":[26,"京丹後市","丹後町成願寺"],"6270235":[26,"京丹後市","丹後町井上"],"6270232":[26,"京丹後市","丹後町此代"],"6270043":[26,"京丹後市","峰山町新治"],"6270238":[26,"京丹後市","丹後町鞍内"],"6270249":[26,"京丹後市","丹後町三山"],"6270112":[26,"京丹後市","弥栄町等楽寺"],"6270141":[26,"京丹後市","弥栄町小田"],"6270142":[26,"京丹後市","弥栄町黒部"],"6270131":[26,"京丹後市","弥栄町和田野"],"6270233":[26,"京丹後市","丹後町平"],"6270053":[26,"京丹後市","峰山町鱒留"],"6270002":[26,"京丹後市","峰山町矢田"],"6270033":[26,"京丹後市","峰山町白銀"],"6270023":[26,"京丹後市","峰山町織元"],"6270201":[26,"京丹後市","丹後町間人"],"6270213":[26,"京丹後市","丹後町吉永"],"6270221":[26,"京丹後市","丹後町竹野"],"6270054":[26,"京丹後市","峰山町久次"],"6270045":[26,"京丹後市","峰山町西山"],"6270239":[26,"京丹後市","丹後町遠下"],"6270222":[26,"京丹後市","丹後町筆石"],"6270021":[26,"京丹後市","峰山町吉原"],"6270247":[26,"京丹後市","丹後町上山"],"6270022":[26,"京丹後市","峰山町上"],"6270241":[26,"京丹後市","丹後町上野"],"6270011":[26,"京丹後市","峰山町丹波"],"6270032":[26,"京丹後市","峰山町浪花"],"6270042":[26,"京丹後市","峰山町長岡"],"6270202":[26,"京丹後市","丹後町砂方"],"6270038":[26,"京丹後市","峰山町富貴屋"],"6270243":[26,"京丹後市","丹後町中浜"],"6270014":[26,"京丹後市","峰山町四軒"],"6270101":[26,"京丹後市","弥栄町野中"],"6270003":[26,"京丹後市","峰山町内記"],"6270052":[26,"京丹後市","峰山町五箇"],"6270000":[26,"京丹後市",""],"6270237":[26,"京丹後市","丹後町井谷"],"6270236":[26,"京丹後市","丹後町畑"],"6270214":[26,"京丹後市","丹後町是安"]}
