{"8030836":[40,"北九州市小倉北区","中井"],"8030274":[40,"北九州市小倉南区","長尾"],"8030275":[40,"北九州市小倉南区","高野"],"8030831":[40,"北九州市小倉北区","日明"],"8030854":[40,"北九州市小倉北区","皿山町"],"8030267":[40,"北九州市小倉南区","頂吉"],"8030812":[40,"北九州市小倉北区","室町"],"8030842":[40,"北九州市小倉北区","泉台"],"8030824":[40,"北九州市小倉北区","板櫃町"],"8030802":[40,"北九州市小倉北区","東港"],"8030265":[40,"北九州市小倉南区","春吉"],"8030801":[40,"北九州市小倉北区","西港町"],"8030845":[40,"北九州市小倉北区","上到津"],"8030183":[40,"北九州市小倉南区","市丸"],"8030276":[40,"北九州市小倉南区","徳吉"],"8030865":[40,"北九州市小倉北区","山田町"],"8030804":[40,"北九州市小倉北区","中井浜"],"8030180":[40,"北九州市小倉南区","平尾台"],"8030855":[40,"北九州市小倉北区","竪林町"],"8030862":[40,"北九州市小倉北区","今町"],"8030823":[40,"北九州市小倉北区","菜園場"],"8030837":[40,"北九州市小倉北区","中井口"],"8030853":[40,"北九州市小倉北区","高尾"],"8030181":[40,"北九州市小倉南区","呼野"],"8030277":[40,"北九州市小倉南区","徳吉東"],"8030266":[40,"北九州市小倉南区","道原"],"8030262":[40,"北九州市小倉南区","田代"],"8030852":[40,"北九州市小倉北区","新高田"],"8030832":[40,"北九州市小倉北区","平松町"],"8030264":[40,"北九州市小倉南区","山本"],"8030821":[40,"北九州市小倉北区","鋳物師町"],"8030833":[40,"北九州市小倉北区","朝日ケ丘"],"8030841":[40,"北九州市小倉北区","清水"],"8030846":[40,"北九州市小倉北区","下到津"],"8030272":[40,"北九州市小倉南区","長行西"],"8030268":[40,"北九州市小倉南区","高津尾"],"8030825":[40,"北九州市小倉北区","白萩町"],"8030843":[40,"北九州市小倉北区","金鶏町"],"8030273":[40,"北九州市小倉南区","長行東"],"8030822":[40,"北九州市小倉北区","青葉"],"8030827":[40,"北九州市小倉北区","緑ケ丘"],"8030186":[40,"北九州市小倉南区","新道寺"],"8030189":[40,"北九州市小倉南区","井手浦"],"8030805":[40,"北九州市小倉北区","親和町"],"8030838":[40,"北九州市小倉北区","高見台"],"8030818":[40,"北九州市小倉北区","竪町"],"8030863":[40,"北九州市小倉北区","南丘"],"8030182":[40,"北九州市小倉南区","小森"],"8030187":[40,"北九州市小倉南区","母原"],"8030835":[40,"北九州市小倉北区","井堀"],"8030279":[40,"北九州市小倉南区","徳吉南"],"8030278":[40,"北九州市小倉南区","徳吉西"],"8030844":[40,"北九州市小倉北区","真鶴"],"8030856":[40,"北九州市小倉北区","弁天町"],"8030263":[40,"北九州市小倉南区","辻三"],"8030271":[40,"北九州市小倉南区","長行"],"8030813":[40,"北九州市小倉北区","城内"],"8030815":[40,"北九州市小倉北区","原町"],"8030834":[40,"北九州市小倉北区","都"],"8030828":[40,"北九州市小倉北区","愛宕"],"8030851":[40,"北九州市小倉北区","木町"],"8030864":[40,"北九州市小倉北区","熊谷"],"8030184":[40,"北九州市小倉南区","木下"],"8030826":[40,"北九州市小倉北区","高峰町"],"8030803":[40,"北九州市小倉北区","許斐町"],"8030188":[40,"北九州市小倉南区","母原"],"8030814":[40,"北九州市小倉北区","大手町"],"8030816":[40,"北九州市小倉北区","金田"],"8030861":[40,"北九州市小倉北区","篠崎"],"8030811":[40,"北九州市小倉北区","大門"],"8030817":[40,"北九州市小倉北区","田町"],"8030185":[40,"北九州市小倉南区","石原町"],"8030261":[40,"北九州市小倉南区","合馬"]}
