{"7140034":[33,"笠岡市","神島外浦"],"7140301":[33,"笠岡市","北木島町"],"7140094":[33,"笠岡市","七番町"],"7142341":[33,"井原市","芳井町東三原"],"7140021":[33,"笠岡市","園井"],"7141406":[33,"井原市","美星町三山"],"7140023":[33,"笠岡市","広浜"],"7141403":[33,"井原市","美星町上高末"],"7140095":[33,"笠岡市","八番町"],"7140036":[33,"笠岡市","白石島"],"7140035":[33,"笠岡市","高島"],"7142121":[33,"井原市","芳井町佐屋"],"7141211":[33,"小田郡矢掛町","東三成"],"7140044":[33,"笠岡市","神島"],"7140065":[33,"笠岡市","城見台"],"7140087":[33,"笠岡市","六番町"],"7141201":[33,"小田郡矢掛町","矢掛"],"7140082":[33,"笠岡市","一番町"],"7140022":[33,"笠岡市","今立"],"7140098":[33,"笠岡市","十一番町"],"7140011":[33,"笠岡市","吉田"],"7140074":[33,"笠岡市","吉浜"],"7141214":[33,"小田郡矢掛町","南山田"],"7140062":[33,"笠岡市","茂平"],"7142234":[33,"井原市","芳井町西三原"],"7141222":[33,"小田郡矢掛町","西川面"],"7140007":[33,"笠岡市","山口"],"7140073":[33,"笠岡市","大河"],"7140000":[33,"笠岡市",""],"7140077":[33,"笠岡市","篠坂"],"7142113":[33,"井原市","芳井町天神山"],"7140302":[33,"笠岡市","飛島"],"7141223":[33,"小田郡矢掛町","東川面"],"7140032":[33,"笠岡市","西大島"],"7141205":[33,"小田郡矢掛町","宇角"],"7140086":[33,"笠岡市","五番町"],"7142111":[33,"井原市","芳井町吉井"],"7140001":[33,"笠岡市","走出"],"7141204":[33,"小田郡矢掛町","下高末"],"7140091":[33,"笠岡市","絵師"],"7140014":[33,"笠岡市","相生"],"7141407":[33,"井原市","美星町黒忠"],"7140045":[33,"笠岡市","港町"],"7140085":[33,"笠岡市","四番町"],"7141405":[33,"井原市","美星町宇戸"],"7140013":[33,"笠岡市","大井南"],"7140078":[33,"笠岡市","入田"],"7140051":[33,"笠岡市","カブト東町"],"7140005":[33,"笠岡市","新賀"],"7141212":[33,"小田郡矢掛町","横谷"],"7141412":[33,"井原市","美星町東水砂"],"7140063":[33,"笠岡市","鋼管町"],"7140096":[33,"笠岡市","九番町"],"7140054":[33,"笠岡市","平成町"],"7142123":[33,"井原市","芳井町片塚"],"7140072":[33,"笠岡市","西大戸"],"7140075":[33,"笠岡市","有田"],"7142125":[33,"井原市","芳井町池谷"],"7141206":[33,"小田郡矢掛町","内田"],"7140081":[33,"笠岡市","笠岡"],"7142114":[33,"井原市","芳井町川相"],"7140012":[33,"笠岡市","小平井"],"7140037":[33,"笠岡市","真鍋島"],"7140097":[33,"笠岡市","十番町"],"7140043":[33,"笠岡市","横島"],"7141225":[33,"小田郡矢掛町","浅海"],"7140046":[33,"笠岡市","カブト南町"],"7141411":[33,"井原市","美星町大倉"],"7140004":[33,"笠岡市","関戸"],"7141224":[33,"小田郡矢掛町","本堀"],"7141404":[33,"井原市","美星町烏頭"],"7142102":[33,"井原市","芳井町与井"],"7140092":[33,"笠岡市","富岡"],"7140053":[33,"笠岡市","カブト西町"],"7140052":[33,"笠岡市","カブト中央町"],"7142232":[33,"井原市","芳井町上鴫"],"7141202":[33,"小田郡矢掛町","小林"],"7140038":[33,"笠岡市","六島"],"7142104":[33,"井原市","芳井町花滝"],"7141414":[33,"井原市","美星町黒木"],"7140024":[33,"笠岡市","馬飼"],"7141221":[33,"小田郡矢掛町","宇内"],"7141415":[33,"井原市","美星町星田"],"7142122":[33,"井原市","芳井町種"],"7142124":[33,"井原市","芳井町井山"],"7140056":[33,"笠岡市","旭が丘"],"7140041":[33,"笠岡市","入江"],"7140033":[33,"笠岡市","大島中"],"7141200":[33,"小田郡矢掛町",""],"7142103":[33,"井原市","芳井町宇戸川"],"7140057":[33,"笠岡市","金浦"],"7140084":[33,"笠岡市","三番町"],"7140061":[33,"笠岡市","大げ"],"7142231":[33,"井原市","芳井町下鴫"],"7140064":[33,"笠岡市","西茂平"],"7140066":[33,"笠岡市","用之江"],"7142101":[33,"井原市","芳井町梶江"],"7140055":[33,"笠岡市","生江浜"],"7140003":[33,"笠岡市","尾坂"],"7141227":[33,"小田郡矢掛町","小田"],"7140025":[33,"笠岡市","春日台"],"7141402":[33,"井原市","美星町宇戸谷"],"7140031":[33,"笠岡市","西大島新田"],"7140093":[33,"笠岡市","新横島"],"7140076":[33,"笠岡市","押撫"],"7141215":[33,"小田郡矢掛町","中"],"7142233":[33,"井原市","芳井町山村"],"7140071":[33,"笠岡市","東大戸"],"7140047":[33,"笠岡市","拓海町"],"7140101":[33,"浅口市","寄島町"],"7140088":[33,"笠岡市","中央町"],"7140002":[33,"笠岡市","甲弩"],"7140083":[33,"笠岡市","二番町"],"7140042":[33,"笠岡市","美の浜"],"7141413":[33,"井原市","美星町西水砂"],"7141203":[33,"小田郡矢掛町","上高末"],"7142112":[33,"井原市","芳井町簗瀬"],"7141213":[33,"小田郡矢掛町","里山田"],"7141226":[33,"小田郡矢掛町","江良"],"7140048":[33,"笠岡市","緑町"],"7140006":[33,"笠岡市","みの越"],"7141401":[33,"井原市","美星町明治"]}
