{"5950025":[27,"泉大津市","旭町"],"5950042":[27,"泉大津市","高津町"],"5950000":[27,"泉大津市",""],"5950015":[27,"泉大津市","二田町"],"5950012":[27,"泉大津市","北豊中町"],"5950016":[27,"泉大津市","条南町"],"5950007":[27,"泉大津市","助松団地"],"5950001":[27,"泉大津市","綾井"],"5950006":[27,"泉大津市","東助松町"],"5950035":[27,"泉大津市","式内町"],"5950802":[27,"泉北郡忠岡町","高月南"],"5950072":[27,"泉大津市","松之浜町"],"5950053":[27,"泉大津市","青葉町"],"5950063":[27,"泉大津市","本町"],"5950056":[27,"泉大津市","夕凪町"],"5950073":[27,"泉大津市","新港町"],"5950023":[27,"泉大津市","豊中町"],"5950024":[27,"泉大津市","池浦町"],"5950017":[27,"泉大津市","池園町"],"5950032":[27,"泉大津市","穴田"],"5950804":[27,"泉北郡忠岡町","馬瀬"],"5950014":[27,"泉大津市","寿町"],"5950026":[27,"泉大津市","東雲町"],"5950064":[27,"泉大津市","神明町"],"5950814":[27,"泉北郡忠岡町","新浜"],"5950005":[27,"泉大津市","森町"],"5950062":[27,"泉大津市","田中町"],"5950054":[27,"泉大津市","汐見町"],"5950081":[27,"高石市","南高砂"],"5950075":[27,"泉大津市","臨海町"],"5950034":[27,"泉大津市","宇多"],"5950812":[27,"泉北郡忠岡町","忠岡中"],"5950074":[27,"泉大津市","小津島町"],"5950071":[27,"泉大津市","助松町"],"5950065":[27,"泉大津市","若宮町"],"5950811":[27,"泉北郡忠岡町","忠岡北"],"5950067":[27,"泉大津市","小松町"],"5950003":[27,"泉大津市","尾井千原町"],"5950039":[27,"泉大津市","楠町東"],"5950066":[27,"泉大津市","菅原町"],"5950004":[27,"泉大津市","千原町"],"5950055":[27,"泉大津市","なぎさ町"],"5950033":[27,"泉大津市","板原"],"5950805":[27,"泉北郡忠岡町","忠岡東"],"5950038":[27,"泉大津市","楠町西"],"5950037":[27,"泉大津市","虫取"],"5950044":[27,"泉大津市","河原町"],"5950036":[27,"泉大津市","昭和町"],"5950061":[27,"泉大津市","春日町"],"5950027":[27,"泉大津市","下条町"],"5950002":[27,"泉大津市","末広町"],"5950051":[27,"泉大津市","東港町"],"5950041":[27,"泉大津市","戎町"],"5950031":[27,"泉大津市","我孫子"],"5950801":[27,"泉北郡忠岡町","高月北"],"5950022":[27,"泉大津市","池浦"],"5950043":[27,"泉大津市","清水町"],"5950021":[27,"泉大津市","東豊中町"],"5950045":[27,"泉大津市","下之町"],"5950046":[27,"泉大津市","上之町"],"5950052":[27,"泉大津市","西港町"],"5950013":[27,"泉大津市","宮町"],"5950813":[27,"泉北郡忠岡町","忠岡南"],"5950803":[27,"泉北郡忠岡町","北出"],"5950011":[27,"泉大津市","曽根町"],"5950028":[27,"泉大津市","要池住宅"]}
