{"8115744":[42,"壱岐市","芦辺町住吉後触"],"8113402":[40,"宗像市","河東"],"8112128":[40,"糟屋郡宇美町","宇美中央"],"8112200":[40,"糟屋郡志免町",""],"8115215":[42,"壱岐市","石田町石田西触"],"8111302":[40,"福岡市南区","井尻"],"8110213":[40,"福岡市東区","和白丘"],"8115542":[42,"壱岐市","勝本町本宮東触"],"8112305":[40,"糟屋郡粕屋町","柚須"],"8115731":[42,"壱岐市","芦辺町国分当田触"],"8115741":[42,"壱岐市","芦辺町住吉山信触"],"8111313":[40,"福岡市南区","曰佐"],"8113521":[40,"福津市","勝浦"],"8115213":[42,"壱岐市","石田町南触"],"8113406":[40,"宗像市","稲元"],"8112102":[40,"糟屋郡宇美町","炭焼"],"8113512":[40,"宗像市","鐘崎"],"8115552":[42,"壱岐市","勝本町百合畑触"],"8115111":[42,"壱岐市","郷ノ浦町半城本村触"],"8113415":[40,"宗像市","朝野"],"8115501":[42,"壱岐市","勝本町勝本浦"],"8110201":[40,"福岡市東区","三苫"],"8114153":[40,"宗像市","吉留"],"8113103":[40,"古賀市","中央"],"8115135":[42,"壱岐市","郷ノ浦町郷ノ浦"],"8113304":[40,"福津市","津屋崎"],"8112415":[40,"糟屋郡篠栗町","津波黒"],"8112312":[40,"糟屋郡粕屋町","戸原"],"8114203":[40,"遠賀郡岡垣町","内浦"],"8114239":[40,"遠賀郡岡垣町","野間南"],"8115461":[42,"壱岐市","芦辺町瀬戸浦"],"8112241":[40,"糟屋郡志免町","東公園台"],"8115106":[42,"壱岐市","郷ノ浦町小牧東触"],"8114147":[40,"宗像市","石丸"],"8110104":[40,"糟屋郡新宮町","的野"],"8115131":[42,"壱岐市","郷ノ浦町永田触"],"8111236":[40,"筑紫郡那珂川町","南面里"],"8112500":[40,"糟屋郡久山町",""],"8111345":[40,"福岡市南区","向新町"],"8115225":[42,"壱岐市","石田町湯岳興触"],"8115115":[42,"壱岐市","郷ノ浦町木田触"],"8111362":[40,"福岡市南区","長住"],"8113206":[40,"福津市","久末"],"8114331":[40,"遠賀郡遠賀町","別府"],"8110325":[40,"福岡市東区","勝馬"],"8112112":[40,"糟屋郡須惠町","植木"],"8115141":[42,"壱岐市","郷ノ浦町若松触"],"8111123":[40,"福岡市早良区","内野"],"8113505":[40,"宗像市","田島"],"8115753":[42,"壱岐市","芦辺町湯岳本村触"],"8111355":[40,"福岡市南区","桧原"],"8113131":[40,"古賀市","今在家"],"8114342":[40,"遠賀郡遠賀町","尾崎"],"8114238":[40,"遠賀郡岡垣町","海老津駅南"],"8111303":[40,"福岡市南区","折立町"],"8112204":[40,"糟屋郡志免町","田富"],"8114324":[40,"遠賀郡遠賀町","虫生津南"],"8112124":[40,"糟屋郡宇美町","若草"],"8114161":[40,"宗像市","朝町"],"8110111":[40,"糟屋郡新宮町","三代"],"8115555":[42,"壱岐市","勝本町立石南触"],"8115116":[42,"壱岐市","郷ノ浦町物部本村触"],"8111251":[40,"筑紫郡那珂川町","松木"],"8113424":[40,"宗像市","原町"],"8115315":[42,"壱岐市","芦辺町諸吉二亦触"],"8115545":[42,"壱岐市","勝本町本宮南触"],"8110120":[40,"糟屋郡新宮町","中央駅前"],"8114233":[40,"遠賀郡岡垣町","野間"],"8112121":[40,"糟屋郡宇美町","平和"],"8114306":[40,"遠賀郡遠賀町","旧停"],"8113219":[40,"福津市","西福間"],"8110203":[40,"福岡市東区","塩浜"],"8112300":[40,"糟屋郡粕屋町",""],"8111215":[40,"筑紫郡那珂川町","松原"],"8113116":[40,"古賀市","庄"],"8111114":[40,"福岡市早良区","椎原"],"8114302":[40,"遠賀郡遠賀町","広渡"],"8115322":[42,"壱岐市","芦辺町深江鶴亀触"],"8113301":[40,"福津市","在自"],"8111232":[40,"筑紫郡那珂川町","埋金"],"8112131":[40,"糟屋郡宇美町","貴船"],"8112106":[40,"糟屋郡宇美町","ひばりが丘"],"8114224":[40,"遠賀郡岡垣町","鍋田"],"8111203":[40,"筑紫郡那珂川町","片縄北"],"8112402":[40,"糟屋郡篠栗町","金出"],"8115533":[42,"壱岐市","勝本町新城西触"],"8113123":[40,"古賀市","米多比"],"8113312":[40,"福津市","宮司ヶ丘"],"8111113":[40,"福岡市早良区","板屋"],"8113101":[40,"古賀市","天神"],"8114172":[40,"宗像市","緑町"],"8114151":[40,"宗像市","城南ケ丘"],"8112309":[40,"糟屋郡粕屋町","駕与丁"],"8114218":[40,"遠賀郡岡垣町","中央台"],"8115301":[42,"壱岐市","芦辺町芦辺浦"],"8113132":[40,"古賀市","川原"],"8115203":[42,"壱岐市","石田町筒城東触"],"8115204":[42,"壱岐市","石田町筒城西触"],"8113201":[40,"福津市","八並"],"8110114":[40,"糟屋郡新宮町","湊坂"],"8115151":[42,"壱岐市","郷ノ浦町渡良浦"],"8114175":[40,"宗像市","田久"],"8112503":[40,"糟屋郡久山町","猪野"],"8113107":[40,"古賀市","美明"],"8115752":[42,"壱岐市","芦辺町中野郷東触"],"8113436":[40,"宗像市","東郷"],"8115512":[42,"壱岐市","勝本町東触"],"8110321":[40,"福岡市東区","西戸崎"],"8113223":[40,"福津市","光陽台"],"8115162":[42,"壱岐市","郷ノ浦町長島"],"8114211":[40,"遠賀郡岡垣町","吉木"],"8115124":[42,"壱岐市","郷ノ浦町志原南触"],"8113502":[40,"宗像市","江口"],"8113305":[40,"福津市","宮司"],"8111233":[40,"筑紫郡那珂川町","市ノ瀬"],"8115134":[42,"壱岐市","郷ノ浦町庄触"],"8110212":[40,"福岡市東区","美和台"],"8115462":[42,"壱岐市","芦辺町箱崎大左右触"],"8111101":[40,"福岡市早良区","重留"],"8112412":[40,"糟屋郡篠栗町","乙犬"],"8113104":[40,"古賀市","花鶴丘"],"8114142":[40,"宗像市","泉ケ丘"],"8111132":[40,"福岡市早良区","石釜"],"8115464":[42,"壱岐市","芦辺町箱崎谷江触"],"8113202":[40,"福津市","畦町"],"8110101":[40,"糟屋郡新宮町","原上"],"8114341":[40,"遠賀郡遠賀町","鬼津"],"8115101":[42,"壱岐市","郷ノ浦町長峰本村触"],"8111365":[40,"福岡市南区","皿山"],"8111252":[40,"筑紫郡那珂川町","五郎丸"],"8114220":[40,"遠賀郡岡垣町","東山田"],"8113308":[40,"福津市","星ケ丘"],"8114152":[40,"宗像市","武丸"],"8113102":[40,"古賀市","駅東"],"8113216":[40,"福津市","花見が浜"],"8115226":[42,"壱岐市","石田町湯岳射手吉触"],"8112208":[40,"糟屋郡志免町","吉原"],"8114182":[40,"宗像市","城ケ谷"],"8113405":[40,"宗像市","須恵"],"8110324":[40,"福岡市東区","弘"],"8110115":[40,"糟屋郡新宮町","新宮"],"8114305":[40,"遠賀郡遠賀町","松の本"],"8112205":[40,"糟屋郡志免町","別府"],"8112414":[40,"糟屋郡篠栗町","和田"],"8112304":[40,"糟屋郡粕屋町","仲原"],"8114204":[40,"遠賀郡岡垣町","手野"],"8115733":[42,"壱岐市","芦辺町国分川迎触"],"8112127":[40,"糟屋郡宇美町","障子岳"],"8113432":[40,"宗像市","大井"],"8113423":[40,"宗像市","野坂"],"8113513":[40,"宗像市","上八"],"8115132":[42,"壱岐市","郷ノ浦町東触"],"8115155":[42,"壱岐市","郷ノ浦町麦谷触"],"8115152":[42,"壱岐市","郷ノ浦町渡良南触"],"8111231":[40,"筑紫郡那珂川町","不入道"],"8111242":[40,"筑紫郡那珂川町","西隈"],"8115468":[42,"壱岐市","芦辺町箱崎諸津触"],"8115107":[42,"壱岐市","郷ノ浦町有安触"],"8115163":[42,"壱岐市","郷ノ浦町原島"],"8113100":[40,"古賀市",""],"8115125":[42,"壱岐市","郷ノ浦町志原西触"],"8113507":[40,"宗像市","多禮"],"8113421":[40,"宗像市","大穂"],"8110214":[40,"福岡市東区","和白東"],"8111361":[40,"福岡市南区","西長住"],"8110202":[40,"福岡市東区","和白"],"8111244":[40,"筑紫郡那珂川町","山田"],"8112123":[40,"糟屋郡宇美町","光正寺"],"8110116":[40,"糟屋郡新宮町","湊"],"8115556":[42,"壱岐市","勝本町立石西触"],"8115102":[42,"壱岐市","郷ノ浦町長峰東触"],"8112411":[40,"糟屋郡篠栗町","若杉"],"8113416":[40,"宗像市","宮田"],"8115743":[42,"壱岐市","芦辺町住吉前触"],"8112109":[40,"糟屋郡宇美町","桜原"],"8112313":[40,"糟屋郡粕屋町","江辻"],"8114333":[40,"遠賀郡遠賀町","島門"],"8114184":[40,"宗像市","くりえいと"],"8111102":[40,"福岡市早良区","東入部"],"8113501":[40,"宗像市","神湊"],"8114202":[40,"遠賀郡岡垣町","原"],"8115214":[42,"壱岐市","石田町印通寺浦"],"8115112":[42,"壱岐市","郷ノ浦町大浦触"],"8112233":[40,"糟屋郡志免町","別府北"],"8114229":[40,"遠賀郡岡垣町","百合ケ丘"],"8112113":[40,"糟屋郡須惠町","須惠"],"8113309":[40,"福津市","宮司元町"],"8112501":[40,"糟屋郡久山町","久原"],"8111256":[40,"筑紫郡那珂川町","仲丸"],"8114237":[40,"遠賀郡岡垣町","東高倉"],"8111212":[40,"筑紫郡那珂川町","中原観晴が丘"],"8111121":[40,"福岡市早良区","西入部"],"8113221":[40,"福津市","若木台"],"8113105":[40,"古賀市","鹿部"],"8112413":[40,"糟屋郡篠栗町","尾仲"],"8112403":[40,"糟屋郡篠栗町","萩尾"],"8113211":[40,"福津市","有弥の里"],"8115463":[42,"壱岐市","芦辺町箱崎中山触"],"8112114":[40,"糟屋郡須惠町","上須惠"],"8115325":[42,"壱岐市","芦辺町深江南触"],"8111253":[40,"筑紫郡那珂川町","仲"],"8115105":[42,"壱岐市","郷ノ浦町小牧西触"],"8110204":[40,"福岡市東区","奈多"],"8113435":[40,"宗像市","用山"],"8114332":[40,"遠賀郡遠賀町","上別府"],"8115211":[42,"壱岐市","石田町石田東触"],"8115522":[42,"壱岐市","勝本町新城東触"],"8110121":[40,"糟屋郡新宮町","美咲"],"8114226":[40,"遠賀郡岡垣町","南高陽"],"8111112":[40,"福岡市早良区","小笠木"],"8115553":[42,"壱岐市","勝本町立石東触"],"8113311":[40,"福津市","宮司浜"],"8114225":[40,"遠賀郡岡垣町","東高陽"],"8112245":[40,"糟屋郡志免町","片峰"],"8115142":[42,"壱岐市","郷ノ浦町坪触"],"8111134":[40,"福岡市早良区","飯場"],"8112103":[40,"糟屋郡宇美町","四王寺坂"],"8112206":[40,"糟屋郡志免町","御手洗"],"8111346":[40,"福岡市南区","老司"],"8112242":[40,"糟屋郡志免町","松ケ丘"],"8112311":[40,"糟屋郡粕屋町","長者原"],"8114163":[40,"宗像市","自由ケ丘"],"8111211":[40,"筑紫郡那珂川町","今光"],"8114214":[40,"遠賀郡岡垣町","松ケ台"],"8114157":[40,"宗像市","アスティ"],"8113222":[40,"福津市","津丸"],"8111243":[40,"筑紫郡那珂川町","東隈"],"8112246":[40,"糟屋郡志免町","片峰中央"],"8110102":[40,"糟屋郡新宮町","立花口"],"8113200":[40,"福津市",""],"8112126":[40,"糟屋郡宇美町","障子岳南"],"8113504":[40,"宗像市","深田"],"8113137":[40,"古賀市","古賀"],"8114173":[40,"宗像市","栄町"],"8114205":[40,"遠賀郡岡垣町","三吉"],"8115544":[42,"壱岐市","勝本町布気触"],"8115541":[42,"壱岐市","勝本町本宮西触"],"8113228":[40,"福津市","光陽台南"],"8113115":[40,"古賀市","久保"],"8114146":[40,"宗像市","赤間"],"8111202":[40,"筑紫郡那珂川町","片縄西"],"8114141":[40,"宗像市","大谷"],"8115221":[42,"壱岐市","石田町池田東触"],"8111223":[40,"筑紫郡那珂川町","上梶原"],"8113412":[40,"宗像市","平等寺"],"8115314":[42,"壱岐市","芦辺町諸吉東触"],"8113203":[40,"福津市","本木"],"8114232":[40,"遠賀郡岡垣町","上畑"],"8112308":[40,"糟屋郡粕屋町","内橋"],"8115521":[42,"壱岐市","勝本町西戸触"],"8111133":[40,"福岡市早良区","曲渕"],"8112303":[40,"糟屋郡粕屋町","酒殿"],"8113122":[40,"古賀市","薦野"],"8113215":[40,"福津市","花見の里"],"8114300":[40,"遠賀郡遠賀町",""],"8114177":[40,"宗像市","桜美台"],"8112201":[40,"糟屋郡志免町","桜丘"],"8115511":[42,"壱岐市","勝本町仲触"],"8114171":[40,"宗像市","葉山"],"8113431":[40,"宗像市","田熊"],"8114185":[40,"宗像市","赤間駅前"],"8115117":[42,"壱岐市","郷ノ浦町田中触"],"8113118":[40,"古賀市","新久保"],"8113503":[40,"宗像市","牟田尻"],"8114215":[40,"遠賀郡岡垣町","旭台"],"8115212":[42,"壱岐市","石田町本村触"],"8112314":[40,"糟屋郡粕屋町","若宮"],"8111213":[40,"筑紫郡那珂川町","中原"],"8114174":[40,"宗像市","自由ケ丘西町"],"8113111":[40,"古賀市","花見南"],"8111324":[40,"福岡市南区","警弥郷"],"8111235":[40,"筑紫郡那珂川町","成竹"],"8114311":[40,"遠賀郡遠賀町","老良"],"8114321":[40,"遠賀郡遠賀町","虫生津"],"8111353":[40,"福岡市南区","柏原"],"8113515":[40,"宗像市","池田"],"8112416":[40,"糟屋郡篠栗町","田中"],"8114181":[40,"宗像市","城山ニュータウン"],"8115121":[42,"壱岐市","郷ノ浦町平人触"],"8113125":[40,"古賀市","谷山"],"8113307":[40,"福津市","渡"],"8110117":[40,"糟屋郡新宮町","上府"],"8111352":[40,"福岡市南区","鶴田"],"8115734":[42,"壱岐市","芦辺町国分本村触"],"8115467":[42,"壱岐市","芦辺町箱崎江角触"],"8113213":[40,"福津市",""],"8110323":[40,"福岡市東区","志賀島"],"8113411":[40,"宗像市","山田"],"8113422":[40,"宗像市","王丸"],"8111241":[40,"筑紫郡那珂川町","後野"],"8115133":[42,"壱岐市","郷ノ浦町本村触"],"8114322":[40,"遠賀郡遠賀町","芙蓉"],"8113113":[40,"古賀市","千鳥"],"8113133":[40,"古賀市","青柳町"],"8114164":[40,"宗像市","徳重"],"8115532":[42,"壱岐市","勝本町大久保触"],"8115103":[42,"壱岐市","郷ノ浦町新田触"],"8113135":[40,"古賀市","小竹"],"8115122":[42,"壱岐市","郷ノ浦町大原触"],"8113302":[40,"福津市","大石"],"8115324":[42,"壱岐市","芦辺町深江東触"],"8114241":[40,"遠賀郡岡垣町","吉木東"],"8111245":[40,"筑紫郡那珂川町","別所"],"8111111":[40,"福岡市早良区","脇山"],"8112232":[40,"糟屋郡志免町","別府西"],"8115144":[42,"壱岐市","郷ノ浦町初山東触"],"8111122":[40,"福岡市早良区","早良"],"8115755":[42,"壱岐市","芦辺町湯岳興触"],"8113514":[40,"宗像市","田野"],"8113408":[40,"宗像市","樟陽台"],"8111124":[40,"福岡市早良区","金武"],"8112248":[40,"糟屋郡志免町","坂瀬"],"8111204":[40,"筑紫郡那珂川町","片縄東"],"8115153":[42,"壱岐市","郷ノ浦町渡良西触"],"8110119":[40,"糟屋郡新宮町","緑ケ浜"],"8114304":[40,"遠賀郡遠賀町","若松"],"8114343":[40,"遠賀郡遠賀町","田園"],"8111201":[40,"筑紫郡那珂川町","片縄"],"8113220":[40,"福津市","あけぼの"],"8115754":[42,"壱岐市","芦辺町湯岳今坂触"],"8115523":[42,"壱岐市","勝本町片山触"],"8112207":[40,"糟屋郡志免町","南里"],"8115466":[42,"壱岐市","芦辺町箱崎本村触"],"8112202":[40,"糟屋郡志免町","志免"],"8113136":[40,"古賀市","糸ケ浦"],"8114155":[40,"宗像市","名残"],"8111344":[40,"福岡市南区","三宅"],"8115113":[42,"壱岐市","郷ノ浦町牛方触"],"8113208":[40,"福津市","福間駅東"],"8113413":[40,"宗像市","曲"],"8111322":[40,"福岡市南区","弥永団地"],"8110112":[40,"糟屋郡新宮町","下府"],"8112243":[40,"糟屋郡志免町","志免東"],"8110122":[40,"糟屋郡新宮町","杜の宮"],"8111356":[40,"福岡市南区","花畑"],"8112244":[40,"糟屋郡志免町","志免中央"],"8114201":[40,"遠賀郡岡垣町","波津"],"8113438":[40,"宗像市","和歌美台"],"8113434":[40,"宗像市","村山田"],"8111103":[40,"福岡市早良区","四箇"],"8113112":[40,"古賀市","花見東"],"8113126":[40,"古賀市","小山田"],"8113134":[40,"古賀市","青柳"],"8114156":[40,"宗像市","自由ケ丘南"],"8114236":[40,"遠賀郡岡垣町","海老津駅前"],"8113430":[40,"宗像市","平井"],"8112125":[40,"糟屋郡宇美町","宇美東"],"8113227":[40,"福津市","高平"],"8114312":[40,"遠賀郡遠賀町","浅木"],"8112404":[40,"糟屋郡篠栗町","内住"],"8114222":[40,"遠賀郡岡垣町","戸切"],"8114145":[40,"宗像市","陵厳寺"],"8113212":[40,"福津市","福間南"],"8113205":[40,"福津市","内殿"],"8112108":[40,"糟屋郡宇美町","ゆりが丘"],"8115312":[42,"壱岐市","芦辺町諸吉南触"],"8113121":[40,"古賀市","筵内"],"8112400":[40,"糟屋郡篠栗町",""],"8110103":[40,"糟屋郡新宮町","花立花"],"8113404":[40,"宗像市","城西ケ丘"],"8110205":[40,"福岡市東区","奈多団地"],"8112307":[40,"糟屋郡粕屋町","原町"],"8111347":[40,"福岡市南区","野多目"],"8115136":[42,"壱岐市","郷ノ浦町片原触"],"8111222":[40,"筑紫郡那珂川町","下梶原"],"8113400":[40,"宗像市",""],"8114228":[40,"遠賀郡岡垣町","東松原"],"8113522":[40,"福津市","奴山"],"8115143":[42,"壱岐市","郷ノ浦町初山西触"],"8111312":[40,"福岡市南区","横手南町"],"8114213":[40,"遠賀郡岡垣町","糠塚"],"8111254":[40,"筑紫郡那珂川町","道善"],"8115313":[42,"壱岐市","芦辺町諸吉仲触"],"8113225":[40,"福津市","東福間"],"8114231":[40,"遠賀郡岡垣町","海老津"],"8111255":[40,"筑紫郡那珂川町","恵子"],"8110215":[40,"福岡市東区","高美台"],"8115222":[42,"壱岐市","石田町池田仲触"],"8112221":[40,"糟屋郡須惠町","旅石"],"8115757":[42,"壱岐市","芦辺町中野郷西触"],"8110216":[40,"福岡市東区","上和白"],"8112302":[40,"糟屋郡粕屋町","大隈"],"8111364":[40,"福岡市南区","中尾"],"8110118":[40,"糟屋郡新宮町","相島"],"8115751":[42,"壱岐市","芦辺町中野郷仲触"],"8115531":[42,"壱岐市","勝本町坂本触"],"8115732":[42,"壱岐市","芦辺町国分東触"],"8111314":[40,"福岡市南区","的場"],"8113701":[40,"宗像市","大島"],"8113106":[40,"古賀市","日吉"],"8114176":[40,"宗像市","赤間ケ丘"],"8114242":[40,"遠賀郡岡垣町","吉木西"],"8113414":[40,"宗像市","光岡"],"8115551":[42,"壱岐市","勝本町湯本浦"],"8113425":[40,"宗像市","日の里"],"8114113":[40,"宗像市","曲"],"8112101":[40,"糟屋郡宇美町","宇美"],"8111131":[40,"福岡市早良区","西"],"8111354":[40,"福岡市南区","大平寺"],"8115100":[42,"壱岐市",""],"8112100":[40,"糟屋郡宇美町",""],"8112315":[40,"糟屋郡粕屋町","甲仲原"],"8115756":[42,"壱岐市","芦辺町中野郷本村触"],"8115224":[42,"壱岐市","石田町池田西触"],"8115104":[42,"壱岐市","郷ノ浦町里触"],"8113506":[40,"宗像市","吉田"],"8113516":[40,"宗像市","公園通り"],"8113511":[40,"宗像市","地島"],"8113114":[40,"古賀市","舞の里"],"8114301":[40,"遠賀郡遠賀町","島津"],"8111224":[40,"筑紫郡那珂川町","安徳"],"8110110":[40,"糟屋郡新宮町","夜臼"],"8113229":[40,"福津市","桜川"],"8112247":[40,"糟屋郡志免町","向ケ丘"],"8112310":[40,"糟屋郡粕屋町","花ヶ浦"],"8114165":[40,"宗像市","広陵台"],"8110113":[40,"糟屋郡新宮町","桜山手"],"8113407":[40,"宗像市","天平台"],"8112111":[40,"糟屋郡須惠町","新原"],"8115554":[42,"壱岐市","勝本町立石仲触"],"8115543":[42,"壱岐市","勝本町上場触"],"8115321":[42,"壱岐市","芦辺町深江栄触"],"8114323":[40,"遠賀郡遠賀町","若葉台"],"8112122":[40,"糟屋郡宇美町","明神坂"],"8115513":[42,"壱岐市","勝本町北触"],"8114216":[40,"遠賀郡岡垣町","旭南"],"8113218":[40,"福津市","手光南"],"8112405":[40,"糟屋郡篠栗町","篠栗"],"8112104":[40,"糟屋郡宇美町","井野"],"8111351":[40,"福岡市南区","屋形原"],"8115326":[42,"壱岐市","芦辺町深江本村触"],"8115114":[42,"壱岐市","郷ノ浦町柳田触"],"8112105":[40,"糟屋郡宇美町","四王寺"],"8114235":[40,"遠賀郡岡垣町","公園通り"],"8115123":[42,"壱岐市","郷ノ浦町釘山触"],"8114154":[40,"宗像市","冨地原"],"8113226":[40,"福津市","小竹"],"8112401":[40,"糟屋郡篠栗町","高田"],"8114148":[40,"宗像市","赤間文教町"],"8114143":[40,"宗像市","三郎丸"],"8110206":[40,"福岡市東区","雁の巣"],"8110100":[40,"糟屋郡新宮町",""],"8114234":[40,"遠賀郡岡垣町","高倉"],"8112115":[40,"糟屋郡須惠町","佐谷"],"8114313":[40,"遠賀郡遠賀町","木守"],"8111246":[40,"筑紫郡那珂川町","西畑"],"8112306":[40,"糟屋郡粕屋町","阿恵"],"8112203":[40,"糟屋郡志免町","石橋台"],"8112502":[40,"糟屋郡久山町","山田"],"8113401":[40,"宗像市","池浦"],"8113437":[40,"宗像市","久原"],"8113117":[40,"古賀市","今の庄"],"8111323":[40,"福岡市南区","弥永"],"8115201":[42,"壱岐市","石田町山崎触"],"8111214":[40,"筑紫郡那珂川町","中原東"],"8113207":[40,"福津市","上西郷"],"8112132":[40,"糟屋郡宇美町","原田"],"8112107":[40,"糟屋郡宇美町","とびたけ"],"8113303":[40,"福津市","須多田"],"8115465":[42,"壱岐市","芦辺町箱崎釘ノ尾触"],"8112209":[40,"糟屋郡志免町","王子"],"8110322":[40,"福岡市東区","大岳"],"8112301":[40,"糟屋郡粕屋町","上大隈"],"8113439":[40,"宗像市","三倉"],"8114223":[40,"遠賀郡岡垣町","山田峠"],"8111311":[40,"福岡市南区","横手"],"8113433":[40,"宗像市","大井台"],"8111200":[40,"筑紫郡那珂川町",""],"8113217":[40,"福津市","中央"],"8113124":[40,"古賀市","薬王寺"],"8114183":[40,"宗像市","土穴"],"8114200":[40,"遠賀郡岡垣町",""],"8111216":[40,"筑紫郡那珂川町","観晴が丘"],"8113306":[40,"福津市","生家"],"8115202":[42,"壱岐市","石田町筒城仲触"],"8114212":[40,"遠賀郡岡垣町","黒山"],"8111221":[40,"筑紫郡那珂川町","王塚台"],"8114162":[40,"宗像市","青葉台"],"8114227":[40,"遠賀郡岡垣町","高陽台"],"8115311":[42,"壱岐市","芦辺町諸吉本村触"],"8113440":[40,"宗像市","大井南"],"8113403":[40,"宗像市","ひかりケ丘"],"8114334":[40,"遠賀郡遠賀町","蓮角"],"8114303":[40,"遠賀郡遠賀町","今古賀"],"8111234":[40,"筑紫郡那珂川町","五ケ山"],"8115546":[42,"壱岐市","勝本町本宮仲触"],"8113214":[40,"福津市","花見が丘"],"8111343":[40,"福岡市南区","和田"],"8110211":[40,"福岡市東区","美和台新町"],"8114221":[40,"遠賀郡岡垣町","山田"],"8115742":[42,"壱岐市","芦辺町住吉東触"],"8115223":[42,"壱岐市","石田町久喜触"],"8113127":[40,"古賀市","新原"],"8114166":[40,"宗像市","桜"],"8114307":[40,"遠賀郡遠賀町","遠賀川"],"8113224":[40,"福津市","手光"],"8112231":[40,"糟屋郡志免町","別府東"],"8114217":[40,"遠賀郡岡垣町","桜台"],"8111321":[40,"福岡市南区","柳瀬"],"8115323":[42,"壱岐市","芦辺町深江平触"],"8115316":[42,"壱岐市","芦辺町諸吉大石触"],"8115161":[42,"壱岐市","郷ノ浦町大島"],"8113204":[40,"福津市","舎利蔵"],"8115154":[42,"壱岐市","郷ノ浦町渡良東触"]}
