{"6441111":[30,"日高郡日高川町","船津"],"6440213":[30,"日高郡印南町","西神ノ川"],"6441214":[30,"日高郡日高川町","上初湯川"],"6441211":[30,"日高郡日高川町","弥谷"],"6440216":[30,"日高郡印南町","崎ノ原"],"6440217":[30,"日高郡印南町","丹生"],"6440201":[30,"日高郡印南町","川又"],"6440001":[30,"御坊市","御坊"],"6440042":[30,"日高郡美浜町","浜ノ瀬"],"6440011":[30,"御坊市","湯川町財部"],"6440013":[30,"御坊市","湯川町丸山"],"6440023":[30,"御坊市","名田町野島"],"6440044":[30,"日高郡美浜町","和田"],"6440000":[30,"御坊市",""],"6440014":[30,"御坊市","湯川町富安"],"6440022":[30,"御坊市","名田町上野"],"6441123":[30,"日高郡日高川町","高津尾川"],"6440041":[30,"日高郡美浜町","田井"],"6441143":[30,"日高郡日高川町","小釜本"],"6441101":[30,"日高郡日高川町","藤野川"],"6441243":[30,"日高郡日高川町","浅間"],"6440211":[30,"日高郡印南町","高串"],"6441151":[30,"日高郡日高川町","田尻"],"6440024":[30,"御坊市","塩屋町南塩屋"],"6441241":[30,"日高郡日高川町","滝頭"],"6441142":[30,"日高郡日高川町","下田原"],"6441121":[30,"日高郡日高川町","西原"],"6441213":[30,"日高郡日高川町","愛川"],"6440033":[30,"御坊市","熊野"],"6440012":[30,"御坊市","湯川町小松原"],"6440015":[30,"御坊市","荊木"],"6440005":[30,"御坊市","名屋町"],"6441163":[30,"日高郡日高川町","大又"],"6440025":[30,"御坊市","塩屋町北塩屋"],"6441152":[30,"日高郡日高川町","三佐"],"6441242":[30,"日高郡日高川町","熊野川"],"6440031":[30,"御坊市","野口"],"6440043":[30,"日高郡美浜町","吉原"],"6441231":[30,"日高郡日高川町","初湯川"],"6440002":[30,"御坊市","薗"],"6440218":[30,"日高郡印南町","松原"],"6441162":[30,"日高郡日高川町","老星"],"6440045":[30,"日高郡美浜町","三尾"],"6441164":[30,"日高郡日高川町","佐井"],"6441134":[30,"日高郡日高川町","三十木"],"6441131":[30,"日高郡日高川町","三十井川"],"6440202":[30,"日高郡印南町","上洞"],"6440215":[30,"日高郡印南町","皆瀬川"],"6440032":[30,"御坊市","岩内"],"6441122":[30,"日高郡日高川町","高津尾"],"6441244":[30,"日高郡日高川町","上越方"],"6441161":[30,"日高郡日高川町","坂野川"],"6440021":[30,"御坊市","名田町楠井"],"6440003":[30,"御坊市","島"],"6440212":[30,"日高郡印南町","田ノ垣内"],"6441133":[30,"日高郡日高川町","原日浦"],"6441141":[30,"日高郡日高川町","上田原"],"6440004":[30,"御坊市","名屋"],"6441132":[30,"日高郡日高川町","姉子"],"6440034":[30,"御坊市","明神川"],"6440214":[30,"日高郡印南町","小原"],"6441222":[30,"日高郡日高川町","串本"],"6441201":[30,"日高郡日高川町","川原河"],"6441221":[30,"日高郡日高川町","寒川"],"6441212":[30,"日高郡日高川町","皆瀬"]}
