{"8650015":[43,"玉名市","亀甲"],"8650047":[43,"玉名市","川島"],"8650063":[43,"玉名市","中尾"],"8650061":[43,"玉名市","立願寺"],"8650048":[43,"玉名市","小野尻"],"8650027":[43,"玉名市","向津留"],"8650066":[43,"玉名市","山田"],"8650122":[43,"玉名郡和水町","高野"],"8650057":[43,"玉名市","小浜"],"8650009":[43,"玉名市","三ツ川"],"8650132":[43,"玉名郡和水町","萩原"],"8650100":[43,"玉名郡和水町",""],"8650021":[43,"玉名市","津留"],"8650103":[43,"玉名郡和水町","長小田"],"8650111":[43,"玉名郡和水町","下津原"],"8650024":[43,"玉名市","永徳寺"],"8650116":[43,"玉名郡和水町","竈門"],"8650072":[43,"玉名市","横島町横島"],"8650041":[43,"玉名市","伊倉北方"],"8650018":[43,"玉名市","下小田"],"8650022":[43,"玉名市","寺田"],"8650062":[43,"玉名市","富尾"],"8650073":[43,"玉名市","横島町共栄"],"8650064":[43,"玉名市","中"],"8650002":[43,"玉名市","箱谷"],"8650001":[43,"玉名市","月田"],"8650104":[43,"玉名郡和水町","内田"],"8650113":[43,"玉名郡和水町","焼米"],"8650046":[43,"玉名市","北牟田"],"8650136":[43,"玉名郡和水町","江田"],"8650131":[43,"玉名郡和水町","用木"],"8650016":[43,"玉名市","岩崎"],"8650011":[43,"玉名市","上小田"],"8650005":[43,"玉名市","玉名"],"8650071":[43,"玉名市","横島町大園"],"8650006":[43,"玉名市","両迫間"],"8650101":[43,"玉名郡和水町","江栗"],"8650065":[43,"玉名市","築地"],"8650053":[43,"玉名市","千田川原"],"8650031":[43,"玉名市","田崎"],"8650054":[43,"玉名市","小島"],"8650032":[43,"玉名市","北坂門田"],"8650056":[43,"玉名市","滑石"],"8650007":[43,"玉名市","河崎"],"8650043":[43,"玉名市","横田"],"8650035":[43,"玉名市","青野"],"8650125":[43,"玉名郡和水町","藤田"],"8650117":[43,"玉名郡和水町","志口永"],"8650012":[43,"玉名市","山部田"],"8650126":[43,"玉名郡和水町","前原"],"8650004":[43,"玉名市","青木"],"8650055":[43,"玉名市","大浜町"],"8650008":[43,"玉名市","石貫"],"8650135":[43,"玉名郡和水町","瀬川"],"8650112":[43,"玉名郡和水町","大屋"],"8650013":[43,"玉名市","下"],"8650003":[43,"玉名市","溝上"],"8650034":[43,"玉名市","南坂門田"],"8650045":[43,"玉名市","伊倉南方"],"8650134":[43,"玉名郡和水町","日平"],"8650124":[43,"玉名郡和水町","原口"],"8650123":[43,"玉名郡和水町","米渡尾"],"8650023":[43,"玉名市","大倉"],"8650026":[43,"玉名市","秋丸"],"8650042":[43,"玉名市","宮原"],"8650033":[43,"玉名市","中坂門田"],"8650052":[43,"玉名市","松木"],"8650044":[43,"玉名市","片諏訪"],"8650014":[43,"玉名市","安楽寺"],"8650017":[43,"玉名市","川部田"],"8650114":[43,"玉名郡和水町","岩尻"],"8650025":[43,"玉名市","高瀬"],"8650102":[43,"玉名郡和水町","久井原"],"8650133":[43,"玉名郡和水町","蜻浦"],"8650121":[43,"玉名郡和水町","榎原"],"8650115":[43,"玉名郡和水町","久米野"],"8650000":[43,"玉名市",""],"8650051":[43,"玉名市","繁根木"],"8650058":[43,"玉名市","六田"]}
