{"8480012":[41,"伊万里市","南波多町古川"],"8480028":[41,"伊万里市","脇田町"],"8480022":[41,"伊万里市","大坪町乙"],"8480034":[41,"伊万里市","二里町中里甲"],"8480131":[41,"伊万里市","黒川町畑川内"],"8480405":[42,"松浦市","福島町土谷免"],"8480112":[41,"伊万里市","波多津町田代"],"8480141":[41,"伊万里市","黒川町清水"],"8480103":[41,"伊万里市","波多津町内野"],"8480044":[41,"伊万里市","木須町"],"8480021":[41,"伊万里市","大坪町甲"],"8480027":[41,"伊万里市","立花町"],"8480003":[41,"伊万里市","南波多町古里"],"8480105":[41,"伊万里市","波多津町馬蛤潟"],"8480114":[41,"伊万里市","波多津町津留主屋"],"8480134":[41,"伊万里市","黒川町花房"],"8480007":[41,"伊万里市","南波多町井手野"],"8480046":[41,"伊万里市","伊万里町乙"],"8480011":[41,"伊万里市","南波多町大川原"],"8480111":[41,"伊万里市","波多津町木場"],"8480033":[41,"伊万里市","二里町中里乙"],"8480403":[42,"松浦市","福島町塩浜免"],"8480142":[41,"伊万里市","黒川町立目"],"8480023":[41,"伊万里市","大坪町丙"],"8480002":[41,"伊万里市","南波多町谷口"],"8480042":[41,"伊万里市","蓮池町"],"8480408":[42,"松浦市","福島町里免"],"8480047":[41,"伊万里市","伊万里町甲"],"8480146":[41,"伊万里市","黒川町黒塩"],"8480144":[41,"伊万里市","黒川町横野"],"8480407":[42,"松浦市","福島町鍋串免"],"8480024":[41,"伊万里市","大川内町甲"],"8480115":[41,"伊万里市","波多津町中山"],"8480104":[41,"伊万里市","波多津町煤屋"],"8480404":[42,"松浦市","福島町浅谷免"],"8480122":[41,"伊万里市","黒川町福田"],"8480124":[41,"伊万里市","黒川町"],"8480121":[41,"伊万里市","黒川町塩屋"],"8480001":[41,"伊万里市","南波多町重橋"],"8480035":[41,"伊万里市","二里町大里乙"],"8480041":[41,"伊万里市","新天町"],"8480045":[41,"伊万里市","松島町"],"8480125":[41,"伊万里市","黒川町小黒川"],"8480005":[41,"伊万里市","南波多町大曲"],"8480133":[41,"伊万里市","黒川町真手野"],"8480145":[41,"伊万里市","黒川町椿原"],"8480004":[41,"伊万里市","南波多町水留"],"8480016":[41,"伊万里市","南波多町原屋敷"],"8480015":[41,"伊万里市","南波多町府招"],"8480006":[41,"伊万里市","南波多町高瀬"],"8480000":[41,"伊万里市",""],"8480113":[41,"伊万里市","波多津町板木"],"8480116":[41,"伊万里市","波多津町井野尾"],"8480401":[42,"松浦市","福島町喜内瀬免"],"8480031":[41,"伊万里市","二里町八谷搦"],"8480101":[41,"伊万里市","波多津町辻"],"8480014":[41,"伊万里市","南波多町小麦原"],"8480043":[41,"伊万里市","瀬戸町"],"8480013":[41,"伊万里市","南波多町笠椎"],"8480123":[41,"伊万里市","黒川町大黒川"],"8480402":[42,"松浦市","福島町端免"],"8480143":[41,"伊万里市","黒川町牟田"],"8480032":[41,"伊万里市","二里町大里甲"],"8480132":[41,"伊万里市","黒川町長尾"],"8480117":[41,"伊万里市","波多津町筒井"],"8480406":[42,"松浦市","福島町原免"],"8480026":[41,"伊万里市","大川内町丙"],"8480025":[41,"伊万里市","大川内町乙"],"8480102":[41,"伊万里市","波多津町畑津"]}
