{"3200034":[9,"宇都宮市","泉町"],"3200001":[9,"宇都宮市","横山町"],"3200015":[9,"宇都宮市","八幡台"],"3200035":[9,"宇都宮市","伝馬町"],"3200023":[9,"宇都宮市","仲町"],"3200012":[9,"宇都宮市","山本"],"3200056":[9,"宇都宮市","戸祭"],"3200036":[9,"宇都宮市","小幡"],"3200803":[9,"宇都宮市","曲師町"],"3200806":[9,"宇都宮市","中央"],"3200834":[9,"宇都宮市","陽南"],"3200811":[9,"宇都宮市","大通り"],"3200042":[9,"宇都宮市","材木町"],"3200066":[9,"宇都宮市","駒生"],"3200827":[9,"宇都宮市","花房"],"3200867":[9,"宇都宮市","大寛"],"3200004":[9,"宇都宮市","長岡町"],"3200003":[9,"宇都宮市","豊郷台"],"3200847":[9,"宇都宮市","滝谷町"],"3200022":[9,"宇都宮市","千波町"],"3200049":[9,"宇都宮市","一ノ沢町"],"3200014":[9,"宇都宮市","大曽"],"3200027":[9,"宇都宮市","塙田"],"3200861":[9,"宇都宮市","西"],"3200032":[9,"宇都宮市","昭和"],"3200013":[9,"宇都宮市","上大曽町"],"3200826":[9,"宇都宮市","西原町"],"3200855":[9,"宇都宮市","上欠町"],"3200841":[9,"宇都宮市","六道町"],"3200837":[9,"宇都宮市","弥生"],"3200017":[9,"宇都宮市","戸祭台"],"3200038":[9,"宇都宮市","星が丘"],"3200864":[9,"宇都宮市","住吉町"],"3200831":[9,"宇都宮市","新町"],"3200828":[9,"宇都宮市","花房本町"],"3200048":[9,"宇都宮市","北一の沢町"],"3200002":[9,"宇都宮市","瓦谷町"],"3200862":[9,"宇都宮市","西原"],"3200026":[9,"宇都宮市","馬場通り"],"3200856":[9,"宇都宮市","砥上町"],"3200054":[9,"宇都宮市","東戸祭"],"3200817":[9,"宇都宮市","本丸町"],"3200061":[9,"宇都宮市","宝木町"],"3200838":[9,"宇都宮市","吉野"],"3200848":[9,"宇都宮市","幸町"],"3200846":[9,"宇都宮市","滝の原"],"3200824":[9,"宇都宮市","下河原"],"3200045":[9,"宇都宮市","中一の沢町"],"3200835":[9,"宇都宮市","宮原"],"3200046":[9,"宇都宮市","西一の沢町"],"3200857":[9,"宇都宮市","鶴田"],"3200866":[9,"宇都宮市","西大寛"],"3200037":[9,"宇都宮市","清住"],"3200011":[9,"宇都宮市","富士見が丘"],"3200074":[9,"宇都宮市","細谷町"],"3200814":[9,"宇都宮市","三番町"],"3200052":[9,"宇都宮市","中戸祭町"],"3200065":[9,"宇都宮市","駒生町"],"3200808":[9,"宇都宮市","宮園町"],"3200818":[9,"宇都宮市","旭"],"3200025":[9,"宇都宮市","宮町"],"3200825":[9,"宇都宮市","下河原町"],"3200073":[9,"宇都宮市","細谷"],"3200055":[9,"宇都宮市","下戸祭"],"3200836":[9,"宇都宮市","大和"],"3200005":[9,"宇都宮市","横山"],"3200072":[9,"宇都宮市","若草"],"3200853":[9,"宇都宮市","下欠町"],"3200805":[9,"宇都宮市","中央本町"],"3200044":[9,"宇都宮市","南一の沢町"],"3200031":[9,"宇都宮市","戸祭元町"],"3200832":[9,"宇都宮市","日の出"],"3200016":[9,"宇都宮市","山本町"],"3200851":[9,"宇都宮市","鶴田町"],"3200821":[9,"宇都宮市","一条"],"3200822":[9,"宇都宮市","河原町"],"3200812":[9,"宇都宮市","一番町"],"3200071":[9,"宇都宮市","野沢町"],"3200816":[9,"宇都宮市","天神"],"3200021":[9,"宇都宮市","東塙田"],"3200058":[9,"宇都宮市","上戸祭"],"3200051":[9,"宇都宮市","上戸祭町"],"3200033":[9,"宇都宮市","本町"],"3200063":[9,"宇都宮市","陽西町"],"3200844":[9,"宇都宮市","菊水町"],"3200823":[9,"宇都宮市","御蔵町"],"3200062":[9,"宇都宮市","東宝木町"],"3200852":[9,"宇都宮市","下砥上町"],"3200854":[9,"宇都宮市","鷺の谷町"],"3200041":[9,"宇都宮市","松原"],"3200802":[9,"宇都宮市","江野町"],"3200024":[9,"宇都宮市","栄町"],"3200813":[9,"宇都宮市","二番町"],"3200843":[9,"宇都宮市","花園町"],"3200047":[9,"宇都宮市","一の沢"],"3200863":[9,"宇都宮市","操町"],"3200075":[9,"宇都宮市","宝木本町"],"3200815":[9,"宇都宮市","中河原町"],"3200842":[9,"宇都宮市","京町"],"3200043":[9,"宇都宮市","桜"],"3200064":[9,"宇都宮市","西の宮"],"3200057":[9,"宇都宮市","中戸祭"],"3200804":[9,"宇都宮市","二荒町"],"3200845":[9,"宇都宮市","明保野町"],"3200833":[9,"宇都宮市","不動前"],"3200801":[9,"宇都宮市","池上町"],"3200807":[9,"宇都宮市","松が峰"],"3200865":[9,"宇都宮市","睦町"],"3200053":[9,"宇都宮市","戸祭町"]}
