{"7720016":[36,"鳴門市","撫養町林崎"],"7720003":[36,"鳴門市","撫養町南浜"],"7720000":[36,"鳴門市",""],"7720021":[36,"鳴門市","里浦町里浦"],"7720052":[36,"鳴門市","鳴門町三ツ石"],"7720031":[36,"鳴門市","大津町木津野"],"7720041":[36,"鳴門市","大津町大代"],"7720060":[36,"鳴門市","瀬戸町明神"],"7720001":[36,"鳴門市","撫養町黒崎"],"7720014":[36,"鳴門市","撫養町弁財天"],"7720035":[36,"鳴門市","大津町矢倉"],"7720022":[36,"鳴門市","里浦町粟津"],"7720011":[36,"鳴門市","撫養町大桑島"],"7720002":[36,"鳴門市","撫養町斎田"],"7720013":[36,"鳴門市","撫養町岡崎"],"7720042":[36,"鳴門市","大津町備前島"],"7720004":[36,"鳴門市","撫養町木津"],"7720012":[36,"鳴門市","撫養町小桑島"],"7720051":[36,"鳴門市","鳴門町高島"],"7720015":[36,"鳴門市","撫養町北浜"],"7720032":[36,"鳴門市","大津町吉永"],"7720017":[36,"鳴門市","撫養町立岩"],"7720053":[36,"鳴門市","鳴門町土佐泊浦"],"7720033":[36,"鳴門市","大津町長江"],"7720034":[36,"鳴門市","大津町徳長"],"7720044":[36,"鳴門市","大津町大幸"],"7720043":[36,"鳴門市","大津町段関"]}
