{"1350012":[13,"江東区","海辺"],"1356005":[13,"江東区","豊洲豊洲センタービル"],"1350048":[13,"江東区","門前仲町"],"1356004":[13,"江東区","豊洲豊洲センタービル"],"1350007":[13,"江東区","新大橋"],"1356028":[13,"江東区","豊洲豊洲センタービル"],"1356014":[13,"江東区","豊洲豊洲センタービル"],"1350002":[13,"江東区","住吉"],"1356013":[13,"江東区","豊洲豊洲センタービル"],"1350052":[13,"江東区","潮見"],"1350053":[13,"江東区","辰巳"],"1356012":[13,"江東区","豊洲豊洲センタービル"],"1356029":[13,"江東区","豊洲豊洲センタービル"],"1350062":[13,"江東区","東雲"],"1350006":[13,"江東区","常盤"],"1350014":[13,"江東区","石島"],"1356008":[13,"江東区","豊洲豊洲センタービル"],"1356036":[13,"江東区","豊洲豊洲センタービル"],"1356090":[13,"江東区","豊洲豊洲センタービル"],"1356006":[13,"江東区","豊洲豊洲センタービル"],"1356019":[13,"江東区","豊洲豊洲センタービル"],"1356023":[13,"江東区","豊洲豊洲センタービル"],"1356018":[13,"江東区","豊洲豊洲センタービル"],"1350003":[13,"江東区","猿江"],"1356017":[13,"江東区","豊洲豊洲センタービル"],"1350022":[13,"江東区","三好"],"1356025":[13,"江東区","豊洲豊洲センタービル"],"1356002":[13,"江東区","豊洲豊洲センタービル"],"1356007":[13,"江東区","豊洲豊洲センタービル"],"1350001":[13,"江東区","毛利"],"1356024":[13,"江東区","豊洲豊洲センタービル"],"1356034":[13,"江東区","豊洲豊洲センタービル"],"1350051":[13,"江東区","枝川"],"1356001":[13,"江東区","豊洲豊洲センタービル"],"1350061":[13,"江東区","豊洲"],"1350000":[13,"江東区",""],"1356016":[13,"江東区","豊洲豊洲センタービル"],"1350041":[13,"江東区","冬木"],"1350034":[13,"江東区","永代"],"1356011":[13,"江東区","豊洲豊洲センタービル"],"1350045":[13,"江東区","古石場"],"1356032":[13,"江東区","豊洲豊洲センタービル"],"1356020":[13,"江東区","豊洲豊洲センタービル"],"1350013":[13,"江東区","千田"],"1350005":[13,"江東区","高橋"],"1350042":[13,"江東区","木場"],"1356026":[13,"江東区","豊洲豊洲センタービル"],"1356031":[13,"江東区","豊洲豊洲センタービル"],"1350044":[13,"江東区","越中島"],"1350092":[13,"品川区","東八潮"],"1350043":[13,"江東区","塩浜"],"1350046":[13,"江東区","牡丹"],"1350031":[13,"江東区","佐賀"],"1356022":[13,"江東区","豊洲豊洲センタービル"],"1350023":[13,"江東区","平野"],"1350015":[13,"江東区","千石"],"1356009":[13,"江東区","豊洲豊洲センタービル"],"1356035":[13,"江東区","豊洲豊洲センタービル"],"1350016":[13,"江東区","東陽"],"1350065":[13,"江東区","中央防波堤"],"1356033":[13,"江東区","豊洲豊洲センタービル"],"1350063":[13,"江東区","有明"],"1350011":[13,"江東区","扇橋"],"1350064":[13,"江東区","青海"],"1356030":[13,"江東区","豊洲豊洲センタービル"],"1356027":[13,"江東区","豊洲豊洲センタービル"],"1350004":[13,"江東区","森下"],"1350021":[13,"江東区","白河"],"1356015":[13,"江東区","豊洲豊洲センタービル"],"1356010":[13,"江東区","豊洲豊洲センタービル"],"1350024":[13,"江東区","清澄"],"1356021":[13,"江東区","豊洲豊洲センタービル"],"1356003":[13,"江東区","豊洲豊洲センタービル"],"1350033":[13,"江東区","深川"],"1356037":[13,"江東区","豊洲豊洲センタービル"],"1350091":[13,"港区","台場"],"1350047":[13,"江東区","富岡"],"1350032":[13,"江東区","福住"]}
