{"9750063":[7,"南相馬市","原町区馬場"],"9750005":[7,"南相馬市","原町区二見町"],"9750001":[7,"南相馬市","原町区大町"],"9750006":[7,"南相馬市","原町区橋本町"],"9750041":[7,"南相馬市","原町区下太田"],"9750024":[7,"南相馬市","原町区下北高平"],"9750025":[7,"南相馬市","原町区下高平"],"9750000":[7,"南相馬市",""],"9750026":[7,"南相馬市","原町区上高平"],"9750018":[7,"南相馬市","原町区北町"],"9750033":[7,"南相馬市","原町区高見町"],"9750021":[7,"南相馬市","原町区金沢"],"9750007":[7,"南相馬市","原町区南町"],"9750013":[7,"南相馬市","原町区上町"],"9750002":[7,"南相馬市","原町区東町"],"9750058":[7,"南相馬市","原町区片倉"],"9750035":[7,"南相馬市","原町区下渋佐"],"9750055":[7,"南相馬市","原町区小木さく"],"9750004":[7,"南相馬市","原町区旭町"],"9750036":[7,"南相馬市","原町区萱浜"],"9750044":[7,"南相馬市","原町区下江井"],"9750079":[7,"南相馬市","原町区大原"],"9750017":[7,"南相馬市","原町区牛越"],"9750039":[7,"南相馬市","原町区青葉町"],"9750022":[7,"南相馬市","原町区北泉"],"9750073":[7,"南相馬市","原町区北新田"],"9750051":[7,"南相馬市","原町区牛来"],"9750045":[7,"南相馬市","原町区小沢"],"9750057":[7,"南相馬市","原町区矢川原"],"9750071":[7,"南相馬市","原町区深野"],"9750059":[7,"南相馬市","原町区上太田"],"9750062":[7,"南相馬市","原町区本陣前"],"9750027":[7,"南相馬市","原町区上北高平"],"9750014":[7,"南相馬市","原町区西町"],"9750047":[7,"南相馬市","原町区江井"],"9750053":[7,"南相馬市","原町区益田"],"9750042":[7,"南相馬市","原町区雫"],"9750077":[7,"南相馬市","原町区高倉"],"9750048":[7,"南相馬市","原町区米々沢"],"9750072":[7,"南相馬市","原町区北長野"],"9750032":[7,"南相馬市","原町区桜井町"],"9750076":[7,"南相馬市","原町区信田沢"],"9750031":[7,"南相馬市","原町区錦町"],"9750064":[7,"南相馬市","原町区押釜"],"9750078":[7,"南相馬市","原町区大谷"],"9750074":[7,"南相馬市","原町区長野"],"9750046":[7,"南相馬市","原町区堤谷"],"9750023":[7,"南相馬市","原町区泉"],"9750043":[7,"南相馬市","原町区小浜"],"9750015":[7,"南相馬市","原町区国見町"],"9750061":[7,"南相馬市","原町区大木戸"],"9750075":[7,"南相馬市","原町区石神"],"9750016":[7,"南相馬市","原町区仲町"],"9750011":[7,"南相馬市","原町区小川町"],"9750052":[7,"南相馬市","原町区中太田"],"9750008":[7,"南相馬市","原町区本町"],"9750056":[7,"南相馬市","原町区鶴谷"],"9750049":[7,"南相馬市","原町区大甕"],"9750003":[7,"南相馬市","原町区栄町"],"9750038":[7,"南相馬市","原町区日の出町"],"9750034":[7,"南相馬市","原町区上渋佐"],"9750054":[7,"南相馬市","原町区高"],"9750012":[7,"南相馬市","原町区三島町"],"9750037":[7,"南相馬市","原町区北原"]}
