{"9350047":[16,"氷見市","上久津呂"],"9350116":[16,"氷見市","三田窪"],"9350278":[16,"氷見市","一の島"],"9350051":[16,"氷見市","十二町"],"9350102":[16,"氷見市","中島"],"9350115":[16,"氷見市","鞍骨"],"9350341":[16,"氷見市","一刎"],"9350103":[16,"氷見市","大浦"],"9350001":[16,"氷見市","北八代"],"9350276":[16,"氷見市","坪池"],"9350264":[16,"氷見市","日詰"],"9350004":[16,"氷見市","北大町"],"9350113":[16,"氷見市","惣領"],"9350265":[16,"氷見市","久目"],"9350032":[16,"氷見市","島尾"],"9350269":[16,"氷見市","床鍋"],"9350062":[16,"氷見市","諏訪野"],"9350252":[16,"氷見市","中村"],"9350256":[16,"氷見市","田江"],"9350006":[16,"氷見市","稲積"],"9350025":[16,"氷見市","鞍川"],"9350037":[16,"氷見市","上泉"],"9350026":[16,"氷見市","大野"],"9350063":[16,"氷見市","加納"],"9350266":[16,"氷見市","触坂"],"9350333":[16,"氷見市","吉滝"],"9350052":[16,"氷見市","坂津"],"9350332":[16,"氷見市","森寺"],"9350411":[16,"氷見市","姿"],"9350036":[16,"氷見市","下田子"],"9350422":[16,"氷見市","宇波"],"9350012":[16,"氷見市","比美町"],"9350268":[16,"氷見市","葛葉"],"9350271":[16,"氷見市","老谷"],"9350112":[16,"氷見市","飯久保"],"9350105":[16,"氷見市","蒲田"],"9350421":[16,"氷見市","脇方"],"9350065":[16,"氷見市","泉"],"9350253":[16,"氷見市","谷屋"],"9350022":[16,"氷見市","朝日本町"],"9350054":[16,"氷見市","粟原"],"9350404":[16,"氷見市","平沢"],"9350027":[16,"氷見市","大野新"],"9350011":[16,"氷見市","中央町"],"9350000":[16,"氷見市",""],"9350005":[16,"氷見市","栄町"],"9350031":[16,"氷見市","柳田"],"9350067":[16,"氷見市","柿谷"],"9350412":[16,"氷見市","大境"],"9350007":[16,"氷見市","指崎"],"9350017":[16,"氷見市","丸の内"],"9350403":[16,"氷見市","中田"],"9350117":[16,"氷見市","深原"],"9350066":[16,"氷見市","七分一"],"9350101":[16,"氷見市","大浦新町"],"9350414":[16,"氷見市","白川"],"9350111":[16,"氷見市","布施"],"9350274":[16,"氷見市","赤毛"],"9350035":[16,"氷見市","上田子"],"9350342":[16,"氷見市","吉懸"],"9350275":[16,"氷見市","土倉"],"9350336":[16,"氷見市","国見"],"9350272":[16,"氷見市","岩瀬"],"9350263":[16,"氷見市","小久米"],"9350257":[16,"氷見市","小窪"],"9350057":[16,"氷見市","西朴木"],"9350043":[16,"氷見市","川崎"],"9350041":[16,"氷見市","園"],"9350046":[16,"氷見市","下久津呂"],"9350262":[16,"氷見市","日名田"],"9350056":[16,"氷見市","上田"],"9350415":[16,"氷見市","戸津宮"],"9350344":[16,"氷見市","上余川"],"9350405":[16,"氷見市","吉岡"],"9350254":[16,"氷見市","新保"],"9350413":[16,"氷見市","小境"],"9350106":[16,"氷見市","神代"],"9350334":[16,"氷見市","針木"],"9350053":[16,"氷見市","万尾"],"9350406":[16,"氷見市","平"],"9350064":[16,"氷見市","中尾"],"9350402":[16,"氷見市","中波"],"9350335":[16,"氷見市","胡桃"],"9350104":[16,"氷見市","堀田"],"9350107":[16,"氷見市","矢方"],"9350013":[16,"氷見市","南大町"],"9350114":[16,"氷見市","仏生寺"],"9350343":[16,"氷見市","味川"],"9350034":[16,"氷見市","小竹"],"9350255":[16,"氷見市","早借"],"9350003":[16,"氷見市","間島"],"9350033":[16,"氷見市","宮田"],"9350021":[16,"氷見市","幸町"],"9350002":[16,"氷見市","阿尾"],"9350015":[16,"氷見市","伊勢大町"],"9350024":[16,"氷見市","窪"],"9350023":[16,"氷見市","朝日丘"],"9350345":[16,"氷見市","寺尾"],"9350044":[16,"氷見市","川尻"],"9350346":[16,"氷見市","懸札"],"9350338":[16,"氷見市","磯辺"],"9350277":[16,"氷見市","棚懸"],"9350401":[16,"氷見市","脇"],"9350337":[16,"氷見市","小滝"],"9350061":[16,"氷見市","余川"],"9350426":[16,"氷見市","五十谷"],"9350423":[16,"氷見市","泊"],"9350016":[16,"氷見市","本町"],"9350273":[16,"氷見市","桑院"],"9350416":[16,"氷見市","大窪"],"9350331":[16,"氷見市","角間"],"9350261":[16,"氷見市","三尾"],"9350014":[16,"氷見市","地蔵町"],"9350045":[16,"氷見市","海津"],"9350042":[16,"氷見市","湖光"],"9350267":[16,"氷見市","見内"],"9350258":[16,"氷見市","論田"],"9350417":[16,"氷見市","長坂"],"9350055":[16,"氷見市","中谷内"],"9350424":[16,"氷見市","小杉"],"9350425":[16,"氷見市","薮田"],"9350251":[16,"氷見市","熊無"]}
