{"9620713":[7,"須賀川市","上小山田"],"9620304":[7,"須賀川市","滝"],"9620854":[7,"須賀川市","古屋敷"],"9620722":[7,"須賀川市","大栗"],"9620025":[7,"須賀川市","八幡山"],"9620844":[7,"須賀川市","東町"],"9620021":[7,"須賀川市","館取町"],"9620059":[7,"須賀川市","吉美根"],"9620861":[7,"須賀川市","古舘"],"9620866":[7,"須賀川市","栗谷沢"],"9620858":[7,"須賀川市","栄町"],"9620807":[7,"須賀川市","境免"],"9620823":[7,"須賀川市","花岡"],"9620500":[7,"岩瀬郡天栄村",""],"9620805":[7,"須賀川市","崩免"],"9620848":[7,"須賀川市","弘法坦"],"9620005":[7,"須賀川市","台"],"9620002":[7,"須賀川市","上人坦"],"9620859":[7,"須賀川市","塚田"],"9620822":[7,"須賀川市","東作"],"9620003":[7,"須賀川市","岩瀬森"],"9620827":[7,"須賀川市","寺田"],"9620204":[7,"須賀川市","江花"],"9620803":[7,"須賀川市","古河"],"9620054":[7,"須賀川市","牛袋町"],"9620313":[7,"須賀川市","北横田"],"9620013":[7,"須賀川市","岡東町"],"9620835":[7,"須賀川市","千日堂"],"9620202":[7,"須賀川市","小中"],"9620825":[7,"須賀川市","六軒"],"9620826":[7,"須賀川市","広表"],"9620122":[7,"須賀川市","木之崎"],"9620815":[7,"須賀川市","牡丹園"],"9620405":[7,"須賀川市","季の郷"],"9620125":[7,"須賀川市","堀込"],"9620817":[7,"須賀川市","南上町"],"9620503":[7,"岩瀬郡天栄村","下松本"],"9620045":[7,"須賀川市","保土原"],"9620622":[7,"岩瀬郡天栄村","田良尾"],"9620211":[7,"須賀川市","滝"],"9620711":[7,"須賀川市","塩田"],"9620816":[7,"須賀川市","朝日田"],"9620042":[7,"須賀川市","稲"],"9620055":[7,"須賀川市","新町"],"9620832":[7,"須賀川市","本町"],"9620053":[7,"須賀川市","卸町"],"9620041":[7,"須賀川市","横山町"],"9620024":[7,"須賀川市","稲荷町"],"9620301":[7,"須賀川市","今泉"],"9620401":[7,"須賀川市","向陽町"],"9620514":[7,"岩瀬郡天栄村","柿之内"],"9620513":[7,"岩瀬郡天栄村","沖内"],"9620403":[7,"須賀川市","滑川"],"9620043":[7,"須賀川市","岩渕"],"9620504":[7,"岩瀬郡天栄村","大里"],"9620516":[7,"岩瀬郡天栄村","小川"],"9620000":[7,"須賀川市",""],"9620205":[7,"須賀川市","勢至堂"],"9620863":[7,"須賀川市","緑町"],"9620839":[7,"須賀川市","大町"],"9620057":[7,"須賀川市","袋田"],"9620007":[7,"須賀川市","下宿町"],"9620027":[7,"須賀川市","堀底町"],"9620833":[7,"須賀川市","馬町"],"9620031":[7,"須賀川市","影沼町"],"9620033":[7,"須賀川市","岩作"],"9620814":[7,"須賀川市","前田川"],"9620855":[7,"須賀川市","守谷舘"],"9620811":[7,"須賀川市","あおば町"],"9620305":[7,"須賀川市","守屋"],"9620016":[7,"須賀川市","西田町"],"9620036":[7,"須賀川市","芹沢町"],"9620303":[7,"須賀川市","梅田"],"9620842":[7,"須賀川市","宮先町"],"9620051":[7,"須賀川市","越久"],"9620312":[7,"須賀川市","大久保"],"9620012":[7,"須賀川市","陣場町"],"9620032":[7,"須賀川市","大袋町"],"9620621":[7,"岩瀬郡天栄村","湯本"],"9620406":[7,"須賀川市","宮の杜"],"9620843":[7,"須賀川市","池上町"],"9620714":[7,"須賀川市","下小山田"],"9620851":[7,"須賀川市","中宿"],"9620022":[7,"須賀川市","丸田町"],"9620046":[7,"須賀川市","泉田"],"9620026":[7,"須賀川市","岩崎"],"9620821":[7,"須賀川市","桜岡"],"9620034":[7,"須賀川市","一里坦"],"9620836":[7,"須賀川市","並木町"],"9620857":[7,"須賀川市","長禄町"],"9620044":[7,"須賀川市","池下"],"9620314":[7,"須賀川市","深渡戸"],"9620511":[7,"岩瀬郡天栄村","白子"],"9620058":[7,"須賀川市","池ノ下町"],"9620723":[7,"須賀川市","狸森"],"9620726":[7,"須賀川市","市野関"],"9620203":[7,"須賀川市","長沼"],"9620006":[7,"須賀川市","山寺道"],"9620015":[7,"須賀川市","日向町"],"9620623":[7,"岩瀬郡天栄村","羽鳥"],"9620834":[7,"須賀川市","旭町"],"9620853":[7,"須賀川市","前川"],"9620302":[7,"須賀川市","柱田"],"9620126":[7,"須賀川市","花の里"],"9620004":[7,"須賀川市","中山"],"9620721":[7,"須賀川市","雨田"],"9620846":[7,"須賀川市","加治町"],"9620725":[7,"須賀川市","日照田"],"9620124":[7,"須賀川市","桙衝"],"9620867":[7,"須賀川市","愛宕山"],"9620502":[7,"岩瀬郡天栄村","上松本"],"9620501":[7,"岩瀬郡天栄村","牧之内"],"9620056":[7,"須賀川市","大桑原"],"9620838":[7,"須賀川市","南町"],"9620845":[7,"須賀川市","中町"],"9620201":[7,"須賀川市","志茂"],"9620014":[7,"須賀川市","西川町"],"9620123":[7,"須賀川市","矢田野"],"9620121":[7,"須賀川市","横田"],"9620865":[7,"須賀川市","妙見"],"9620515":[7,"岩瀬郡天栄村","高林"],"9620011":[7,"須賀川市","坂の上町"],"9620402":[7,"須賀川市","仁井田"],"9620806":[7,"須賀川市","下宿前"],"9620804":[7,"須賀川市","中曽根"],"9620047":[7,"須賀川市","松塚"],"9620837":[7,"須賀川市","高久田境"],"9620813":[7,"須賀川市","和田"],"9620028":[7,"須賀川市","茶畑町"],"9620023":[7,"須賀川市","大黒町"],"9620728":[7,"須賀川市","虹の台"],"9620864":[7,"須賀川市","北上町"],"9620812":[7,"須賀川市","浜尾"],"9620831":[7,"須賀川市","八幡町"],"9620856":[7,"須賀川市","北町"],"9620818":[7,"須賀川市","和田道"],"9620404":[7,"須賀川市","舘ケ岡"],"9620824":[7,"須賀川市","新田"],"9620035":[7,"須賀川市","五月雨"],"9620017":[7,"須賀川市","西の内町"],"9620802":[7,"須賀川市","堤"],"9620724":[7,"須賀川市","田中"],"9620801":[7,"須賀川市","江持"],"9620727":[7,"須賀川市","小作田"],"9620001":[7,"須賀川市","森宿"],"9620712":[7,"須賀川市","小倉"],"9620315":[7,"須賀川市","畑田"],"9620052":[7,"須賀川市","西川"],"9620311":[7,"須賀川市","矢沢"],"9620841":[7,"須賀川市","上北町"],"9620868":[7,"須賀川市","芦田塚"],"9620512":[7,"岩瀬郡天栄村","飯豊"],"9620852":[7,"須賀川市","仲の町"],"9620847":[7,"須賀川市","諏訪町"],"9620862":[7,"須賀川市","六郎兵衛"]}
