{"0310054":[2,"八戸市","稲荷町"],"0310088":[2,"八戸市","岩泉町"],"0310007":[2,"八戸市","櫛引"],"0310001":[2,"八戸市","類家"],"0310023":[2,"八戸市","是川"],"0310114":[2,"八戸市","南郷区中野"],"0310086":[2,"八戸市","八日町"],"0310053":[2,"八戸市","徒士町"],"0310821":[2,"八戸市","白銀"],"0310112":[2,"八戸市","南郷区大森"],"0310004":[2,"八戸市","南類家"],"0310084":[2,"八戸市","十八日町"],"0310013":[2,"八戸市","石手洗"],"0310089":[2,"八戸市","長横町"],"0310816":[2,"八戸市","新井田西"],"0310011":[2,"八戸市","田向"],"0310087":[2,"八戸市","朔日町"],"0310111":[2,"八戸市","南郷区市野沢"],"0310036":[2,"八戸市","大工町"],"0310115":[2,"八戸市","南郷区泥障作"],"0310052":[2,"八戸市","本徒士町"],"0310037":[2,"八戸市","鍛冶町"],"0310045":[2,"八戸市","本鍛冶町"],"0310046":[2,"八戸市","町組町"],"0310831":[2,"八戸市","築港街"],"0310032":[2,"八戸市","三日町"],"0310823":[2,"八戸市","湊高台"],"0310058":[2,"八戸市","上組町"],"0310083":[2,"八戸市","窪町"],"0310844":[2,"八戸市","美保野"],"0310051":[2,"八戸市","堤町"],"0310082":[2,"八戸市","常海町"],"0310085":[2,"八戸市","十一日町"],"0310801":[2,"八戸市","江陽"],"0310002":[2,"八戸市","中居林"],"0310803":[2,"八戸市","諏訪"],"0310071":[2,"八戸市","沼館"],"0310113":[2,"八戸市","南郷区泉清水"],"0310055":[2,"八戸市","荒町"],"0310021":[2,"八戸市","長者"],"0310802":[2,"八戸市","小中野"],"0310076":[2,"八戸市","堀端町"],"0310811":[2,"八戸市","新湊"],"0310824":[2,"八戸市","旭ケ丘"],"0310822":[2,"八戸市","白銀町"],"0310074":[2,"八戸市","馬場町"],"0310841":[2,"八戸市","鮫町"],"0310035":[2,"八戸市","寺横町"],"0310077":[2,"八戸市","長根"],"0310056":[2,"八戸市","新荒町"],"0310813":[2,"八戸市","新井田"],"0310044":[2,"八戸市","廿六日町"],"0310047":[2,"八戸市","常番町"],"0310832":[2,"八戸市","白銀台"],"0310057":[2,"八戸市","上徒士町"],"0310033":[2,"八戸市","六日町"],"0310034":[2,"八戸市","鷹匠小路"],"0310202":[2,"八戸市","南郷区島守"],"0310812":[2,"八戸市","湊町"],"0310842":[2,"八戸市","岬台"],"0310042":[2,"八戸市","十三日町"],"0310201":[2,"八戸市","南郷区頃巻沢"],"0310038":[2,"八戸市","山伏小路"],"0310075":[2,"八戸市","内丸"],"0310012":[2,"八戸市","十日市"],"0310031":[2,"八戸市","番町"],"0310804":[2,"八戸市","青葉"],"0310081":[2,"八戸市","柏崎"],"0310039":[2,"八戸市","鳥屋部町"],"0310072":[2,"八戸市","城下"],"0310833":[2,"八戸市","大久保"],"0310843":[2,"八戸市","金浜"],"0310003":[2,"八戸市","吹上"],"0310041":[2,"八戸市","廿三日町"],"0310815":[2,"八戸市","松館"],"0310814":[2,"八戸市","妙"],"0310022":[2,"八戸市","糠塚"],"0310043":[2,"八戸市","十六日町"],"0310000":[2,"八戸市",""],"0310834":[2,"八戸市","桜ケ丘"],"0310073":[2,"八戸市","売市"]}
