{"6310812":[29,"奈良市","秋篠早月町"],"6310036":[29,"奈良市","学園北"],"6310805":[29,"奈良市","右京"],"6310055":[29,"奈良市","大和田町"],"6310831":[29,"奈良市","西大寺宝ケ丘"],"6310075":[29,"奈良市","三松ケ丘"],"6310015":[29,"奈良市","学園朝日元町"],"6310827":[29,"奈良市","西大寺小坊町"],"6310077":[29,"奈良市","富雄川西"],"6310078":[29,"奈良市","富雄元町"],"6310818":[29,"奈良市","西大寺赤田町"],"6310014":[29,"奈良市","朝日町"],"6310836":[29,"奈良市","西大寺竜王町"],"6310031":[29,"奈良市","敷島町"],"6310013":[29,"奈良市","中山町西"],"6310005":[29,"奈良市","大渕町"],"6310806":[29,"奈良市","朱雀"],"6310041":[29,"奈良市","学園大和町"],"6310071":[29,"奈良市","二名平野"],"6310834":[29,"奈良市","西大寺新池町"],"6310842":[29,"奈良市","菅原町"],"6310024":[29,"奈良市","百楽園"],"6310061":[29,"奈良市","三碓"],"6310813":[29,"奈良市","秋篠新町"],"6310025":[29,"奈良市","学園新田町"],"6310046":[29,"奈良市","西千代ケ丘"],"6310026":[29,"奈良市","学園緑ケ丘"],"6310006":[29,"奈良市","西登美ケ丘"],"6310811":[29,"奈良市","秋篠町"],"6310023":[29,"奈良市","南登美ケ丘"],"6310065":[29,"奈良市","鳥見町"],"6310821":[29,"奈良市","西大寺東町"],"6310802":[29,"奈良市","歌姫町"],"6310042":[29,"奈良市","大倭町"],"6310054":[29,"奈良市","石木町"],"6310008":[29,"奈良市","二名町"],"6310841":[29,"奈良市","青野町"],"6310835":[29,"奈良市","西大寺高塚町"],"6310007":[29,"奈良市","松陽台"],"6310063":[29,"奈良市","帝塚山中町"],"6310825":[29,"奈良市","西大寺芝町"],"6310822":[29,"奈良市","西大寺栄町"],"6310001":[29,"奈良市","北登美ケ丘"],"6310826":[29,"奈良市","西大寺町"],"6310016":[29,"奈良市","学園朝日町"],"6310012":[29,"奈良市","中山町"],"6310027":[29,"奈良市","学園赤松町"],"6310062":[29,"奈良市","帝塚山"],"6310837":[29,"奈良市","若葉台"],"6310032":[29,"奈良市","あやめ池北"],"6310803":[29,"奈良市","山陵町"],"6310833":[29,"奈良市","西大寺野神町"],"6310064":[29,"奈良市","帝塚山南"],"6310824":[29,"奈良市","西大寺南町"],"6310043":[29,"奈良市","菅野台"],"6310815":[29,"奈良市","西大寺新町"],"6310066":[29,"奈良市","帝塚山西"],"6310003":[29,"奈良市","中登美ケ丘"],"6310022":[29,"奈良市","鶴舞西町"],"6310074":[29,"奈良市","三松"],"6310021":[29,"奈良市","鶴舞東町"],"6310823":[29,"奈良市","西大寺国見町"],"6310072":[29,"奈良市","二名"],"6310011":[29,"奈良市","押熊町"],"6310033":[29,"奈良市","あやめ池南"],"6310816":[29,"奈良市","西大寺本町"],"6310002":[29,"奈良市","東登美ケ丘"],"6310051":[29,"奈良市","富雄泉ケ丘"],"6310832":[29,"奈良市","西大寺新田町"],"6310801":[29,"奈良市","左京"],"6310035":[29,"奈良市","学園中"],"6310044":[29,"奈良市","藤ノ木台"],"6310804":[29,"奈良市","神功"],"6310814":[29,"奈良市","秋篠三和町"],"6310004":[29,"奈良市","登美ケ丘"],"6310076":[29,"奈良市","富雄北"],"6310045":[29,"奈良市","千代ケ丘"],"6310034":[29,"奈良市","学園南"],"6310052":[29,"奈良市","中町"],"6310053":[29,"奈良市","青垣台"],"6310073":[29,"奈良市","二名東町"],"6310817":[29,"奈良市","西大寺北町"],"6310844":[29,"奈良市","宝来町"],"6310828":[29,"奈良市","横領町"],"6310056":[29,"奈良市","丸山"],"6310845":[29,"奈良市","宝来"],"6310846":[29,"奈良市","平松"],"6310843":[29,"奈良市","疋田町"]}
