{"5170215":[24,"志摩市","磯部町檜山"],"5170702":[24,"志摩市","志摩町布施田"],"5170042":[24,"鳥羽市","松尾町"],"5170005":[24,"鳥羽市","坂手町"],"5170014":[24,"鳥羽市","堅神町"],"5170602":[24,"志摩市","大王町名田"],"5170001":[24,"鳥羽市","神島町"],"5170502":[24,"志摩市","阿児町神明"],"5170404":[24,"志摩市","浜島町浜島"],"5170003":[24,"鳥羽市","桃取町"],"5170405":[24,"志摩市","浜島町南張"],"5170218":[24,"志摩市","磯部町築地"],"5170026":[24,"鳥羽市","石鏡町"],"5170703":[24,"志摩市","志摩町和具"],"5170031":[24,"鳥羽市","国崎町"],"5170041":[24,"鳥羽市","岩倉町"],"5170216":[24,"志摩市","磯部町栗木広"],"5170015":[24,"鳥羽市","小浜町"],"5170604":[24,"志摩市","大王町船越"],"5170034":[24,"鳥羽市","千賀町"],"5170047":[24,"鳥羽市","若杉町"],"5170401":[24,"志摩市","浜島町桧山路"],"5170402":[24,"志摩市","浜島町塩屋"],"5170032":[24,"鳥羽市","相差町"],"5170504":[24,"志摩市","阿児町志島"],"5170022":[24,"鳥羽市","大明東町"],"5170023":[24,"鳥羽市","大明西町"],"5170403":[24,"志摩市","浜島町迫子"],"5170206":[24,"志摩市","磯部町飯浜"],"5170505":[24,"志摩市","阿児町甲賀"],"5170033":[24,"鳥羽市","畔蛸町"],"5170025":[24,"鳥羽市","浦村町"],"5170507":[24,"志摩市","阿児町安乗"],"5170205":[24,"志摩市","磯部町渡鹿野"],"5170603":[24,"志摩市","大王町波切"],"5170081":[24,"伊勢市","朝熊町"],"5170203":[24,"志摩市","磯部町山田"],"5170503":[24,"志摩市","阿児町立神"],"5170211":[24,"志摩市","磯部町三ケ所"],"5170043":[24,"鳥羽市","白木町"],"5170209":[24,"志摩市","磯部町恵利原"],"5170011":[24,"鳥羽市","鳥羽"],"5170204":[24,"志摩市","磯部町的矢"],"5170045":[24,"鳥羽市","船津町"],"5170212":[24,"志摩市","磯部町坂崎"],"5170004":[24,"鳥羽市","菅島町"],"5170201":[24,"志摩市","磯部町五知"],"5170012":[24,"鳥羽市","池上町"],"5170046":[24,"鳥羽市","幸丘"],"5170213":[24,"志摩市","磯部町穴川"],"5170021":[24,"鳥羽市","安楽島町"],"5170501":[24,"志摩市","阿児町鵜方"],"5170506":[24,"志摩市","阿児町国府"],"5170202":[24,"志摩市","磯部町沓掛"],"5170035":[24,"鳥羽市","堅子町"],"5170214":[24,"志摩市","磯部町迫間"],"5170002":[24,"鳥羽市","答志町"],"5170701":[24,"志摩市","志摩町片田"],"5170601":[24,"志摩市","大王町畔名"],"5170217":[24,"志摩市","磯部町山原"],"5170000":[24,"鳥羽市",""],"5170500":[24,"志摩市",""],"5170024":[24,"鳥羽市","高丘町"],"5170207":[24,"志摩市","磯部町下之郷"],"5170208":[24,"志摩市","磯部町上之郷"],"5170044":[24,"鳥羽市","河内町"],"5170704":[24,"志摩市","志摩町越賀"],"5170705":[24,"志摩市","志摩町御座"],"5170013":[24,"鳥羽市","屋内町"]}
