{"0060021":[1,"札幌市手稲区","手稲本町一条"],"0060822":[1,"札幌市手稲区","前田十二条"],"0060832":[1,"札幌市手稲区","曙二条"],"0060815":[1,"札幌市手稲区","前田五条"],"0060840":[1,"札幌市手稲区","曙十条"],"0060836":[1,"札幌市手稲区","曙六条"],"0060803":[1,"札幌市手稲区","新発寒三条"],"0060032":[1,"札幌市手稲区","稲穂二条"],"0060837":[1,"札幌市手稲区","曙七条"],"0060015":[1,"札幌市手稲区","富丘五条"],"0060009":[1,"札幌市手稲区","西宮の沢"],"0060838":[1,"札幌市手稲区","曙八条"],"0060831":[1,"札幌市手稲区","曙一条"],"0060823":[1,"札幌市手稲区","前田十三条"],"0060005":[1,"札幌市手稲区","西宮の沢五条"],"0060050":[1,"札幌市手稲区","星置南"],"0060019":[1,"札幌市手稲区","手稲富丘"],"0060042":[1,"札幌市手稲区","金山二条"],"0060829":[1,"札幌市手稲区","手稲前田"],"0060004":[1,"札幌市手稲区","西宮の沢四条"],"0060811":[1,"札幌市手稲区","前田一条"],"0060001":[1,"札幌市手稲区","西宮の沢一条"],"0060011":[1,"札幌市手稲区","富丘一条"],"0060861":[1,"札幌市手稲区","明日風"],"0060003":[1,"札幌市手稲区","西宮の沢三条"],"0060049":[1,"札幌市手稲区","手稲金山"],"0060839":[1,"札幌市手稲区","曙九条"],"0060033":[1,"札幌市手稲区","稲穂三条"],"0060821":[1,"札幌市手稲区","前田十一条"],"0060852":[1,"札幌市手稲区","星置二条"],"0060039":[1,"札幌市手稲区","手稲稲穂"],"0060012":[1,"札幌市手稲区","富丘二条"],"0060025":[1,"札幌市手稲区","手稲本町五条"],"0060804":[1,"札幌市手稲区","新発寒四条"],"0060016":[1,"札幌市手稲区","富丘六条"],"0060035":[1,"札幌市手稲区","稲穂五条"],"0060002":[1,"札幌市手稲区","西宮の沢二条"],"0060806":[1,"札幌市手稲区","新発寒六条"],"0060819":[1,"札幌市手稲区","前田九条"],"0060022":[1,"札幌市手稲区","手稲本町二条"],"0060031":[1,"札幌市手稲区","稲穂一条"],"0060859":[1,"札幌市手稲区","手稲星置"],"0060013":[1,"札幌市手稲区","富丘三条"],"0060043":[1,"札幌市手稲区","金山三条"],"0060000":[1,"札幌市手稲区",""],"0060820":[1,"札幌市手稲区","前田十条"],"0060805":[1,"札幌市手稲区","新発寒五条"],"0060853":[1,"札幌市手稲区","星置三条"],"0060026":[1,"札幌市手稲区","手稲本町六条"],"0060041":[1,"札幌市手稲区","金山一条"],"0060816":[1,"札幌市手稲区","前田六条"],"0060802":[1,"札幌市手稲区","新発寒二条"],"0060812":[1,"札幌市手稲区","前田二条"],"0060801":[1,"札幌市手稲区","新発寒一条"],"0060851":[1,"札幌市手稲区","星置一条"],"0060029":[1,"札幌市手稲区","手稲本町"],"0060024":[1,"札幌市手稲区","手稲本町四条"],"0060860":[1,"札幌市手稲区","手稲山口"],"0060813":[1,"札幌市手稲区","前田三条"],"0060006":[1,"札幌市手稲区","西宮の沢六条"],"0060023":[1,"札幌市手稲区","手稲本町三条"],"0060835":[1,"札幌市手稲区","曙五条"],"0060834":[1,"札幌市手稲区","曙四条"],"0060833":[1,"札幌市手稲区","曙三条"],"0060034":[1,"札幌市手稲区","稲穂四条"],"0060014":[1,"札幌市手稲区","富丘四条"],"0060842":[1,"札幌市手稲区","曙十二条"],"0060807":[1,"札幌市手稲区","新発寒七条"],"0060841":[1,"札幌市手稲区","曙十一条"],"0060818":[1,"札幌市手稲区","前田八条"],"0060817":[1,"札幌市手稲区","前田七条"],"0060814":[1,"札幌市手稲区","前田四条"]}
