{"9102151":[18,"福井市","安波賀中島町"],"9100141":[18,"福井市","上森田町"],"9104126":[18,"あわら市","布目"],"9102227":[18,"福井市","宇坂大谷町"],"9103268":[18,"福井市","奥平町"],"9100382":[18,"坂井市","丸岡町笹和田"],"9100314":[18,"坂井市","丸岡町舛田"],"9102223":[18,"福井市","宇坂別所町"],"9100048":[18,"福井市","地蔵堂町"],"9103608":[18,"福井市","三留町"],"9103135":[18,"福井市","両橋屋町"],"9103622":[18,"福井市","風巻町"],"9102466":[18,"福井市","西市布町"],"9104132":[18,"あわら市","谷畠"],"9102554":[18,"今立郡池田町","金見谷"],"9100245":[18,"坂井市","丸岡町谷町"],"9103117":[18,"福井市","浄土寺町"],"9103263":[18,"福井市","中河内町"],"9103515":[18,"福井市","大矢町"],"9101125":[18,"吉田郡永平寺町","松岡西野中"],"9101212":[18,"吉田郡永平寺町","東古市"],"9103115":[18,"福井市","仙町"],"9103125":[18,"福井市","市ノ瀬町"],"9100029":[18,"福井市","日光"],"9100204":[18,"坂井市","丸岡町山竹田"],"9104123":[18,"あわら市","番田"],"9100137":[18,"福井市","栗森町"],"9100368":[18,"坂井市","丸岡町磯部新保"],"9100302":[18,"坂井市","丸岡町里丸岡"],"9102527":[18,"今立郡池田町","板垣"],"9101305":[18,"吉田郡永平寺町","竹原"],"9100018":[18,"福井市","田原"],"9101116":[18,"吉田郡永平寺町","松岡清水"],"9100067":[18,"福井市","新田塚"],"9100024":[18,"福井市","照手"],"9100301":[18,"坂井市","丸岡町愛宕"],"9102213":[18,"福井市","大久保町"],"9100271":[18,"坂井市","丸岡町堀水"],"9100856":[18,"福井市","勝見"],"9100021":[18,"福井市","乾徳"],"9100357":[18,"坂井市","丸岡町儀間"],"9100019":[18,"福井市","春山"],"9101115":[18,"吉田郡永平寺町","松岡石舟"],"9100158":[18,"福井市","八重巻中町"],"9104277":[18,"あわら市","波松"],"9103143":[18,"福井市","砂子坂町"],"9104105":[18,"あわら市","舟津"],"9103378":[18,"福井市","免鳥町"],"9100354":[18,"坂井市","丸岡町豊原高瀬"],"9103603":[18,"福井市","片粕町"],"9100825":[18,"福井市","原目町"],"9100333":[18,"坂井市","丸岡町金元"],"9104146":[18,"あわら市","北本堂"],"9100104":[18,"福井市","網戸瀬町"],"9100846":[18,"福井市","四ツ井"],"9103386":[18,"福井市","南菅生町"],"9103127":[18,"福井市","中山町"],"9100132":[18,"福井市","河合寄安町"],"9102142":[18,"福井市","前波町"],"9100316":[18,"坂井市","丸岡町篠岡"],"9100324":[18,"坂井市","丸岡町油為頭"],"9101103":[18,"吉田郡永平寺町","松岡上合月"],"9100273":[18,"坂井市","丸岡町長畝"],"9100215":[18,"坂井市","丸岡町与河"],"9101325":[18,"吉田郡永平寺町","北島"],"9101214":[18,"吉田郡永平寺町","谷口"],"9102333":[18,"福井市","野波町"],"9100207":[18,"坂井市","丸岡町山久保"],"9102533":[18,"今立郡池田町","東俣"],"9100142":[18,"福井市","上森田"],"9104112":[18,"あわら市","井江葭"],"9100122":[18,"福井市","石盛町"],"9100156":[18,"福井市","稲多新町"],"9101141":[18,"吉田郡永平寺町","松岡領家"],"9100066":[18,"福井市","八ツ島"],"9101316":[18,"吉田郡永平寺町","市右エ門島"],"9102176":[18,"福井市","東郷中島町"],"9102143":[18,"福井市","宿布町"],"9100367":[18,"坂井市","丸岡町羽崎"],"9100832":[18,"福井市","新保町"],"9102532":[18,"今立郡池田町","新保"],"9103136":[18,"福井市","川尻町"],"9103385":[18,"福井市","北菅生町"],"9102508":[18,"今立郡池田町","柿ケ原"],"9100303":[18,"坂井市","丸岡町猪爪"],"9103262":[18,"福井市","一王寺町"],"9100276":[18,"坂井市","丸岡町玄女"],"9102555":[18,"今立郡池田町","千代谷"],"9100017":[18,"福井市","文京"],"9102342":[18,"福井市","東俣町"],"9100315":[18,"坂井市","丸岡町小黒"],"9103144":[18,"福井市","水切町"],"9100049":[18,"福井市","深谷町"],"9102222":[18,"福井市","市波町"],"9101211":[18,"吉田郡永平寺町","法寺岡"],"9101135":[18,"吉田郡永平寺町","松岡室"],"9103645":[18,"福井市","笹谷町"],"9103101":[18,"福井市","昭和新町"],"9101225":[18,"吉田郡永平寺町","京善"],"9100311":[18,"坂井市","丸岡町豊原"],"9103126":[18,"福井市","深坂町"],"9102332":[18,"福井市","野波町"],"9100262":[18,"坂井市","丸岡町栄"],"9104133":[18,"あわら市","轟木"],"9104102":[18,"あわら市","芦鶴"],"9102357":[18,"福井市","朝谷町"],"9100235":[18,"坂井市","丸岡町巽町"],"9104124":[18,"あわら市","田中々"],"9101303":[18,"吉田郡永平寺町","藤巻"],"9100103":[18,"福井市","中角町"],"9100254":[18,"坂井市","丸岡町一本田"],"9100205":[18,"坂井市","丸岡町上竹田"],"9103118":[18,"福井市","上野町"],"9100828":[18,"福井市","林町"],"9100818":[18,"福井市","堂島町"],"9101132":[18,"吉田郡永平寺町","松岡葵"],"9101101":[18,"吉田郡永平寺町","松岡樋爪"],"9103524":[18,"福井市","別畑町"],"9103634":[18,"福井市","大森町"],"9104147":[18,"あわら市","公文"],"9100037":[18,"福井市","西堀町"],"9100057":[18,"福井市","里別所町"],"9100134":[18,"福井市","上野本町"],"9100226":[18,"坂井市","丸岡町松川町"],"9100208":[18,"坂井市","丸岡町坪江"],"9102516":[18,"今立郡池田町","山田"],"9100822":[18,"福井市","玄正島町"],"9103128":[18,"福井市","為寄町"],"9100342":[18,"坂井市","丸岡町高田"],"9100835":[18,"福井市","丸山町"],"9100857":[18,"福井市","豊島"],"9100323":[18,"坂井市","丸岡町野中山王"],"9104111":[18,"あわら市","牛山"],"9100272":[18,"坂井市","丸岡町乗兼"],"9103261":[18,"福井市","西荒井町"],"9101142":[18,"吉田郡永平寺町","松岡兼定島"],"9101126":[18,"吉田郡永平寺町","松岡小畑"],"9101124":[18,"吉田郡永平寺町","松岡上吉野"],"9101102":[18,"吉田郡永平寺町","松岡学園"],"9101302":[18,"吉田郡永平寺町","市荒川"],"9101213":[18,"吉田郡永平寺町","高橋"],"9100244":[18,"坂井市","丸岡町富田町"],"9102334":[18,"福井市","大宮町"],"9103516":[18,"福井市","風尾町"],"9100356":[18,"坂井市","丸岡町牛ケ島"],"9100155":[18,"福井市","稲多浜町"],"9102552":[18,"今立郡池田町","大本"],"9103137":[18,"福井市","石橋町"],"9102521":[18,"今立郡池田町","常安"],"9103102":[18,"福井市","小尉町"],"9103405":[18,"福井市","小丹生町"],"9102517":[18,"今立郡池田町","寺谷"],"9100374":[18,"坂井市","丸岡町北横地"],"9102221":[18,"福井市","奈良瀬町"],"9103373":[18,"福井市","西畑町"],"9103371":[18,"福井市","大窪町"],"9100042":[18,"福井市","岸水町"],"9100043":[18,"福井市","四十谷町"],"9100206":[18,"坂井市","丸岡町川上"],"9102177":[18,"福井市","稲津町"],"9100143":[18,"福井市","下森田新町"],"9100027":[18,"福井市","豊岡"],"9101314":[18,"吉田郡永平寺町","栗住波"],"9103551":[18,"福井市","大味町"],"9100366":[18,"坂井市","丸岡町宇随"],"9100312":[18,"坂井市","丸岡町曽々木"],"9102331":[18,"福井市","計石町"],"9100851":[18,"福井市","米松"],"9103513":[18,"福井市","宿堂町"],"9100807":[18,"福井市","高木北"],"9101139":[18,"吉田郡永平寺町","松岡木ノ下"],"9102505":[18,"今立郡池田町","水海"],"9101226":[18,"吉田郡永平寺町","市野々"],"9104134":[18,"あわら市","上番"],"9103522":[18,"福井市","謡谷町"],"9100001":[18,"福井市","大願寺"],"9100065":[18,"福井市","八ツ島町"],"9100222":[18,"坂井市","丸岡町伏屋"],"9103266":[18,"福井市","足谷町"],"9103113":[18,"福井市","江上町"],"9100364":[18,"坂井市","丸岡町八丁"],"9100332":[18,"坂井市","丸岡町下久米田"],"9103644":[18,"福井市","加茂内町"],"9103145":[18,"福井市","串野町"],"9100843":[18,"福井市","西開発"],"9100034":[18,"福井市","菅谷"],"9104121":[18,"あわら市","東温泉"],"9103381":[18,"福井市","蓑町"],"9102346":[18,"福井市","椙谷町"],"9100365":[18,"坂井市","丸岡町磯部福庄"],"9100237":[18,"坂井市","丸岡町乾"],"9101100":[18,"吉田郡永平寺町",""],"9100813":[18,"福井市","中新田町"],"9102553":[18,"今立郡池田町","籠掛"],"9100348":[18,"坂井市","丸岡町今町"],"9100016":[18,"福井市","大宮"],"9100107":[18,"福井市","高屋町"],"9100809":[18,"福井市","舟橋町"],"9103635":[18,"福井市","志津が丘"],"9102462":[18,"福井市","神当部町"],"9103372":[18,"福井市","西二ツ屋町"],"9100252":[18,"坂井市","丸岡町御幸"],"9100322":[18,"坂井市","丸岡町大森"],"9100343":[18,"坂井市","丸岡町坪ノ内"],"9103384":[18,"福井市","長橋町"],"9100351":[18,"坂井市","丸岡町寅国"],"9100243":[18,"坂井市","丸岡町石城戸町"],"9102522":[18,"今立郡池田町","月ケ瀬"],"9101216":[18,"吉田郡永平寺町","光明寺"],"9103612":[18,"福井市","清水山町"],"9100101":[18,"福井市","つくし野"],"9100056":[18,"福井市","里別所新町"],"9100275":[18,"坂井市","丸岡町宇田"],"9103254":[18,"福井市","八幡町"],"9100005":[18,"福井市","大手"],"9101143":[18,"吉田郡永平寺町","松岡渡新田"],"9101223":[18,"吉田郡永平寺町","けやき台"],"9100858":[18,"福井市","手寄"],"9100375":[18,"坂井市","丸岡町南横地"],"9100109":[18,"福井市","二日市町"],"9104142":[18,"あわら市","河間"],"9103267":[18,"福井市","河内町"],"9102551":[18,"今立郡池田町","尾緩"],"9100041":[18,"福井市","天菅生町"],"9100811":[18,"福井市","中藤新保町"],"9103383":[18,"福井市","糸崎町"],"9103558":[18,"福井市","八ツ俣町"],"9100859":[18,"福井市","日之出"],"9100339":[18,"坂井市","丸岡町寄永"],"9101326":[18,"吉田郡永平寺町","牧福島"],"9100321":[18,"坂井市","丸岡町山崎三ケ"],"9100108":[18,"福井市","山室町"],"9103146":[18,"福井市","小幡町"],"9100842":[18,"福井市","開発"],"9100827":[18,"福井市","藤島町"],"9102174":[18,"福井市","上東郷町"],"9101313":[18,"吉田郡永平寺町","石上"],"9103623":[18,"福井市","島寺町"],"9102166":[18,"福井市","小路町"],"9101111":[18,"吉田郡永平寺町","松岡志比堺"],"9100147":[18,"福井市","下森田町"],"9100331":[18,"坂井市","丸岡町上久米田"],"9102473":[18,"福井市","横越町"],"9103521":[18,"福井市","千合町"],"9102344":[18,"福井市","南宮地町"],"9101134":[18,"吉田郡永平寺町","松岡芝原"],"9100031":[18,"福井市","堀ノ宮町"],"9100002":[18,"福井市","町屋"],"9101138":[18,"吉田郡永平寺町","松岡松ケ原"],"9102345":[18,"福井市","間戸町"],"9103256":[18,"福井市","中町"],"9100221":[18,"坂井市","丸岡町城北"],"9103116":[18,"福井市","内山梨子町"],"9100824":[18,"福井市","間山町"],"9100044":[18,"福井市","田ノ谷町"],"9102161":[18,"福井市","脇三ケ町"],"9101122":[18,"吉田郡永平寺町","松岡宮重"],"9102511":[18,"今立郡池田町","薮田"],"9103404":[18,"福井市","大丹生町"],"9103646":[18,"福井市","清水畑町"],"9100313":[18,"坂井市","丸岡町内田"],"9100265":[18,"坂井市","丸岡町朝陽"],"9100812":[18,"福井市","新田本町"],"9100039":[18,"福井市","三ツ屋町"],"9103613":[18,"福井市","甑谷町"],"9100022":[18,"福井市","花月"],"9104122":[18,"あわら市","重義"],"9101215":[18,"吉田郡永平寺町","花谷"],"9100055":[18,"福井市","上伏町"],"9100102":[18,"福井市","川合鷲塚町"],"9100253":[18,"坂井市","丸岡町一本田中"],"9100061":[18,"福井市","舟橋新町"],"9100157":[18,"福井市","八重巻東町"],"9100236":[18,"坂井市","丸岡町本町"],"9103611":[18,"福井市","片山町"],"9100808":[18,"福井市","舟橋"],"9100144":[18,"福井市","下森田本町"],"9102144":[18,"福井市","上毘沙門町"],"9100224":[18,"坂井市","丸岡町八ケ郷"],"9100131":[18,"福井市","漆原町"],"9101224":[18,"吉田郡永平寺町","寺本"],"9100223":[18,"坂井市","丸岡町三本木"],"9100006":[18,"福井市","中央"],"9103374":[18,"福井市","高須町"],"9103264":[18,"福井市","木米町"],"9101144":[18,"吉田郡永平寺町","松岡平成"],"9103606":[18,"福井市","田尻栃谷町"],"9103601":[18,"福井市","清水町"],"9100833":[18,"福井市","新保"],"9100349":[18,"坂井市","丸岡町反保"],"9103123":[18,"福井市","石畠町"],"9100032":[18,"福井市","堀ノ宮"],"9100277":[18,"坂井市","丸岡町里竹田"],"9103255":[18,"福井市","大年町"],"9100004":[18,"福井市","宝永"],"9104274":[18,"あわら市","番堂野"],"9103252":[18,"福井市","燈豊町"],"9100350":[18,"坂井市","丸岡町南今市"],"9101322":[18,"吉田郡永平寺町","大月"],"9102534":[18,"今立郡池田町","魚見"],"9103141":[18,"福井市","砂子田町"],"9102145":[18,"福井市","中毘沙門町"],"9102463":[18,"福井市","味見河内町"],"9100338":[18,"坂井市","丸岡町為安"],"9100242":[18,"坂井市","丸岡町西里丸岡"],"9102512":[18,"今立郡池田町","稲荷"],"9100063":[18,"福井市","灯明寺"],"9104113":[18,"あわら市","横垣"],"9102523":[18,"今立郡池田町","河内"],"9101312":[18,"吉田郡永平寺町","清水"],"9100346":[18,"坂井市","丸岡町磯部島"],"9103604":[18,"福井市","グリーンハイツ"],"9100123":[18,"福井市","八重巻町"],"9100014":[18,"福井市","幾久町"],"9104141":[18,"あわら市","玉木"],"9102472":[18,"福井市","東河原町"],"9100146":[18,"福井市","下森田桜町"],"9103121":[18,"福井市","佐野町"],"9100802":[18,"福井市","大和田町"],"9103111":[18,"福井市","島山梨子町"],"9100036":[18,"福井市","三郎丸町"],"9102167":[18,"福井市","安原町"],"9103557":[18,"福井市","城有町"],"9102154":[18,"福井市","東新町"],"9100062":[18,"福井市","灯明寺町"],"9103514":[18,"福井市","水谷町"],"9100353":[18,"坂井市","丸岡町筑後清水"],"9103632":[18,"福井市","下天下町"],"9100246":[18,"坂井市","丸岡町西瓜屋"],"9100045":[18,"福井市","北楢原町"],"9102465":[18,"福井市","小当見町"],"9100051":[18,"福井市","郡町"],"9102504":[18,"今立郡池田町","安善寺"],"9103403":[18,"福井市","白浜町"],"9100362":[18,"坂井市","丸岡町上安田"],"9103402":[18,"福井市","鮎川町"],"9103114":[18,"福井市","剣大谷町"],"9104271":[18,"あわら市","浜坂"],"9100212":[18,"坂井市","丸岡町赤坂"],"9103614":[18,"福井市","在田町"],"9100151":[18,"福井市","栄町"],"9100805":[18,"福井市","高木"],"9103124":[18,"福井市","田ノ頭町"],"9102338":[18,"福井市","薬師町"],"9103552":[18,"福井市","茱崎町"],"9101218":[18,"吉田郡永平寺町","轟"],"9102535":[18,"今立郡池田町","菅生"],"9102208":[18,"福井市","吉山町"],"9100361":[18,"坂井市","丸岡町安田新"],"9102211":[18,"福井市","獺ケ口町"],"9103103":[18,"福井市","三宅町"],"9102204":[18,"福井市","美山大谷町"],"9104127":[18,"あわら市","西温泉"],"9100263":[18,"坂井市","丸岡町上田町"],"9100815":[18,"福井市","北野上町"],"9101311":[18,"吉田郡永平寺町","大野島"],"9103607":[18,"福井市","清水杉谷町"],"9102175":[18,"福井市","円成寺町"],"9103147":[18,"福井市","木下町"],"9103375":[18,"福井市","宮郷町"],"9103104":[18,"福井市","布施田町"],"9101201":[18,"吉田郡永平寺町","鳴鹿山鹿"],"9100853":[18,"福井市","城東"],"9102500":[18,"今立郡池田町",""],"9100372":[18,"坂井市","丸岡町吉政"],"9101112":[18,"吉田郡永平寺町","松岡越坂"],"9100054":[18,"福井市","安竹町"],"9100200":[18,"坂井市",""],"9100841":[18,"福井市","開発町"],"9100831":[18,"福井市","若栄町"],"9103148":[18,"福井市","菖蒲谷町"],"9102348":[18,"福井市","品ケ瀬町"],"9103511":[18,"福井市","白滝町"],"9101321":[18,"吉田郡永平寺町","山王"],"9103556":[18,"福井市","赤坂町"],"9100064":[18,"福井市","新田塚町"],"9103138":[18,"福井市","テクノポート"],"9102205":[18,"福井市","篭谷町"],"9102141":[18,"福井市","高尾町"],"9100251":[18,"坂井市","丸岡町一本田福所"],"9100214":[18,"坂井市","丸岡町畑中"],"9103553":[18,"福井市","蒲生町"],"9100028":[18,"福井市","学園"],"9102163":[18,"福井市","栃泉町"],"9102464":[18,"福井市","中手町"],"9100347":[18,"坂井市","丸岡町熊堂"],"9104115":[18,"あわら市","国影"],"9103253":[18,"福井市","大谷町"],"9101221":[18,"吉田郡永平寺町","山"],"9103265":[18,"福井市","柿谷町"],"9100145":[18,"福井市","下森田藤巻町"],"9104137":[18,"あわら市","中番"],"9102501":[18,"今立郡池田町","持越"],"9102524":[18,"今立郡池田町","土合皿尾"],"9103131":[18,"福井市","白方町"],"9100015":[18,"福井市","二の宮"],"9100852":[18,"福井市","松城町"],"9100821":[18,"福井市","島橋町"],"9100803":[18,"福井市","高柳町"],"9100826":[18,"福井市","上中町"],"9100152":[18,"福井市","古市"],"9100025":[18,"福井市","照手町"],"9102155":[18,"福井市","浄教寺町"],"9104275":[18,"あわら市","城新田"],"9100241":[18,"坂井市","丸岡町柳町"],"9100052":[18,"福井市","黒丸町"],"9102146":[18,"福井市","下毘沙門町"],"9101217":[18,"吉田郡永平寺町","飯島"],"9102513":[18,"今立郡池田町","寺島"],"9102212":[18,"福井市","小和清水町"],"9100363":[18,"坂井市","丸岡町下安田"],"9101106":[18,"吉田郡永平寺町","松岡御公領"],"9102353":[18,"福井市","小宇坂島町"],"9102203":[18,"福井市","西中町"],"9100814":[18,"福井市","北野下町"],"9100106":[18,"福井市","六日市町"],"9102206":[18,"福井市","吉山町"],"9102172":[18,"福井市","荒木新保町"],"9100806":[18,"福井市","高木町"],"9103382":[18,"福井市","松蔭町"],"9104272":[18,"あわら市","北潟"],"9100070":[18,"福井市","高木西"],"9103105":[18,"福井市","西中野町"],"9101123":[18,"吉田郡永平寺町","松岡湯谷"],"9101222":[18,"吉田郡永平寺町","諏訪間"],"9103616":[18,"福井市","真栗町"],"9102343":[18,"福井市","南西俣町"],"9100121":[18,"福井市","定正町"],"9103631":[18,"福井市","和田町"],"9100211":[18,"坂井市","丸岡町女形谷"],"9100341":[18,"坂井市","丸岡町四ツ柳"],"9100033":[18,"福井市","三郎丸"],"9100053":[18,"福井市","土橋町"],"9102207":[18,"福井市","吉山町"],"9103376":[18,"福井市","和布町"],"9100227":[18,"坂井市","丸岡町荒町"],"9101202":[18,"吉田郡永平寺町","下浄法寺"],"9100383":[18,"坂井市","丸岡町長崎"],"9103633":[18,"福井市","上天下町"],"9103615":[18,"福井市","坪谷町"],"9101136":[18,"吉田郡永平寺町","松岡窪"],"9102337":[18,"福井市","薬師町"],"9102164":[18,"福井市","深見町"],"9100373":[18,"坂井市","丸岡町高柳"],"9101113":[18,"吉田郡永平寺町","松岡松ケ丘"],"9100231":[18,"坂井市","丸岡町霞町"],"9102202":[18,"福井市","所谷町"],"9103251":[18,"福井市","荒谷町"],"9104144":[18,"あわら市","中浜"],"9102514":[18,"今立郡池田町","学園"],"9102225":[18,"福井市","田尻町"],"9102156":[18,"福井市","鹿俣町"],"9100261":[18,"坂井市","丸岡町針ノ木"],"9102347":[18,"福井市","境寺町"],"9102537":[18,"今立郡池田町","定方"],"9104125":[18,"あわら市","堀江十楽"],"9102147":[18,"福井市","成願寺町"],"9102148":[18,"福井市","篠尾町"],"9100234":[18,"坂井市","丸岡町今市"],"9100829":[18,"福井市","林藤島町"],"9103554":[18,"福井市","浜北山町"],"9102525":[18,"今立郡池田町","市"],"9103602":[18,"福井市","竹生町"],"9101304":[18,"吉田郡永平寺町","吉峰"],"9103106":[18,"福井市","池尻町"],"9101203":[18,"吉田郡永平寺町","上浄法寺"],"9103512":[18,"福井市","西別所町"],"9102354":[18,"福井市","東天田町"],"9100325":[18,"坂井市","丸岡町板倉"],"9101118":[18,"吉田郡永平寺町","松岡薬師"],"9102461":[18,"福井市","南野津又町"],"9102171":[18,"福井市","荒木町"],"9102335":[18,"福井市","縫原町"],"9103133":[18,"福井市","石新保町"],"9100153":[18,"福井市","古市町"],"9103122":[18,"福井市","小野町"],"9103401":[18,"福井市","国見町"],"9104276":[18,"あわら市","十三"],"9102178":[18,"福井市","栂野町"],"9100344":[18,"坂井市","丸岡町友末"],"9102531":[18,"今立郡池田町","東角間"],"9100026":[18,"福井市","光陽"],"9103132":[18,"福井市","浜島町"],"9100335":[18,"坂井市","丸岡町上金屋"],"9101127":[18,"吉田郡永平寺町","松岡吉野堺"],"9102475":[18,"福井市","赤谷町"],"9104273":[18,"あわら市","赤尾"],"9102556":[18,"今立郡池田町","白粟"],"9102224":[18,"福井市","三万谷町"],"9104138":[18,"あわら市","下番"],"9103523":[18,"福井市","武周町"],"9102173":[18,"福井市","下東郷町"],"9100337":[18,"坂井市","丸岡町新鳴鹿"],"9100352":[18,"坂井市","丸岡町新間"],"9101227":[18,"吉田郡永平寺町","荒谷"],"9100046":[18,"福井市","南楢原町"],"9103517":[18,"福井市","畠中町"],"9100855":[18,"福井市","西方"],"9102165":[18,"福井市","東郷二ケ町"],"9103643":[18,"福井市","滝波町"],"9100823":[18,"福井市","重立町"],"9100305":[18,"坂井市","丸岡町八幡町"],"9103617":[18,"福井市","御油町"],"9100012":[18,"福井市","経栄"],"9101324":[18,"吉田郡永平寺町","野中"],"9103641":[18,"福井市","平尾町"],"9100133":[18,"福井市","森田新保町"],"9103526":[18,"福井市","二ツ屋町"],"9101121":[18,"吉田郡永平寺町","松岡吉野"],"9102506":[18,"今立郡池田町","広瀬"],"9102153":[18,"福井市","城戸ノ内町"],"9103142":[18,"福井市","波寄町"],"9100817":[18,"福井市","泉田町"],"9100135":[18,"福井市","上野本町新"],"9101205":[18,"吉田郡永平寺町","吉波"],"9104103":[18,"あわら市","二面"],"9102352":[18,"福井市","小宇坂町"],"9102226":[18,"福井市","高田町"],"9101104":[18,"吉田郡永平寺町","松岡下合月"],"9100384":[18,"坂井市","丸岡町四ツ屋"],"9100834":[18,"福井市","丸山"],"9102502":[18,"今立郡池田町","野尻"],"9100213":[18,"坂井市","丸岡町田屋"],"9100003":[18,"福井市","松本"],"9101301":[18,"吉田郡永平寺町","中島"],"9100124":[18,"福井市","天池町"],"9102515":[18,"今立郡池田町","池田"],"9100326":[18,"坂井市","丸岡町末政"],"9103555":[18,"福井市","居倉町"],"9102152":[18,"福井市","安波賀町"],"9104145":[18,"あわら市","角屋"],"9101133":[18,"吉田郡永平寺町","松岡春日"],"9103134":[18,"福井市","浜別所町"],"9100801":[18,"福井市","寺前町"],"9100038":[18,"福井市","三ツ屋"],"9102557":[18,"今立郡池田町","小畑"],"9102471":[18,"福井市","西河原町"],"9100201":[18,"坂井市","丸岡町上竹田"],"9102356":[18,"福井市","蔵作町"],"9102157":[18,"福井市","西新町"],"9102503":[18,"今立郡池田町","谷口"],"9100274":[18,"坂井市","丸岡町千田"],"9103605":[18,"福井市","朝宮町"],"9100069":[18,"福井市","舟橋黒竜"],"9101228":[18,"吉田郡永平寺町","志比"],"9100334":[18,"坂井市","丸岡町東二ツ屋"],"9102201":[18,"福井市","皿谷町"],"9102336":[18,"福井市","仁位町"],"9100154":[18,"福井市","稲多元町"],"9103112":[18,"福井市","御所垣内町"],"9100225":[18,"坂井市","丸岡町松川"],"9102526":[18,"今立郡池田町","上荒谷"],"9100105":[18,"福井市","河合勝見町"],"9102536":[18,"今立郡池田町","西角間"],"9100304":[18,"坂井市","丸岡町今福"],"9100345":[18,"坂井市","丸岡町四郎丸"],"9100371":[18,"坂井市","丸岡町八ツ口"],"9100369":[18,"坂井市","丸岡町新九頭竜"],"9101114":[18,"吉田郡永平寺町","松岡城東"],"9100233":[18,"坂井市","丸岡町東陽"],"9103107":[18,"福井市","黒丸城町"],"9100854":[18,"福井市","御幸"],"9102214":[18,"福井市","福島町"],"9100203":[18,"坂井市","丸岡町山口"],"9100844":[18,"福井市","長本町"],"9101117":[18,"吉田郡永平寺町","松岡神明"],"9102507":[18,"今立郡池田町","清水谷"],"9102474":[18,"福井市","折立町"],"9101105":[18,"吉田郡永平寺町","松岡末政"],"9100023":[18,"福井市","順化"],"9102341":[18,"福井市","東川上町"],"9100804":[18,"福井市","高木中央"],"9103642":[18,"福井市","本折町"],"9100355":[18,"坂井市","丸岡町高瀬"],"9101315":[18,"吉田郡永平寺町","せせらぎ"],"9100845":[18,"福井市","志比口"],"9100013":[18,"福井市","幾代"],"9102351":[18,"福井市","美山町"],"9100816":[18,"福井市","中ノ郷町"],"9102355":[18,"福井市","西天田町"],"9100068":[18,"福井市","舟橋新"],"9101204":[18,"吉田郡永平寺町","岩野"],"9100047":[18,"福井市","海老助町"],"9101206":[18,"吉田郡永平寺町","栃原"],"9103377":[18,"福井市","浜住町"],"9103636":[18,"福井市","山内町"],"9104131":[18,"あわら市","東善寺"],"9101323":[18,"吉田郡永平寺町","浅見"],"9100202":[18,"坂井市","丸岡町上竹田"],"9100336":[18,"坂井市","丸岡町楽間"],"9104104":[18,"あわら市","温泉"],"9100011":[18,"福井市","経田"],"9100232":[18,"坂井市","丸岡町霞ケ丘"],"9100381":[18,"坂井市","丸岡町舟寄"],"9103525":[18,"福井市","尼ケ谷町"],"9102162":[18,"福井市","南山町"],"9102339":[18,"福井市","薬師町"],"9103621":[18,"福井市","小羽町"],"9103518":[18,"福井市","国山町"],"9100035":[18,"福井市","菅谷町"],"9101137":[18,"吉田郡永平寺町","松岡観音"],"9100136":[18,"福井市","栗森町浜"],"9101131":[18,"吉田郡永平寺町","松岡椚"],"9100264":[18,"坂井市","丸岡町乾下田"]}
