{"8540074":[42,"諫早市","山川町"],"8540092":[42,"諫早市","湯野尾町"],"8540084":[42,"諫早市","真崎町"],"8540072":[42,"諫早市","永昌町"],"8540095":[42,"諫早市","上大渡野町"],"8540124":[42,"諫早市","中通町"],"8540004":[42,"諫早市","金谷町"],"8540005":[42,"諫早市","城見町"],"8541101":[42,"諫早市","飯盛町野中"],"8540502":[42,"雲仙市","小浜町山畑"],"8540066":[42,"諫早市","久山町"],"8540123":[42,"諫早市","天神町"],"8540094":[42,"諫早市","本明町"],"8540054":[42,"諫早市","小ケ倉町"],"8540055":[42,"諫早市","栗面町"],"8540621":[42,"雲仙市","小浜町雲仙"],"8540068":[42,"諫早市","青葉台"],"8540073":[42,"諫早市","中尾町"],"8540209":[42,"諫早市","森山町上井牟田"],"8540501":[42,"雲仙市","小浜町大亀"],"8541114":[42,"諫早市","飯盛町久保"],"8540401":[42,"雲仙市","千々石町甲"],"8540086":[42,"諫早市","堀の内町"],"8540022":[42,"諫早市","幸町"],"8541124":[42,"諫早市","飯盛町川下"],"8540500":[42,"雲仙市",""],"8540064":[42,"諫早市","若葉町"],"8540204":[42,"諫早市","森山町田尻"],"8540205":[42,"諫早市","森山町杉谷"],"8540021":[42,"諫早市","仲沖町"],"8540043":[42,"諫早市","立石町"],"8540121":[42,"諫早市","有喜町"],"8540071":[42,"諫早市","永昌東町"],"8540512":[42,"雲仙市","小浜町北木指"],"8541113":[42,"諫早市","飯盛町下釜"],"8540027":[42,"諫早市","旭町"],"8540203":[42,"諫早市","森山町本村"],"8540003":[42,"諫早市","泉町"],"8540042":[42,"諫早市","上野町"],"8541112":[42,"諫早市","飯盛町開"],"8540076":[42,"諫早市","堂崎町"],"8540202":[42,"諫早市","森山町慶師野"],"8540301":[42,"雲仙市","愛野町甲"],"8540038":[42,"諫早市","中央干拓"],"8540085":[42,"諫早市","破籠井町"],"8540504":[42,"雲仙市","小浜町金浜"],"8541104":[42,"諫早市","飯盛町上原"],"8540041":[42,"諫早市","船越町"],"8540208":[42,"諫早市","森山町唐比西"],"8540403":[42,"雲仙市","千々石町丙"],"8540407":[42,"雲仙市","千々石町庚"],"8540511":[42,"雲仙市","小浜町南木指"],"8540012":[42,"諫早市","本町"],"8540517":[42,"雲仙市","小浜町マリーナ"],"8540001":[42,"諫早市","福田町"],"8540402":[42,"雲仙市","千々石町乙"],"8540031":[42,"諫早市","小野島町"],"8540000":[42,"諫早市",""],"8541125":[42,"諫早市","飯盛町池下"],"8540061":[42,"諫早市","宇都町"],"8540701":[42,"雲仙市","南串山町甲"],"8540057":[42,"諫早市","平山町"],"8540207":[42,"諫早市","森山町唐比東"],"8540077":[42,"諫早市","白岩町"],"8541103":[42,"諫早市","飯盛町中山"],"8540002":[42,"諫早市","日の出町"],"8540036":[42,"諫早市","長野町"],"8540201":[42,"諫早市","森山町下井牟田"],"8540051":[42,"諫早市","鷲崎町"],"8540037":[42,"諫早市","川内町"],"8540122":[42,"諫早市","鶴田町"],"8540065":[42,"諫早市","津久葉町"],"8540063":[42,"諫早市","貝津町"],"8540034":[42,"諫早市","小野町"],"8540047":[42,"諫早市","野中町"],"8540096":[42,"諫早市","下大渡野町"],"8540013":[42,"諫早市","栄町"],"8540703":[42,"雲仙市","南串山町丙"],"8540044":[42,"諫早市","西郷町"],"8540702":[42,"雲仙市","南串山町乙"],"8540052":[42,"諫早市","川床町"],"8540405":[42,"雲仙市","千々石町戊"],"8541111":[42,"諫早市","飯盛町平古場"],"8540514":[42,"雲仙市","小浜町北本町"],"8540406":[42,"雲仙市","千々石町己"],"8540046":[42,"諫早市","原口町"],"8540083":[42,"諫早市","津水町"],"8541122":[42,"諫早市","飯盛町佐田"],"8540033":[42,"諫早市","黒崎町"],"8540056":[42,"諫早市","土師野尾町"],"8540035":[42,"諫早市","宗方町"],"8540515":[42,"雲仙市","小浜町北野"],"8540513":[42,"雲仙市","小浜町南本町"],"8540081":[42,"諫早市","栄田町"],"8540026":[42,"諫早市","東本町"],"8540125":[42,"諫早市","早見町"],"8540015":[42,"諫早市","西小路町"],"8540023":[42,"諫早市","厚生町"],"8541121":[42,"諫早市","飯盛町古場"],"8540062":[42,"諫早市","小船越町"],"8540007":[42,"諫早市","目代町"],"8540505":[42,"雲仙市","小浜町木場"],"8540082":[42,"諫早市","西栄田町"],"8540075":[42,"諫早市","馬渡町"],"8540206":[42,"諫早市","森山町唐比北"],"8540014":[42,"諫早市","東小路町"],"8540016":[42,"諫早市","高城町"],"8541102":[42,"諫早市","飯盛町山口"],"8540091":[42,"諫早市","富川町"],"8541105":[42,"諫早市","飯盛町後田"],"8540503":[42,"雲仙市","小浜町飛子"],"8540024":[42,"諫早市","上町"],"8540032":[42,"諫早市","赤崎町"],"8540126":[42,"諫早市","松里町"],"8540302":[42,"雲仙市","愛野町乙"],"8540011":[42,"諫早市","八天町"],"8540053":[42,"諫早市","小川町"],"8540087":[42,"諫早市","大さこ町"],"8540093":[42,"諫早市","本野町"],"8540067":[42,"諫早市","久山台"],"8540404":[42,"雲仙市","千々石町丁"],"8540516":[42,"雲仙市","小浜町富津"],"8541123":[42,"諫早市","飯盛町里"],"8540006":[42,"諫早市","天満町"],"8540045":[42,"諫早市","新道町"],"8540025":[42,"諫早市","八坂町"]}
