{"6795212":[28,"佐用郡佐用町","林崎"],"6794013":[28,"たつの市","揖西町北山"],"6795335":[28,"佐用郡佐用町","海内"],"6794221":[28,"姫路市","林田町林谷"],"6792143":[28,"姫路市","香寺町中仁野"],"6794142":[28,"たつの市","揖保町松原"],"6791203":[28,"多可郡多可町","加美区多田"],"6794343":[28,"たつの市","新宮町大屋"],"6794131":[28,"たつの市","誉田町内山"],"6791112":[28,"多可郡多可町","中区間子"],"6792337":[28,"神崎郡市川町","屋形"],"6795654":[28,"佐用郡佐用町","大酒"],"6793100":[28,"神崎郡神河町",""],"6793125":[28,"神崎郡神河町","上小田"],"6794304":[28,"たつの市","新宮町下笹"],"6794322":[28,"たつの市","新宮町仙正"],"6793453":[28,"朝来市","佐嚢"],"6794146":[28,"たつの市","揖保町今市"],"6794166":[28,"たつの市","龍野町川原町"],"6791322":[28,"多可郡多可町","加美区鳥羽"],"6792431":[28,"神崎郡神河町","猪篠"],"6795206":[28,"佐用郡佐用町","土井"],"6794326":[28,"たつの市","新宮町船渡"],"6791333":[28,"多可郡多可町","加美区三谷"],"6792316":[28,"神崎郡市川町","東川辺"],"6795312":[28,"佐用郡佐用町","仁方"],"6795306":[28,"佐用郡佐用町","本位田"],"6795133":[28,"佐用郡佐用町","三日月"],"6794026":[28,"たつの市","揖西町竹原"],"6792325":[28,"神崎郡市川町","奥"],"6795331":[28,"佐用郡佐用町","平福"],"6794174":[28,"たつの市","龍野町柳原"],"6792165":[28,"姫路市","香寺町恒屋"],"6792200":[28,"神崎郡福崎町",""],"6792414":[28,"神崎郡神河町","粟賀町"],"6790104":[28,"加西市","常吉町"],"6794122":[28,"たつの市","龍野町日飼"],"6793326":[28,"朝来市","生野町白口"],"6794006":[28,"たつの市","揖西町田井"],"6790106":[28,"加西市","豊倉町"],"6792161":[28,"姫路市","香寺町溝口"],"6791103":[28,"多可郡多可町","中区牧野"],"6790223":[28,"加東市","桜台"],"6791338":[28,"多可郡多可町","加美区観音寺"],"6793113":[28,"神崎郡神河町","野村"],"6793311":[28,"朝来市","生野町真弓"],"6794121":[28,"たつの市","龍野町島田"],"6792405":[28,"神崎郡神河町","岩屋"],"6795227":[28,"佐用郡佐用町","船越"],"6794112":[28,"たつの市","神岡町追分"],"6791131":[28,"多可郡多可町","中区曽我井"],"6795643":[28,"佐用郡佐用町","下秋里"],"6792214":[28,"神崎郡福崎町","福崎新"],"6794163":[28,"たつの市","龍野町福の神"],"6793401":[28,"朝来市","物部"],"6794313":[28,"たつの市","新宮町新宮"],"6791214":[28,"多可郡多可町","加美区的場"],"6794178":[28,"たつの市","龍野町大手"],"6795154":[28,"たつの市","新宮町鍛冶屋"],"6795645":[28,"佐用郡佐用町","西新宿"],"6792404":[28,"神崎郡神河町","越知"],"6793442":[28,"朝来市","田路"],"6792213":[28,"神崎郡福崎町","馬田"],"6794202":[28,"姫路市","林田町下構"],"6793332":[28,"朝来市","生野町川尻"],"6794111":[28,"たつの市","神岡町野部"],"6792301":[28,"神崎郡市川町","上牛尾"],"6794161":[28,"たつの市","龍野町日山"],"6795525":[28,"佐用郡佐用町","目高"],"6794171":[28,"たつの市","龍野町北龍野"],"6792312":[28,"神崎郡市川町","保喜"],"6795535":[28,"佐用郡佐用町","小日山"],"6792333":[28,"神崎郡市川町","神崎"],"6794102":[28,"たつの市","神岡町北横内"],"6791134":[28,"多可郡多可町","中区茂利"],"6790314":[28,"西脇市","黒田庄町福地"],"6792155":[28,"姫路市","香寺町矢田部"],"6792205":[28,"神崎郡福崎町","東田原"],"6794305":[28,"たつの市","新宮町吉島"],"6795134":[28,"佐用郡佐用町","乃井野"],"6792101":[28,"姫路市","船津町"],"6791105":[28,"多可郡多可町","中区東山"],"6795343":[28,"佐用郡佐用町","口長谷"],"6795504":[28,"佐用郡佐用町","大垣内"],"6792321":[28,"神崎郡市川町","千原"],"6790202":[28,"加東市","多井田"],"6790211":[28,"加東市","上滝野"],"6794135":[28,"たつの市","誉田町高駄"],"6794125":[28,"たつの市","龍野町末政"],"6795145":[28,"佐用郡佐用町","大畑"],"6795142":[28,"佐用郡佐用町","弦谷"],"6795222":[28,"佐用郡佐用町","西下野"],"6795203":[28,"佐用郡佐用町","米田"],"6793423":[28,"朝来市","多々良木"],"6792113":[28,"姫路市","山田町南山田"],"6793431":[28,"朝来市","新井"],"6792336":[28,"神崎郡市川町","沢"],"6794215":[28,"姫路市","林田町八幡"],"6793412":[28,"朝来市","山内"],"6795317":[28,"佐用郡佐用町","末包"],"6795225":[28,"佐用郡佐用町","上三河"],"6795153":[28,"たつの市","新宮町時重"],"6791124":[28,"多可郡多可町","中区森本"],"6794302":[28,"たつの市","新宮町香山"],"6794167":[28,"たつの市","龍野町富永"],"6793104":[28,"神崎郡神河町","川上"],"6792424":[28,"神崎郡神河町","柏尾"],"6794108":[28,"たつの市","神岡町大住寺"],"6795163":[28,"たつの市","新宮町角亀"],"6795303":[28,"佐用郡佐用町","真盛"],"6792413":[28,"神崎郡神河町","中村"],"6793324":[28,"朝来市","生野町小野"],"6792327":[28,"神崎郡市川町","近平"],"6791121":[28,"多可郡多可町","中区東安田"],"6794155":[28,"たつの市","揖保町揖保中"],"6795346":[28,"佐用郡佐用町","口金近"],"6794344":[28,"たつの市","新宮町善定"],"6794145":[28,"たつの市","揖保町萩原"],"6794303":[28,"たつの市","新宮町上笹"],"6794172":[28,"たつの市","龍野町上川原"],"6792401":[28,"神崎郡神河町","新田"],"6794164":[28,"たつの市","龍野町立町"],"6795164":[28,"たつの市","新宮町二柏野"],"6794342":[28,"たつの市","新宮町平野"],"6794025":[28,"たつの市","揖西町小畑"],"6794017":[28,"たつの市","揖西町土師"],"6795223":[28,"佐用郡佐用町","下三河"],"6795501":[28,"佐用郡佐用町","桜山"],"6790203":[28,"加東市","稲尾"],"6792121":[28,"姫路市","豊富町神谷"],"6795313":[28,"佐用郡佐用町","西河内"],"6792162":[28,"姫路市","香寺町野田"],"6794321":[28,"たつの市","新宮町段之上"],"6794115":[28,"たつの市","神岡町入野"],"6794130":[28,"たつの市","誉田町長真"],"6792132":[28,"姫路市","香寺町須加院"],"6794007":[28,"たつの市","揖西町構"],"6791325":[28,"多可郡多可町","加美区山口"],"6794233":[28,"姫路市","林田町下伊勢"],"6794325":[28,"たつの市","新宮町佐野"],"6792332":[28,"神崎郡市川町","田中"],"6790207":[28,"加東市","滝野団地"],"6794139":[28,"たつの市","誉田町上沖"],"6792317":[28,"神崎郡市川町","浅野"],"6795324":[28,"佐用郡佐用町","奥海"],"6795132":[28,"佐用郡佐用町","下本郷"],"6792144":[28,"姫路市","香寺町中屋"],"6795332":[28,"佐用郡佐用町","延吉"],"6792415":[28,"神崎郡神河町","福本"],"6795137":[28,"佐用郡佐用町","真宗"],"6795318":[28,"佐用郡佐用町","東中山"],"6790107":[28,"加西市","玉野町"],"6795214":[28,"佐用郡佐用町","西徳久"],"6790105":[28,"加西市","朝妻町"],"6792300":[28,"神崎郡市川町",""],"6792423":[28,"神崎郡神河町","寺野"],"6795165":[28,"たつの市","新宮町光都"],"6794126":[28,"たつの市","龍野町中村"],"6795307":[28,"佐用郡佐用町","円応寺"],"6795204":[28,"佐用郡佐用町","小山"],"6795311":[28,"佐用郡佐用町","福沢"],"6795161":[28,"たつの市","新宮町下莇原"],"6792403":[28,"神崎郡神河町","大畑"],"6792217":[28,"神崎郡福崎町","高岡"],"6791133":[28,"多可郡多可町","中区糀屋"],"6793114":[28,"神崎郡神河町","新野"],"6791213":[28,"多可郡多可町","加美区山野部"],"6791102":[28,"多可郡多可町","中区安楽田"],"6795521":[28,"佐用郡佐用町","早瀬"],"6791111":[28,"多可郡多可町","中区鍛冶屋"],"6795302":[28,"佐用郡佐用町","山脇"],"6794101":[28,"たつの市","神岡町奥村"],"6794107":[28,"たつの市","神岡町西横内"],"6795147":[28,"佐用郡佐用町","末廣"],"6793331":[28,"朝来市","生野町栃原"],"6792313":[28,"神崎郡市川町","西田中"],"6795215":[28,"佐用郡佐用町","平松"],"6793323":[28,"朝来市","生野町竹原野"],"6792166":[28,"姫路市","香寺町中村"],"6794152":[28,"たつの市","揖保町中臣"],"6793441":[28,"朝来市","羽渕"],"6794003":[28,"たつの市","揖西町小神"],"6790303":[28,"西脇市","黒田庄町前坂"],"6791321":[28,"多可郡多可町","加美区山寄上"],"6792201":[28,"神崎郡福崎町","大貫"],"6790221":[28,"加東市","河高"],"6795502":[28,"佐用郡佐用町","才金"],"6794203":[28,"姫路市","林田町中構"],"6790324":[28,"西脇市","黒田庄町大伏"],"6794312":[28,"たつの市","新宮町下野"],"6791104":[28,"多可郡多可町","中区田野口"],"6795207":[28,"佐用郡佐用町","宝蔵寺"],"6793413":[28,"朝来市","納座"],"6795152":[28,"たつの市","新宮町牧"],"6795301":[28,"佐用郡佐用町","佐用"],"6795514":[28,"佐用郡佐用町","福吉"],"6794168":[28,"たつの市","龍野町四箇"],"6793101":[28,"神崎郡神河町","渕"],"6795146":[28,"佐用郡佐用町","大下り"],"6790101":[28,"加西市","都染町"],"6794136":[28,"たつの市","誉田町井上"],"6795511":[28,"佐用郡佐用町","福中"],"6794004":[28,"たつの市","揖西町清水新"],"6790311":[28,"西脇市","黒田庄町喜多"],"6795342":[28,"佐用郡佐用町","宗行"],"6791337":[28,"多可郡多可町","加美区奥豊部"],"6795221":[28,"佐用郡佐用町","漆野"],"6790108":[28,"加西市","山枝町"],"6794014":[28,"たつの市","揖西町竹万"],"6795305":[28,"佐用郡佐用町","長尾"],"6795325":[28,"佐用郡佐用町","水根"],"6792163":[28,"姫路市","香寺町土師"],"6790313":[28,"西脇市","黒田庄町岡"],"6794144":[28,"たつの市","揖保町真砂"],"6793111":[28,"神崎郡神河町","大河"],"6794156":[28,"たつの市","揖保町揖保上"],"6794177":[28,"たつの市","龍野町下川原"],"6792433":[28,"神崎郡神河町","杉"],"6790212":[28,"加東市","下滝野"],"6792167":[28,"姫路市","香寺町久畑"],"6793402":[28,"朝来市","桑市"],"6791334":[28,"多可郡多可町","加美区箸荷"],"6792141":[28,"姫路市","香寺町岩部"],"6795505":[28,"佐用郡佐用町","皆田"],"6791326":[28,"多可郡多可町","加美区西山"],"6790102":[28,"加西市","青野原町"],"6792212":[28,"神崎郡福崎町","福田"],"6792324":[28,"神崎郡市川町","坂戸"],"6791211":[28,"多可郡多可町","加美区寺内"],"6795226":[28,"佐用郡佐用町","河崎"],"6795345":[28,"佐用郡佐用町","奥金近"],"6795314":[28,"佐用郡佐用町","大木谷"],"6792422":[28,"神崎郡神河町","貝野"],"6795224":[28,"佐用郡佐用町","中三河"],"6792318":[28,"神崎郡市川町","小畑"],"6792153":[28,"姫路市","香寺町田野"],"6795143":[28,"佐用郡佐用町","三原"],"6794341":[28,"たつの市","新宮町能地"],"6791122":[28,"多可郡多可町","中区中安田"],"6790304":[28,"西脇市","黒田庄町船町"],"6794100":[28,"たつの市",""],"6792152":[28,"姫路市","香寺町行重"],"6792122":[28,"姫路市","豊富町御蔭"],"6790213":[28,"加東市","光明寺"],"6792335":[28,"神崎郡市川町","美佐"],"6791205":[28,"多可郡多可町","加美区岩座神"],"6792304":[28,"神崎郡市川町","下瀬加"],"6794213":[28,"姫路市","林田町山田"],"6793102":[28,"神崎郡神河町","栗"],"6794176":[28,"たつの市","龍野町水神町"],"6794133":[28,"たつの市","誉田町誉"],"6793422":[28,"朝来市","石田"],"6792202":[28,"神崎郡福崎町","八千種"],"6794128":[28,"たつの市","龍野町小宅北"],"6791324":[28,"多可郡多可町","加美区轟"],"6794011":[28,"たつの市","揖西町佐江"],"6795341":[28,"佐用郡佐用町","横坂"],"6795319":[28,"佐用郡佐用町","大畠"],"6790321":[28,"西脇市","黒田庄町田高"],"6793403":[28,"朝来市","立脇"],"6794105":[28,"たつの市","神岡町西鳥井"],"6794021":[28,"たつの市","揖西町小犬丸"],"6794114":[28,"たつの市","神岡町寄井"],"6794027":[28,"たつの市","揖西町長尾"],"6795644":[28,"佐用郡佐用町","上秋里"],"6795205":[28,"佐用郡佐用町","安川"],"6795323":[28,"佐用郡佐用町","若州"],"6791212":[28,"多可郡多可町","加美区西脇"],"6795136":[28,"佐用郡佐用町","志文"],"6790302":[28,"西脇市","黒田庄町黒田"],"6792111":[28,"姫路市","山田町多田"],"6791327":[28,"多可郡多可町","加美区市原"],"6794173":[28,"たつの市","龍野町門の外"],"6794231":[28,"姫路市","林田町大堤"],"6794201":[28,"姫路市","林田町久保"],"6794109":[28,"たつの市","神岡町東觜崎"],"6792216":[28,"神崎郡福崎町","高橋"],"6791115":[28,"多可郡多可町","中区天田"],"6792402":[28,"神崎郡神河町","作畑"],"6795300":[28,"佐用郡佐用町",""],"6790316":[28,"西脇市","黒田庄町大門"],"6794205":[28,"姫路市","林田町新町"],"6794314":[28,"たつの市","新宮町曽我井"],"6794008":[28,"たつの市","揖西町芦原台"],"6790204":[28,"加東市","新町"],"6793414":[28,"朝来市","川上"],"6792123":[28,"姫路市","豊富町豊富"],"6792331":[28,"神崎郡市川町","小室"],"6793321":[28,"朝来市","生野町新町"],"6795522":[28,"佐用郡佐用町","仁位"],"6791101":[28,"多可郡多可町","中区門前"],"6794324":[28,"たつの市","新宮町觜崎"],"6793322":[28,"朝来市","生野町奥銀谷"],"6792311":[28,"神崎郡市川町","上田中"],"6794106":[28,"たつの市","神岡町横内"],"6794311":[28,"たつの市","新宮町宮内"],"6793115":[28,"神崎郡神河町","比延"],"6794204":[28,"姫路市","林田町上構"],"6795512":[28,"佐用郡佐用町","南中山"],"6795533":[28,"佐用郡佐用町","力万"],"6794005":[28,"たつの市","揖西町清水"],"6791336":[28,"多可郡多可町","加美区杉原"],"6794001":[28,"たつの市","揖西町新宮"],"6790109":[28,"加西市","玉丘町"],"6795321":[28,"佐用郡佐用町","下石井"],"6794141":[28,"たつの市","揖保町栄"],"6794024":[28,"たつの市","揖西町尾崎"],"6792218":[28,"神崎郡福崎町","田口"],"6795322":[28,"佐用郡佐用町","上石井"],"6794331":[28,"たつの市","新宮町市野保"],"6794153":[28,"たつの市","揖保町門前"],"6791107":[28,"多可郡多可町","中区奥中"],"6795652":[28,"佐用郡佐用町","家内"],"6794104":[28,"たつの市","神岡町筒井"],"6795334":[28,"佐用郡佐用町","桑野"],"6791201":[28,"多可郡多可町","加美区豊部"],"6791335":[28,"多可郡多可町","加美区門村"],"6793112":[28,"神崎郡神河町","鍛治"],"6795641":[28,"佐用郡佐用町","久崎"],"6794211":[28,"姫路市","林田町六九谷"],"6794223":[28,"姫路市","林田町奥佐見"],"6792142":[28,"姫路市","香寺町広瀬"],"6794127":[28,"たつの市","龍野町宮脇"],"6794165":[28,"たつの市","龍野町本町"],"6792314":[28,"神崎郡市川町","北田中"],"6794137":[28,"たつの市","誉田町片吹"],"6794143":[28,"たつの市","揖保町東用"],"6792131":[28,"姫路市","香寺町犬飼"],"6794123":[28,"たつの市","龍野町片山"],"6793451":[28,"朝来市","上八代"],"6794169":[28,"たつの市","龍野町大道"],"6795151":[28,"たつの市","新宮町奥小屋"],"6795651":[28,"佐用郡佐用町","櫛田"],"6794162":[28,"たつの市","龍野町下霞城"],"6794315":[28,"たつの市","新宮町井野原"],"6794333":[28,"たつの市","新宮町下野田"],"6793421":[28,"朝来市","伊由市場"],"6792303":[28,"神崎郡市川町","上瀬加"],"6790103":[28,"加西市","別府町"],"6791331":[28,"多可郡多可町","加美区丹治"],"6790312":[28,"西脇市","黒田庄町門柳"],"6794327":[28,"たつの市","新宮町中野庄"],"6792432":[28,"神崎郡神河町","大山"],"6792412":[28,"神崎郡神河町","山田"],"6794346":[28,"たつの市","新宮町千本"],"6792323":[28,"神崎郡市川町","甘地"],"6792164":[28,"姫路市","香寺町中寺"],"6793121":[28,"神崎郡神河町","上岩"],"6794206":[28,"姫路市","林田町林田"],"6791135":[28,"多可郡多可町","中区安坂"],"6795315":[28,"佐用郡佐用町","淀"],"6792115":[28,"姫路市","山田町西山田"],"6793341":[28,"朝来市","生野町黒川"],"6794323":[28,"たつの市","新宮町北村"],"6795211":[28,"佐用郡佐用町","下徳久"],"6794175":[28,"たつの市","龍野町旭町"],"6794015":[28,"たつの市","揖西町龍子"],"6792154":[28,"姫路市","香寺町相坂"],"6792434":[28,"神崎郡神河町","吉冨"],"6795642":[28,"佐用郡佐用町","円光寺"],"6793411":[28,"朝来市","沢"],"6794023":[28,"たつの市","揖西町住吉"],"6795316":[28,"佐用郡佐用町","豊福"],"6795534":[28,"佐用郡佐用町","西大畠"],"6795201":[28,"佐用郡佐用町","多賀"],"6793452":[28,"朝来市","八代"],"6794214":[28,"姫路市","林田町中山下"],"6794316":[28,"たつの市","新宮町芝田"],"6793301":[28,"朝来市","生野町口銀谷"],"6795202":[28,"佐用郡佐用町","中島"],"6794113":[28,"たつの市","神岡町田中"],"6792203":[28,"神崎郡福崎町","南田原"],"6795513":[28,"佐用郡佐用町","金屋"],"6792112":[28,"姫路市","山田町北山田"],"6795523":[28,"佐用郡佐用町","上月"],"6791202":[28,"多可郡多可町","加美区熊野部"],"6795503":[28,"佐用郡佐用町","本郷"],"6794012":[28,"たつの市","揖西町前地"],"6791204":[28,"多可郡多可町","加美区棚釜"],"6794129":[28,"たつの市","龍野町堂本"],"6795131":[28,"佐用郡佐用町","上本郷"],"6793124":[28,"神崎郡神河町","南小田"],"6795148":[28,"佐用郡佐用町","光都"],"6790315":[28,"西脇市","黒田庄町津万井"],"6792425":[28,"神崎郡神河町","東柏尾"],"6793433":[28,"朝来市","岩津"],"6794002":[28,"たつの市","揖西町中垣内"],"6791100":[28,"多可郡多可町",""],"6794170":[28,"たつの市","龍野町中霞城"],"6792124":[28,"姫路市","豊富町甲丘"],"6790201":[28,"加東市","曽我"],"6790301":[28,"西脇市","黒田庄町小苗"],"6792334":[28,"神崎郡市川町","鶴居"],"6792151":[28,"姫路市","香寺町香呂"],"6791132":[28,"多可郡多可町","中区坂本"],"6790323":[28,"西脇市","黒田庄町西澤"],"6792411":[28,"神崎郡神河町","根宇野"],"6795532":[28,"佐用郡佐用町","須安"],"6794301":[28,"たつの市","新宮町篠首"],"6792215":[28,"神崎郡福崎町","西治"],"6793302":[28,"朝来市","生野町円山"],"6795162":[28,"たつの市","新宮町上莇原"],"6794116":[28,"たつの市","神岡町沢田"],"6795144":[28,"佐用郡佐用町","三ツ尾"],"6790205":[28,"加東市","北野"],"6791114":[28,"多可郡多可町","中区岸上"],"6793116":[28,"神崎郡神河町","寺前"],"6792302":[28,"神崎郡市川町","下牛尾"],"6793123":[28,"神崎郡神河町","宮野"],"6792322":[28,"神崎郡市川町","小谷"],"6795646":[28,"佐用郡佐用町","大日山"],"6795135":[28,"佐用郡佐用町","春哉"],"6793432":[28,"朝来市","山口"],"6794103":[28,"たつの市","神岡町上横内"],"6795344":[28,"佐用郡佐用町","奥長谷"],"6794212":[28,"姫路市","林田町松山"],"6794179":[28,"たつの市","龍野町上霞城"],"6793424":[28,"朝来市","立野"],"6791106":[28,"多可郡多可町","中区高岸"],"6791323":[28,"多可郡多可町","加美区清水"],"6795531":[28,"佐用郡佐用町","宇根"],"6793325":[28,"朝来市","生野町猪野々"],"6792114":[28,"姫路市","山田町牧野"],"6794022":[28,"たつの市","揖西町北沢"],"6792326":[28,"神崎郡市川町","谷"],"6795333":[28,"佐用郡佐用町","庵"],"6794134":[28,"たつの市","誉田町広山"],"6792315":[28,"神崎郡市川町","西川辺"],"6794138":[28,"たつの市","誉田町下沖"],"6794124":[28,"たつの市","龍野町中井"],"6790322":[28,"西脇市","黒田庄町石原"],"6790206":[28,"加東市","穂積"],"6794232":[28,"姫路市","林田町上伊勢"],"6792421":[28,"神崎郡神河町","加納"],"6794332":[28,"たつの市","新宮町馬立"],"6795141":[28,"佐用郡佐用町","廣山"],"6795524":[28,"佐用郡佐用町","寄延"],"6794132":[28,"たつの市","誉田町福田"],"6794222":[28,"姫路市","林田町口佐見"],"6790222":[28,"加東市","高岡"],"6795213":[28,"佐用郡佐用町","東徳久"],"6794154":[28,"たつの市","揖保町西構"],"6791215":[28,"多可郡多可町","加美区奥荒田"],"6795155":[28,"たつの市","新宮町栗町"],"6793103":[28,"神崎郡神河町","長谷"],"6792204":[28,"神崎郡福崎町","西田原"],"6795653":[28,"佐用郡佐用町","小赤松"],"6792211":[28,"神崎郡福崎町","山崎"],"6793122":[28,"神崎郡神河町","高朝田"],"6795304":[28,"佐用郡佐用町","山田"],"6791123":[28,"多可郡多可町","中区西安田"],"6791332":[28,"多可郡多可町","加美区大袋"],"6791113":[28,"多可郡多可町","中区中村町"],"6794151":[28,"たつの市","揖保町山下"],"6794016":[28,"たつの市","揖西町南山"],"6794345":[28,"たつの市","新宮町福栖"]}
