{"9930032":[6,"長井市","河井"],"9930004":[6,"長井市","神明町"],"9930042":[6,"長井市","平山"],"9930081":[6,"長井市","緑町"],"9930022":[6,"長井市","芦沢"],"9930063":[6,"長井市","草岡"],"9930003":[6,"長井市","東町"],"9930016":[6,"長井市","台町"],"9930023":[6,"長井市","下伊佐沢"],"9930086":[6,"長井市","十日町"],"9930053":[6,"長井市","中道"],"9930011":[6,"長井市","館町北"],"9930017":[6,"長井市","花作町"],"9930000":[6,"長井市",""],"9930084":[6,"長井市","栄町"],"9930072":[6,"長井市","五十川"],"9930014":[6,"長井市","小出"],"9930082":[6,"長井市","舟場"],"9930062":[6,"長井市","川原沢"],"9930015":[6,"長井市","四ツ谷"],"9930013":[6,"長井市","館町南"],"9930034":[6,"長井市","歌丸"],"9930074":[6,"長井市","宮"],"9930075":[6,"長井市","成田"],"9930006":[6,"長井市","あら町"],"9930061":[6,"長井市","寺泉"],"9930087":[6,"長井市","横町"],"9930001":[6,"長井市","ままの上"],"9930012":[6,"長井市","日の出町"],"9930021":[6,"長井市","上伊佐沢"],"9930024":[6,"長井市","中伊佐沢"],"9930052":[6,"長井市","新町"],"9930083":[6,"長井市","大町"],"9930051":[6,"長井市","幸町"],"9930002":[6,"長井市","屋城町"],"9930035":[6,"長井市","時庭"],"9930005":[6,"長井市","片田町"],"9930054":[6,"長井市","清水町"],"9930033":[6,"長井市","今泉"],"9930085":[6,"長井市","高野町"],"9930007":[6,"長井市","本町"],"9930071":[6,"長井市","白兎"],"9930064":[6,"長井市","勧進代"],"9930031":[6,"長井市","泉"],"9930041":[6,"長井市","九野本"],"9930073":[6,"長井市","森"]}
