{"5870066":[27,"堺市美原区","石原"],"5870052":[27,"堺市美原区","南余部"],"5870003":[27,"堺市美原区","阿弥"],"5870011":[27,"堺市美原区","丹上"],"5870022":[27,"堺市美原区","平尾"],"5870051":[27,"堺市美原区","北余部"],"5870012":[27,"堺市美原区","多治井"],"5870054":[27,"堺市美原区","南余部西"],"5870021":[27,"堺市美原区","小平尾"],"5870053":[27,"堺市美原区","北余部西"],"5870002":[27,"堺市美原区","黒山"],"5870013":[27,"堺市美原区","真福寺"],"5870042":[27,"堺市美原区","木材通"],"5870001":[27,"堺市美原区","大保"],"5870061":[27,"堺市美原区","今井"],"5870031":[27,"堺市美原区","さつき野西"],"5870041":[27,"堺市美原区","菅生"],"5870064":[27,"堺市美原区","菩提"],"5870063":[27,"堺市美原区","大饗"],"5870062":[27,"堺市美原区","太井"],"5870032":[27,"堺市美原区","さつき野東"],"5870000":[27,"堺市美原区",""],"5870043":[27,"堺市美原区","青南台"],"5870065":[27,"堺市美原区","小寺"],"5870014":[27,"堺市美原区","丹南"]}
