{"9850036":[4,"塩竈市","東玉川町"],"9850831":[4,"多賀城市","笠神"],"9850851":[4,"多賀城市","南宮"],"9850811":[4,"宮城郡七ヶ浜町","菖蒲田浜"],"9850832":[4,"多賀城市","大代"],"9850862":[4,"多賀城市","高崎"],"9850034":[4,"塩竈市","南錦町"],"9850064":[4,"塩竈市","権現堂"],"9850071":[4,"塩竈市","松陽台"],"9850052":[4,"塩竈市","本町"],"9850057":[4,"塩竈市","西町"],"9850865":[4,"多賀城市","城南"],"9850016":[4,"塩竈市","港町"],"9850834":[4,"多賀城市","丸山"],"9850054":[4,"塩竈市","香津町"],"9850088":[4,"塩竈市","長沢"],"9850031":[4,"塩竈市","石堂"],"9850823":[4,"宮城郡七ヶ浜町","遠山"],"9850006":[4,"塩竈市","杉の入裏"],"9850044":[4,"塩竈市","母子沢町"],"9850087":[4,"塩竈市","伊保石"],"9850193":[4,"塩竈市","浦戸野々島"],"9850035":[4,"塩竈市","野田"],"9850813":[4,"宮城郡七ヶ浜町","湊浜"],"9850854":[4,"多賀城市","新田"],"9850013":[4,"塩竈市","牛生町"],"9850873":[4,"多賀城市","中央"],"9850804":[4,"宮城郡七ヶ浜町","東宮浜"],"9850824":[4,"宮城郡七ヶ浜町","境山"],"9850833":[4,"多賀城市","栄"],"9850026":[4,"塩竈市","旭町"],"9850072":[4,"塩竈市","小松崎"],"9850194":[4,"塩竈市","浦戸寒風沢"],"9850063":[4,"塩竈市","栄町"],"9850004":[4,"塩竈市","藤倉"],"9850835":[4,"多賀城市","下馬"],"9850024":[4,"塩竈市","錦町"],"9850803":[4,"宮城郡七ヶ浜町","花渕浜"],"9850852":[4,"多賀城市","山王"],"9850021":[4,"塩竈市","尾島町"],"9850077":[4,"塩竈市","梅の宮"],"9850005":[4,"塩竈市","杉の入"],"9850086":[4,"塩竈市","千賀の台"],"9850053":[4,"塩竈市","南町"],"9850802":[4,"宮城郡七ヶ浜町","吉田浜"],"9850844":[4,"多賀城市","宮内"],"9850853":[4,"多賀城市","高橋"],"9850065":[4,"塩竈市","向ケ丘"],"9850022":[4,"塩竈市","新富町"],"9850081":[4,"塩竈市","石田"],"9850023":[4,"塩竈市","花立町"],"9850843":[4,"多賀城市","明月"],"9850032":[4,"塩竈市","白萩町"],"9850025":[4,"塩竈市","佐浦町"],"9850192":[4,"塩竈市","浦戸桂島"],"9850085":[4,"塩竈市","庚塚"],"9850046":[4,"塩竈市","大日向町"],"9850872":[4,"多賀城市","伝上山"],"9850191":[4,"塩竈市","浦戸石浜"],"9850073":[4,"塩竈市","みのが丘"],"9850051":[4,"塩竈市","宮町"],"9850863":[4,"多賀城市","東田中"],"9850195":[4,"塩竈市","浦戸朴島"],"9850041":[4,"塩竈市","白菊町"],"9850801":[4,"宮城郡七ヶ浜町","代ヶ崎浜"],"9850821":[4,"宮城郡七ヶ浜町","汐見台"],"9850084":[4,"塩竈市","楓町"],"9850012":[4,"塩竈市","芦畔町"],"9850001":[4,"塩竈市","新浜町"],"9850845":[4,"多賀城市","町前"],"9850822":[4,"宮城郡七ヶ浜町","汐見台南"],"9850874":[4,"多賀城市","八幡"],"9850014":[4,"塩竈市","舟入"],"9850082":[4,"塩竈市","青葉ケ丘"],"9850841":[4,"多賀城市","鶴ケ谷"],"9850066":[4,"塩竈市","月見ケ丘"],"9850045":[4,"塩竈市","西玉川町"],"9850074":[4,"塩竈市","一森山"],"9850000":[4,"塩竈市",""],"9850002":[4,"塩竈市","海岸通"],"9850861":[4,"多賀城市","浮島"],"9850043":[4,"塩竈市","袖野田町"],"9850056":[4,"塩竈市","泉ケ岡"],"9850067":[4,"塩竈市","後楽町"],"9850062":[4,"塩竈市","泉沢町"],"9850033":[4,"塩竈市","桜ケ丘"],"9850075":[4,"塩竈市","今宮町"],"9850864":[4,"多賀城市","市川"],"9850055":[4,"塩竈市","赤坂"],"9850083":[4,"塩竈市","越ノ浦"],"9850003":[4,"塩竈市","北浜"],"9850015":[4,"塩竈市","中の島"],"9850901":[4,"仙台市宮城野区","港"],"9850871":[4,"多賀城市","留ケ谷"],"9850812":[4,"宮城郡七ヶ浜町","松ヶ浜"],"9850042":[4,"塩竈市","玉川"],"9850011":[4,"塩竈市","貞山通"],"9850076":[4,"塩竈市","長沢町"],"9850061":[4,"塩竈市","清水沢"],"9850842":[4,"多賀城市","桜木"]}
