{"8020014":[40,"北九州市小倉北区","砂津"],"8020008":[40,"北九州市小倉北区","船頭町"],"8020076":[40,"北九州市小倉北区","中島"],"8020077":[40,"北九州市小倉北区","馬借"],"8020012":[40,"北九州市小倉北区","末広"],"8020984":[40,"北九州市小倉南区","志井公園"],"8020072":[40,"北九州市小倉北区","東篠崎"],"8020036":[40,"北九州市小倉北区","富野"],"8020005":[40,"北九州市小倉北区","堺町"],"8020842":[40,"北九州市小倉南区","日の出町"],"8020841":[40,"北九州市小倉南区","北方"],"8020083":[40,"北九州市小倉北区","江南町"],"8020815":[40,"北九州市小倉南区","南若園町"],"8020017":[40,"北九州市小倉北区","明和町"],"8020026":[40,"北九州市小倉北区","大畠"],"8020834":[40,"北九州市小倉南区","隠蓑"],"8020985":[40,"北九州市小倉南区","志井"],"8020024":[40,"北九州市小倉北区","山門町"],"8020973":[40,"北九州市小倉南区","星和台"],"8020805":[40,"北九州市小倉南区","八幡町"],"8020021":[40,"北九州市小倉北区","高浜"],"8020813":[40,"北九州市小倉南区","東水町"],"8020034":[40,"北九州市小倉北区","須賀町"],"8020979":[40,"北九州市小倉南区","徳力新町"],"8020975":[40,"北九州市小倉南区","徳力団地"],"8020092":[40,"北九州市小倉北区","馬島"],"8020811":[40,"北九州市小倉南区","重住"],"8020091":[40,"北九州市小倉北区","藍島"],"8020835":[40,"北九州市小倉南区","堀越"],"8020983":[40,"北九州市小倉南区","志徳"],"8020055":[40,"北九州市小倉北区","城野団地"],"8020044":[40,"北九州市小倉北区","熊本"],"8020061":[40,"北九州市小倉北区","三郎丸"],"8020011":[40,"北九州市小倉北区","重住"],"8020085":[40,"北九州市小倉北区","吉野町"],"8020977":[40,"北九州市小倉南区","下南方"],"8020823":[40,"北九州市小倉南区","舞ケ丘"],"8020015":[40,"北九州市小倉北区","大田町"],"8020978":[40,"北九州市小倉南区","蒲生"],"8020803":[40,"北九州市小倉南区","春ケ丘"],"8020022":[40,"北九州市小倉北区","上富野"],"8020822":[40,"北九州市小倉南区","横代東町"],"8020002":[40,"北九州市小倉北区","京町"],"8020062":[40,"北九州市小倉北区","片野新町"],"8020023":[40,"北九州市小倉北区","下富野"],"8020802":[40,"北九州市小倉南区","城野"],"8020837":[40,"北九州市小倉南区","葉山町"],"8020971":[40,"北九州市小倉南区","守恒本町"],"8020031":[40,"北九州市小倉北区","赤坂海岸"],"8020038":[40,"北九州市小倉北区","神幸町"],"8020974":[40,"北九州市小倉南区","徳力"],"8020073":[40,"北九州市小倉北区","貴船町"],"8020054":[40,"北九州市小倉北区","東城野町"],"8020004":[40,"北九州市小倉北区","鍛冶町"],"8020016":[40,"北九州市小倉北区","宇佐町"],"8020045":[40,"北九州市小倉北区","神岳"],"8020082":[40,"北九州市小倉北区","古船場町"],"8020003":[40,"北九州市小倉北区","米町"],"8020084":[40,"北九州市小倉北区","香春口"],"8020063":[40,"北九州市小倉北区","若富士町"],"8020838":[40,"北九州市小倉南区","石田町"],"8020831":[40,"北九州市小倉南区","八重洲町"],"8020814":[40,"北九州市小倉南区","蜷田若園"],"8020982":[40,"北九州市小倉南区","山手"],"8020053":[40,"北九州市小倉北区","高坊"],"8020043":[40,"北九州市小倉北区","足原"],"8020032":[40,"北九州市小倉北区","赤坂"],"8020824":[40,"北九州市小倉南区","横代"],"8020066":[40,"北九州市小倉北区","萩崎町"],"8020041":[40,"北九州市小倉北区","妙見町"],"8020052":[40,"北九州市小倉北区","霧ケ丘"],"8020075":[40,"北九州市小倉北区","昭和町"],"8020033":[40,"北九州市小倉北区","富野台"],"8020832":[40,"北九州市小倉南区","下石田"],"8020833":[40,"北九州市小倉南区","上石田"],"8020074":[40,"北九州市小倉北区","白銀"],"8020071":[40,"北九州市小倉北区","黄金"],"8020981":[40,"北九州市小倉南区","企救丘"],"8020018":[40,"北九州市小倉北区","中津口"],"8020826":[40,"北九州市小倉南区","横代南町"],"8020035":[40,"北九州市小倉北区","常盤町"],"8020056":[40,"北九州市小倉北区","黒住町"],"8020986":[40,"北九州市小倉南区","志井鷹羽台"],"8020001":[40,"北九州市小倉北区","浅野"],"8020972":[40,"北九州市小倉南区","守恒"],"8020065":[40,"北九州市小倉北区","三萩野"],"8020042":[40,"北九州市小倉北区","足立"],"8020013":[40,"北九州市小倉北区","長浜町"],"8020000":[40,"北九州市小倉北区",""],"8020064":[40,"北九州市小倉北区","片野"],"8020025":[40,"北九州市小倉北区","寿山町"],"8020006":[40,"北九州市小倉北区","魚町"],"8020976":[40,"北九州市小倉南区","南方"],"8020816":[40,"北九州市小倉南区","若園"],"8020821":[40,"北九州市小倉南区","横代北町"],"8020007":[40,"北九州市小倉北区","船場町"],"8020825":[40,"北九州市小倉南区","横代葉山"],"8020051":[40,"北九州市小倉北区","黒原"],"8020801":[40,"北九州市小倉南区","富士見"],"8020081":[40,"北九州市小倉北区","紺屋町"],"8020037":[40,"北九州市小倉北区","小文字"],"8020804":[40,"北九州市小倉南区","下城野"],"8020812":[40,"北九州市小倉南区","西水町"],"8020836":[40,"北九州市小倉南区","石田南"]}
