{"9188175":[18,"福井市","江尻ケ丘町"],"9188058":[18,"福井市","加茂緑苑町"],"9188076":[18,"福井市","本堂町"],"9188037":[18,"福井市","下江守町"],"9188188":[18,"福井市","三尾野町"],"9188135":[18,"福井市","下六条町"],"9188074":[18,"福井市","細坂町"],"9188031":[18,"福井市","種池"],"9188181":[18,"福井市","浅水町"],"9188173":[18,"福井市","下江尻町"],"9188064":[18,"福井市","西学園"],"9188054":[18,"福井市","加茂河原町"],"9188083":[18,"福井市","五太子町"],"9188231":[18,"福井市","問屋町"],"9188102":[18,"福井市","西板垣町"],"9188224":[18,"福井市","花野谷町"],"9188171":[18,"福井市","森行町"],"9188202":[18,"福井市","大東"],"9188166":[18,"福井市","主計中町"],"9188156":[18,"福井市","引目町"],"9188221":[18,"福井市","堅達町"],"9188213":[18,"福井市","今泉町"],"9188024":[18,"福井市","舞屋町"],"9188014":[18,"福井市","花堂中"],"9188163":[18,"福井市","生野町"],"9188133":[18,"福井市","上莇生田町"],"9188113":[18,"福井市","下馬町"],"9188235":[18,"福井市","和田中町"],"9188004":[18,"福井市","西木田"],"9188154":[18,"福井市","冬野町"],"9188107":[18,"福井市","春日町"],"9188152":[18,"福井市","今市町"],"9188002":[18,"福井市","左内町"],"9188034":[18,"福井市","南居町"],"9188043":[18,"福井市","狐橋"],"9188115":[18,"福井市","別所町"],"9188007":[18,"福井市","足羽"],"9188042":[18,"福井市","東下野町"],"9188015":[18,"福井市","花堂南"],"9188215":[18,"福井市","寮町"],"9188116":[18,"福井市","大町"],"9188027":[18,"福井市","福"],"9188104":[18,"福井市","板垣"],"9188233":[18,"福井市","合島町"],"9188186":[18,"福井市","中野"],"9188062":[18,"福井市","下市町"],"9188075":[18,"福井市","羽坂町"],"9188131":[18,"福井市","小稲津町"],"9188111":[18,"福井市","馬垣町"],"9188033":[18,"福井市","合谷町"],"9188225":[18,"福井市","宮地町"],"9188239":[18,"福井市","成和"],"9188009":[18,"福井市","山奥町"],"9188055":[18,"福井市","若杉"],"9188078":[18,"福井市","更毛町"],"9188056":[18,"福井市","若杉浜"],"9188061":[18,"福井市","金屋町"],"9188184":[18,"福井市","真木町"],"9188132":[18,"福井市","上六条町"],"9188082":[18,"福井市","下一光町"],"9188205":[18,"福井市","北四ツ居"],"9188203":[18,"福井市","上北野"],"9188045":[18,"福井市","福新町"],"9188237":[18,"福井市","和田東"],"9188036":[18,"福井市","新下江守町"],"9188101":[18,"福井市","一本木町"],"9188011":[18,"福井市","月見"],"9188053":[18,"福井市","小山谷町"],"9188068":[18,"福井市","角折町"],"9188155":[18,"福井市","杉谷町"],"9188212":[18,"福井市","北今泉町"],"9188222":[18,"福井市","坂下町"],"9188106":[18,"福井市","木田町"],"9188218":[18,"福井市","河増町"],"9188182":[18,"福井市","浅水二日町"],"9188238":[18,"福井市","和田"],"9188174":[18,"福井市","上江尻町"],"9188187":[18,"福井市","花守町"],"9188162":[18,"福井市","角原町"],"9188214":[18,"福井市","東今泉町"],"9188136":[18,"福井市","天王町"],"9188044":[18,"福井市","高塚町"],"9188216":[18,"福井市","殿下町"],"9188065":[18,"福井市","水越"],"9188023":[18,"福井市","西谷"],"9188051":[18,"福井市","桃園"],"9188234":[18,"福井市","曽万布町"],"9188165":[18,"福井市","徳尾町"],"9188172":[18,"福井市","末広町"],"9180000":[18,"福井市",""],"9188026":[18,"福井市","渕"],"9188073":[18,"福井市","安田町"],"9188017":[18,"福井市","下荒井町"],"9188185":[18,"福井市","中野町"],"9188021":[18,"福井市","門前"],"9188013":[18,"福井市","花堂東"],"9188227":[18,"福井市","次郎丸町"],"9188066":[18,"福井市","渡町"],"9188081":[18,"福井市","上一光町"],"9188201":[18,"福井市","南四ツ居町"],"9188232":[18,"福井市","荒木別所町"],"9188164":[18,"福井市","三本木町"],"9188041":[18,"福井市","西下野町"],"9188134":[18,"福井市","下莇生田町"],"9188077":[18,"福井市","末町"],"9188207":[18,"福井市","円山"],"9188057":[18,"福井市","加茂河原"],"9188047":[18,"福井市","久喜津町"],"9188223":[18,"福井市","河水町"],"9188114":[18,"福井市","羽水"],"9188003":[18,"福井市","毛矢"],"9188112":[18,"福井市","下馬"],"9188025":[18,"福井市","江守中"],"9188153":[18,"福井市","安保町"],"9188052":[18,"福井市","明里町"],"9188005":[18,"福井市","みのり"],"9188018":[18,"福井市","大島町"],"9188012":[18,"福井市","花堂北"],"9188063":[18,"福井市","大瀬町"],"9188071":[18,"福井市","恐神町"],"9188236":[18,"福井市","和田中"],"9188211":[18,"福井市","下中町"],"9188105":[18,"福井市","木田"],"9188006":[18,"福井市","足羽上町"],"9188067":[18,"福井市","飯塚町"],"9188151":[18,"福井市","中荒井町"],"9188072":[18,"福井市","北堀町"],"9188046":[18,"福井市","運動公園"],"9188217":[18,"福井市","印田町"],"9188103":[18,"福井市","板垣町"],"9188183":[18,"福井市","浅水三ケ町"],"9188228":[18,"福井市","岡西谷町"],"9188161":[18,"福井市","鉾ケ崎町"],"9188108":[18,"福井市","春日"],"9188206":[18,"福井市","北四ツ居町"],"9188008":[18,"福井市","有楽町"],"9188001":[18,"福井市","つくも"],"9188226":[18,"福井市","大畑町"],"9188032":[18,"福井市","南江守町"],"9188035":[18,"福井市","江守の里"],"9188204":[18,"福井市","南四ツ居"],"9188022":[18,"福井市","西谷町"],"9188176":[18,"福井市","三十八社町"],"9188016":[18,"福井市","江端町"]}
