{"1940044":[13,"町田市","成瀬"],"1940036":[13,"町田市","木曽東"],"1940035":[13,"町田市","忠生"],"1940202":[13,"町田市","下小山田町"],"1940043":[13,"町田市","成瀬台"],"1940013":[13,"町田市","原町田"],"1940023":[13,"町田市","旭町"],"1940034":[13,"町田市","根岸町"],"1940203":[13,"町田市","図師町"],"1940004":[13,"町田市","鶴間"],"1940011":[13,"町田市","成瀬が丘"],"1940021":[13,"町田市","中町"],"1940022":[13,"町田市","森野"],"1940212":[13,"町田市","小山町"],"1940031":[13,"町田市","南大谷"],"1940201":[13,"町田市","上小山田町"],"1940037":[13,"町田市","木曽西"],"1940215":[13,"町田市","小山ケ丘"],"1940032":[13,"町田市","本町田"],"1940033":[13,"町田市","木曽町"],"1940012":[13,"町田市","金森"],"1940038":[13,"町田市","根岸"],"1940045":[13,"町田市","南成瀬"],"1940213":[13,"町田市","常盤町"],"1940003":[13,"町田市","小川"],"1940211":[13,"町田市","相原町"],"1940014":[13,"町田市","高ケ坂"],"1940041":[13,"町田市","玉川学園"],"1940204":[13,"町田市","小山田桜台"],"1940042":[13,"町田市","東玉川学園"],"1940001":[13,"町田市","つくし野"],"1940002":[13,"町田市","南つくし野"],"1940214":[13,"町田市","矢部町"],"1940015":[13,"町田市","金森東"],"1940000":[13,"町田市",""]}
