{"1046128":[13,"中央区","晴海オフィスタワーＹ"],"1046126":[13,"中央区","晴海オフィスタワーＹ"],"1046215":[13,"中央区","晴海オフィスタワーＺ"],"1046043":[13,"中央区","晴海オフィスタワーＸ"],"1046131":[13,"中央区","晴海オフィスタワーＹ"],"1046116":[13,"中央区","晴海オフィスタワーＹ"],"1040055":[13,"中央区","豊海町"],"1046108":[13,"中央区","晴海オフィスタワーＹ"],"1046137":[13,"中央区","晴海オフィスタワーＹ"],"1046033":[13,"中央区","晴海オフィスタワーＸ"],"1046019":[13,"中央区","晴海オフィスタワーＸ"],"1046002":[13,"中央区","晴海オフィスタワーＸ"],"1046027":[13,"中央区","晴海オフィスタワーＸ"],"1046110":[13,"中央区","晴海オフィスタワーＹ"],"1046016":[13,"中央区","晴海オフィスタワーＸ"],"1046005":[13,"中央区","晴海オフィスタワーＸ"],"1046121":[13,"中央区","晴海オフィスタワーＹ"],"1040044":[13,"中央区","明石町"],"1046226":[13,"中央区","晴海オフィスタワーＺ"],"1046025":[13,"中央区","晴海オフィスタワーＸ"],"1046123":[13,"中央区","晴海オフィスタワーＹ"],"1046224":[13,"中央区","晴海オフィスタワーＺ"],"1046031":[13,"中央区","晴海オフィスタワーＸ"],"1046217":[13,"中央区","晴海オフィスタワーＺ"],"1046202":[13,"中央区","晴海オフィスタワーＺ"],"1040028":[13,"中央区","八重洲"],"1046220":[13,"中央区","晴海オフィスタワーＺ"],"1040061":[13,"中央区","銀座"],"1046211":[13,"中央区","晴海オフィスタワーＺ"],"1046139":[13,"中央区","晴海オフィスタワーＹ"],"1040051":[13,"中央区","佃"],"1046103":[13,"中央区","晴海オフィスタワーＹ"],"1046038":[13,"中央区","晴海オフィスタワーＸ"],"1046213":[13,"中央区","晴海オフィスタワーＺ"],"1046029":[13,"中央区","晴海オフィスタワーＸ"],"1046007":[13,"中央区","晴海オフィスタワーＸ"],"1040045":[13,"中央区","築地"],"1046290":[13,"中央区","晴海オフィスタワーＺ"],"1046112":[13,"中央区","晴海オフィスタワーＹ"],"1046004":[13,"中央区","晴海オフィスタワーＸ"],"1046117":[13,"中央区","晴海オフィスタワーＹ"],"1046026":[13,"中央区","晴海オフィスタワーＸ"],"1046127":[13,"中央区","晴海オフィスタワーＹ"],"1046232":[13,"中央区","晴海オフィスタワーＺ"],"1046129":[13,"中央区","晴海オフィスタワーＹ"],"1046228":[13,"中央区","晴海オフィスタワーＺ"],"1046011":[13,"中央区","晴海オフィスタワーＸ"],"1046041":[13,"中央区","晴海オフィスタワーＸ"],"1046219":[13,"中央区","晴海オフィスタワーＺ"],"1046201":[13,"中央区","晴海オフィスタワーＺ"],"1046134":[13,"中央区","晴海オフィスタワーＹ"],"1046022":[13,"中央区","晴海オフィスタワーＸ"],"1046024":[13,"中央区","晴海オフィスタワーＸ"],"1046209":[13,"中央区","晴海オフィスタワーＺ"],"1046136":[13,"中央区","晴海オフィスタワーＹ"],"1046035":[13,"中央区","晴海オフィスタワーＸ"],"1040052":[13,"中央区","月島"],"1046205":[13,"中央区","晴海オフィスタワーＺ"],"1046040":[13,"中央区","晴海オフィスタワーＸ"],"1040054":[13,"中央区","勝どき"],"1040041":[13,"中央区","新富"],"1046020":[13,"中央区","晴海オフィスタワーＸ"],"1046119":[13,"中央区","晴海オフィスタワーＹ"],"1046207":[13,"中央区","晴海オフィスタワーＺ"],"1046221":[13,"中央区","晴海オフィスタワーＺ"],"1046107":[13,"中央区","晴海オフィスタワーＹ"],"1046017":[13,"中央区","晴海オフィスタワーＸ"],"1046124":[13,"中央区","晴海オフィスタワーＹ"],"1046132":[13,"中央区","晴海オフィスタワーＹ"],"1046015":[13,"中央区","晴海オフィスタワーＸ"],"1046109":[13,"中央区","晴海オフィスタワーＹ"],"1046115":[13,"中央区","晴海オフィスタワーＹ"],"1040043":[13,"中央区","湊"],"1046210":[13,"中央区","晴海オフィスタワーＺ"],"1046227":[13,"中央区","晴海オフィスタワーＺ"],"1046018":[13,"中央区","晴海オフィスタワーＸ"],"1046102":[13,"中央区","晴海オフィスタワーＹ"],"1046013":[13,"中央区","晴海オフィスタワーＸ"],"1046203":[13,"中央区","晴海オフィスタワーＺ"],"1046008":[13,"中央区","晴海オフィスタワーＸ"],"1046090":[13,"中央区","晴海オフィスタワーＸ"],"1046130":[13,"中央区","晴海オフィスタワーＹ"],"1046039":[13,"中央区","晴海オフィスタワーＸ"],"1046233":[13,"中央区","晴海オフィスタワーＺ"],"1040046":[13,"中央区","浜離宮庭園"],"1046032":[13,"中央区","晴海オフィスタワーＸ"],"1046037":[13,"中央区","晴海オフィスタワーＸ"],"1046028":[13,"中央区","晴海オフィスタワーＸ"],"1040032":[13,"中央区","八丁堀"],"1046231":[13,"中央区","晴海オフィスタワーＺ"],"1046001":[13,"中央区","晴海オフィスタワーＸ"],"1046114":[13,"中央区","晴海オフィスタワーＹ"],"1046125":[13,"中央区","晴海オフィスタワーＹ"],"1046138":[13,"中央区","晴海オフィスタワーＹ"],"1046223":[13,"中央区","晴海オフィスタワーＺ"],"1046104":[13,"中央区","晴海オフィスタワーＹ"],"1046023":[13,"中央区","晴海オフィスタワーＸ"],"1046021":[13,"中央区","晴海オフィスタワーＸ"],"1040031":[13,"中央区","京橋"],"1046101":[13,"中央区","晴海オフィスタワーＹ"],"1040033":[13,"中央区","新川"],"1046009":[13,"中央区","晴海オフィスタワーＸ"],"1046105":[13,"中央区","晴海オフィスタワーＹ"],"1046044":[13,"中央区","晴海オフィスタワーＸ"],"1046006":[13,"中央区","晴海オフィスタワーＸ"],"1046030":[13,"中央区","晴海オフィスタワーＸ"],"1046118":[13,"中央区","晴海オフィスタワーＹ"],"1046120":[13,"中央区","晴海オフィスタワーＹ"],"1046222":[13,"中央区","晴海オフィスタワーＺ"],"1046036":[13,"中央区","晴海オフィスタワーＸ"],"1046014":[13,"中央区","晴海オフィスタワーＸ"],"1046113":[13,"中央区","晴海オフィスタワーＹ"],"1046133":[13,"中央区","晴海オフィスタワーＹ"],"1046135":[13,"中央区","晴海オフィスタワーＹ"],"1046212":[13,"中央区","晴海オフィスタワーＺ"],"1046122":[13,"中央区","晴海オフィスタワーＹ"],"1046190":[13,"中央区","晴海オフィスタワーＹ"],"1046111":[13,"中央区","晴海オフィスタワーＹ"],"1046216":[13,"中央区","晴海オフィスタワーＺ"],"1046230":[13,"中央区","晴海オフィスタワーＺ"],"1046034":[13,"中央区","晴海オフィスタワーＸ"],"1046010":[13,"中央区","晴海オフィスタワーＸ"],"1046225":[13,"中央区","晴海オフィスタワーＺ"],"1046106":[13,"中央区","晴海オフィスタワーＹ"],"1046003":[13,"中央区","晴海オフィスタワーＸ"],"1046204":[13,"中央区","晴海オフィスタワーＺ"],"1046042":[13,"中央区","晴海オフィスタワーＸ"],"1040042":[13,"中央区","入船"],"1040053":[13,"中央区","晴海"],"1046218":[13,"中央区","晴海オフィスタワーＺ"],"1046208":[13,"中央区","晴海オフィスタワーＺ"],"1046214":[13,"中央区","晴海オフィスタワーＺ"],"1046012":[13,"中央区","晴海オフィスタワーＸ"],"1046206":[13,"中央区","晴海オフィスタワーＺ"],"1046229":[13,"中央区","晴海オフィスタワーＺ"]}
