{"6940302":[32,"大田市","水上町福原"],"6940011":[32,"大田市","川合町川合"],"6940021":[32,"大田市","久利町行恒"],"6940051":[32,"大田市","久手町波根西"],"6940004":[32,"大田市","三瓶町野城"],"6940054":[32,"大田市","鳥井町鳥井"],"6940303":[32,"大田市","水上町白坏"],"6940304":[32,"大田市","水上町三久須"],"6940041":[32,"大田市","長久町長久"],"6940432":[32,"大田市","大代町新屋"],"6940301":[32,"大田市","水上町荻原"],"6940061":[32,"大田市","富山町山中"],"6940013":[32,"大田市","川合町吉永"],"6940023":[32,"大田市","久利町佐摩"],"6940224":[32,"大田市","三瓶町小屋原"],"6940052":[32,"大田市","久手町刺鹿"],"6940000":[32,"大田市",""],"6940022":[32,"大田市","久利町市原"],"6940431":[32,"大田市","祖式町"],"6940053":[32,"大田市","鳥井町鳥越"],"6940025":[32,"大田市","久利町松代"],"6940433":[32,"大田市","大代町大家"],"6940305":[32,"大田市","大森町"],"6940222":[32,"大田市","三瓶町志学"],"6940031":[32,"大田市","静間町"],"6940043":[32,"大田市","長久町延里"],"6940001":[32,"大田市","山口町佐津目"],"6940044":[32,"大田市","長久町土江"],"6940033":[32,"大田市","大屋町大国"],"6940032":[32,"大田市","大屋町鬼村"],"6940064":[32,"大田市","大田町大田"],"6940042":[32,"大田市","長久町稲用"],"6940024":[32,"大田市","久利町久利"],"6940035":[32,"大田市","五十猛町"],"6940223":[32,"大田市","三瓶町池田"],"6940003":[32,"大田市","三瓶町多根"],"6940012":[32,"大田市","川合町忍原"],"6940063":[32,"大田市","大田町吉永"],"6940221":[32,"大田市","三瓶町上山"],"6940002":[32,"大田市","山口町山口"],"6940062":[32,"大田市","大田町野城"],"6940034":[32,"大田市","大屋町大屋"]}
