{"6158194":[26,"京都市西京区","川島粟田町"],"6150041":[26,"京都市右京区","西院南高田町"],"6158303":[26,"京都市西京区","桂徳大寺東町"],"6158032":[26,"京都市西京区","牛ケ瀬奥ノ防町"],"6158275":[26,"京都市西京区","山田南町"],"6150817":[26,"京都市右京区","西京極宮ノ東町"],"6150082":[26,"京都市右京区","山ノ内赤山町"],"6158191":[26,"京都市西京区","川島有栖川町"],"6158215":[26,"京都市西京区","上桂大野町"],"6150876":[26,"京都市右京区","西京極郡附洲町"],"6158065":[26,"京都市西京区","下津林楠町"],"6158035":[26,"京都市西京区","下津林芝ノ宮町"],"6158207":[26,"京都市西京区","松室河原町"],"6150004":[26,"京都市右京区","西院下花田町"],"6150804":[26,"京都市右京区","西京極町ノ坪町"],"6150083":[26,"京都市右京区","山ノ内瀬戸畑町"],"6150857":[26,"京都市右京区","西京極郡猪馬場町"],"6158051":[26,"京都市西京区","牛ケ瀬西柿町"],"6150816":[26,"京都市右京区","西京極東町"],"6158225":[26,"京都市西京区","上桂森下町"],"6158007":[26,"京都市西京区","桂上野今井町"],"6150011":[26,"京都市右京区","西院東淳和院町"],"6150836":[26,"京都市右京区","西京極河原町裏町"],"6150032":[26,"京都市右京区","西院西高田町"],"6150056":[26,"京都市右京区","西院西貝川町"],"6150826":[26,"京都市右京区","西京極芝ノ下町"],"6158277":[26,"京都市西京区","山田葉室町"],"6158102":[26,"京都市西京区","川島松ノ木本町"],"6150047":[26,"京都市右京区","西院六反田町"],"6150917":[26,"京都市右京区","梅津西浦町"],"6158293":[26,"京都市西京区","松室庄田町"],"6150093":[26,"京都市右京区","山ノ内宮前町"],"6158283":[26,"京都市西京区","松尾井戸町"],"6158196":[26,"京都市西京区","川島尻堀町"],"6150842":[26,"京都市右京区","西京極薮開町"],"6158135":[26,"京都市西京区","樫原江ノ本町"],"6158243":[26,"京都市西京区","御陵御茶屋山"],"6150832":[26,"京都市右京区","西京極走上リ町"],"6158144":[26,"京都市西京区","樫原釘貫"],"6150823":[26,"京都市右京区","西京極前田町"],"6158164":[26,"京都市西京区","樫原鴫谷"],"6150822":[26,"京都市右京区","西京極中町"],"6150026":[26,"京都市右京区","西院北矢掛町"],"6158046":[26,"京都市西京区","牛ケ瀬弥生町"],"6158085":[26,"京都市西京区","桂千代原町"],"6150007":[26,"京都市右京区","西院上花田町"],"6158254":[26,"京都市西京区","御陵細谷"],"6150933":[26,"京都市右京区","梅津後藤町"],"6150914":[26,"京都市右京区","梅津東構口町"],"6158281":[26,"京都市西京区","松尾木ノ曽町"],"6158031":[26,"京都市西京区","牛ケ瀬林ノ本町"],"6158284":[26,"京都市西京区","松尾上ノ山町"],"6158036":[26,"京都市西京区","下津林南大般若町"],"6158011":[26,"京都市西京区","桂大縄町"],"6158077":[26,"京都市西京区","桂芝ノ下町"],"6150854":[26,"京都市右京区","西京極堤外町"],"6150883":[26,"京都市右京区","西京極南大入町"],"6158211":[26,"京都市西京区","上桂前川町"],"6150874":[26,"京都市右京区","西京極新田町"],"6158236":[26,"京都市西京区","山田大吉見町"],"6158016":[26,"京都市西京区","桂久方町"],"6150073":[26,"京都市右京区","山ノ内荒木町"],"6158176":[26,"京都市西京区","樫原上池田町"],"6158154":[26,"京都市西京区","樫原岡南ノ庄"],"6150064":[26,"京都市右京区","西院久田町"],"6158024":[26,"京都市西京区","桂西滝川町"],"6158171":[26,"京都市西京区","樫原久保町"],"6158233":[26,"京都市西京区","御陵荒木町"],"6150858":[26,"京都市右京区","西京極郡沢町"],"6158201":[26,"京都市西京区","上桂今井町"],"6158146":[26,"京都市西京区","樫原田中町"],"6158003":[26,"京都市西京区","桂上野東町"],"6158061":[26,"京都市西京区","下津林北浦町"],"6150844":[26,"京都市右京区","西京極東側町"],"6158131":[26,"京都市西京区","樫原五反田"],"6150095":[26,"京都市右京区","山ノ内西八反田町"],"6150862":[26,"京都市右京区","西京極西大丸町"],"6150012":[26,"京都市右京区","西院高山寺町"],"6150092":[26,"京都市右京区","山ノ内宮脇町"],"6158161":[26,"京都市西京区","樫原蛸田町"],"6158073":[26,"京都市西京区","桂野里町"],"6150938":[26,"京都市右京区","梅津坂本町"],"6150052":[26,"京都市右京区","西院清水町"],"6158123":[26,"京都市西京区","樫原山路"],"6158266":[26,"京都市西京区","山田南山田町"],"6150906":[26,"京都市右京区","梅津高畝町"],"6150071":[26,"京都市右京区","山ノ内西裏町"],"6158004":[26,"京都市西京区","桂畑ケ田町"],"6158238":[26,"京都市西京区","山田車塚町"],"6150922":[26,"京都市右京区","梅津前田町"],"6158081":[26,"京都市西京区","桂池尻町"],"6158057":[26,"京都市西京区","下津林番条町"],"6150031":[26,"京都市右京区","西院高田町"],"6158064":[26,"京都市西京区","下津林水掛町"],"6150853":[26,"京都市右京区","西京極郡醍醐田町"],"6158214":[26,"京都市西京区","上桂東居町"],"6150803":[26,"京都市右京区","西京極南庄境町"],"6158014":[26,"京都市西京区","桂御園"],"6158041":[26,"京都市西京区","牛ケ瀬青柳町"],"6150856":[26,"京都市右京区","西京極古浜町"],"6150881":[26,"京都市右京区","西京極北大入町"],"6158208":[26,"京都市西京区","上桂樋ノ口町"],"6150835":[26,"京都市右京区","西京極堤下町"],"6150913":[26,"京都市右京区","梅津南上田町"],"6150821":[26,"京都市右京区","西京極北裏町"],"6150824":[26,"京都市右京区","西京極畑田町"],"6158221":[26,"京都市西京区","上桂東ノ口町"],"6150002":[26,"京都市右京区","西院東今田町"],"6150834":[26,"京都市右京区","西京極殿田町"],"6158045":[26,"京都市西京区","牛ケ瀬南ノ口町"],"6158228":[26,"京都市西京区","上桂西居町"],"6158106":[26,"京都市西京区","川島滑樋町"],"6158267":[26,"京都市西京区","山田北山田町"],"6150837":[26,"京都市右京区","西京極西向河原町"],"6150045":[26,"京都市右京区","西院溝崎町"],"6158181":[26,"京都市西京区","樫原石畑町"],"6150882":[26,"京都市右京区","西京極葛野町"],"6150815":[26,"京都市右京区","西京極中沢町"],"6158018":[26,"京都市西京区","桂徳大寺町"],"6150003":[26,"京都市右京区","西院西今田町"],"6158084":[26,"京都市西京区","桂坤町"],"6150023":[26,"京都市右京区","西院西平町"],"6158184":[26,"京都市西京区","樫原水築町"],"6150084":[26,"京都市右京区","山ノ内山ノ下町"],"6158072":[26,"京都市西京区","桂木ノ下町"],"6158136":[26,"京都市西京区","樫原口戸"],"6158022":[26,"京都市西京区","桂北滝川町"],"6158006":[26,"京都市西京区","桂上野西町"],"6150066":[26,"京都市右京区","西院四条畑町"],"6158302":[26,"京都市西京区","桂徳大寺南町"],"6150818":[26,"京都市右京区","西京極三反田町"],"6150014":[26,"京都市右京区","西院巽町"],"6150044":[26,"京都市右京区","西院西中水町"],"6158163":[26,"京都市西京区","樫原山ノ上町"],"6150912":[26,"京都市右京区","梅津構口町"],"6158114":[26,"京都市西京区","川島桜園町"],"6158174":[26,"京都市西京区","樫原中垣外"],"6150065":[26,"京都市右京区","西院日照町"],"6150923":[26,"京都市右京区","梅津中倉町"],"6150873":[26,"京都市右京区","西京極浜ノ本町"],"6150902":[26,"京都市右京区","梅津神田町"],"6158262":[26,"京都市西京区","山田四ノ坪町"],"6158272":[26,"京都市西京区","山田畑田町"],"6150021":[26,"京都市右京区","西院三蔵町"],"6158205":[26,"京都市西京区","松室中溝町"],"6150091":[26,"京都市右京区","山ノ内御堂殿町"],"6158017":[26,"京都市西京区","桂河田町"],"6150063":[26,"京都市右京区","西院北井御料町"],"6158107":[26,"京都市西京区","川島北裏町"],"6158285":[26,"京都市西京区","山田北ノ町"],"6158143":[26,"京都市西京区","樫原里ノ垣外町"],"6158175":[26,"京都市西京区","樫原硲町"],"6150885":[26,"京都市右京区","西京極午塚町"],"6150934":[26,"京都市右京区","梅津北浦町"],"6158145":[26,"京都市西京区","樫原角田町"],"6158063":[26,"京都市西京区","下津林六反田"],"6158021":[26,"京都市西京区","桂浅原町"],"6158195":[26,"京都市西京区","川島権田町"],"6158103":[26,"京都市西京区","川島六ノ坪町"],"6158241":[26,"京都市西京区","御陵谷町"],"6158002":[26,"京都市西京区","桂上野中町"],"6150905":[26,"京都市右京区","梅津石灘町"],"6158124":[26,"京都市西京区","樫原三宅町"],"6150861":[26,"京都市右京区","西京極野田町"],"6150061":[26,"京都市右京区","西院乾町"],"6150034":[26,"京都市右京区","西院西寿町"],"6158242":[26,"京都市西京区","御陵鴫谷"],"6150811":[26,"京都市右京区","西京極中溝町"],"6158156":[26,"京都市西京区","樫原百々ケ池"],"6150036":[26,"京都市右京区","西院太田町"],"6158232":[26,"京都市西京区","御陵南荒木町"],"6150027":[26,"京都市右京区","西院西三蔵町"],"6158132":[26,"京都市西京区","樫原庭井"],"6150926":[26,"京都市右京区","梅津罧原町"],"6150057":[26,"京都市右京区","西院東貝川町"],"6158235":[26,"京都市西京区","御陵内町"],"6158118":[26,"京都市西京区","川島三重町"],"6158202":[26,"京都市西京区","松室吾田神町"],"6158052":[26,"京都市西京区","牛ケ瀬堂田町"],"6150907":[26,"京都市右京区","梅津段町"],"6150931":[26,"京都市右京区","梅津開キ町"],"6150001":[26,"京都市右京区","西院上今田町"],"6158056":[26,"京都市西京区","下津林番条"],"6158033":[26,"京都市西京区","下津林東大般若町"],"6158153":[26,"京都市西京区","樫原前田町"],"6158105":[26,"京都市西京区","川島莚田町"],"6158231":[26,"京都市西京区","御陵溝浦町"],"6158001":[26,"京都市西京区","桂上野北町"],"6150904":[26,"京都市右京区","梅津堤上町"],"6158155":[26,"京都市西京区","樫原大亀谷"],"6150925":[26,"京都市右京区","梅津大縄場町"],"6150802":[26,"京都市右京区","西京極北庄境町"],"6158037":[26,"京都市西京区","下津林大般若町"],"6150916":[26,"京都市右京区","梅津中村町"],"6158173":[26,"京都市西京区","樫原下池田町"],"6150035":[26,"京都市右京区","西院追分町"],"6150801":[26,"京都市右京区","西京極豆田町"],"6150825":[26,"京都市右京区","西京極東向河原町"],"6158222":[26,"京都市西京区","上桂御正町"],"6158273":[26,"京都市西京区","山田出口町"],"6150096":[26,"京都市右京区","山ノ内五反田町"],"6158013":[26,"京都市西京区","桂清水町"],"6150033":[26,"京都市右京区","西院寿町"],"6158044":[26,"京都市西京区","牛ケ瀬山柿町"],"6158227":[26,"京都市西京区","上桂宮ノ後町"],"6158213":[26,"京都市西京区","上桂北村町"],"6158264":[26,"京都市西京区","山田六ノ坪町"],"6158246":[26,"京都市西京区","京都大学桂"],"6158121":[26,"京都市西京区","川島野田町"],"6158042":[26,"京都市西京区","牛ケ瀬川原口町"],"6150016":[26,"京都市右京区","西院西淳和院町"],"6150833":[26,"京都市右京区","西京極橋詰町"],"6150053":[26,"京都市右京区","西院久保田町"],"6150024":[26,"京都市右京区","西院矢掛町"],"6158255":[26,"京都市西京区","山田箱塚町"],"6150046":[26,"京都市右京区","西院西溝崎町"],"6150074":[26,"京都市右京区","山ノ内苗町"],"6158075":[26,"京都市西京区","桂巽町"],"6150006":[26,"京都市右京区","西院金槌町"],"6158133":[26,"京都市西京区","樫原井戸"],"6158026":[26,"京都市西京区","桂市ノ前町"],"6158245":[26,"京都市西京区","御陵大原"],"6158116":[26,"京都市西京区","樫原甲水"],"6158023":[26,"京都市西京区","桂南滝川町"],"6150807":[26,"京都市右京区","西京極東大丸町"],"6158217":[26,"京都市西京区","松尾東ノ口町"],"6158295":[26,"京都市西京区","松室地家山"],"6158261":[26,"京都市西京区","山田庄田町"],"6158053":[26,"京都市西京区","下津林中島町"],"6150042":[26,"京都市右京区","西院東中水町"],"6150843":[26,"京都市右京区","西京極河原町"],"6158223":[26,"京都市西京区","上桂前田町"],"6150814":[26,"京都市右京区","西京極下沢町"],"6158276":[26,"京都市西京区","山田開キ町"],"6158087":[26,"京都市西京区","桂御所町"],"6158062":[26,"京都市西京区","下津林前泓町"],"6158178":[26,"京都市西京区","樫原池ノ上町"],"6158027":[26,"京都市西京区","桂朝日町"],"6158282":[26,"京都市西京区","松尾大利町"],"6158252":[26,"京都市西京区","御陵北山下町"],"6150911":[26,"京都市右京区","梅津北町"],"6150013":[26,"京都市右京区","西院松井町"],"6158142":[26,"京都市西京区","樫原畔ノ海道"],"6150901":[26,"京都市右京区","梅津南広町"],"6158251":[26,"京都市西京区","山田猫塚町"],"6150884":[26,"京都市右京区","西京極郡町"],"6158292":[26,"京都市西京区","松室田中町"],"6158076":[26,"京都市西京区","桂下豆田町"],"6150872":[26,"京都市右京区","西京極南衣手町"],"6158083":[26,"京都市西京区","桂艮町"],"6158263":[26,"京都市西京区","山田久田町"],"6158192":[26,"京都市西京区","川島寺田町"],"6150877":[26,"京都市右京区","西京極西衣手町"],"6150838":[26,"京都市右京区","西京極薮ノ下町"],"6158104":[26,"京都市西京区","川島五反長町"],"6158182":[26,"京都市西京区","樫原茶ノ木本町"],"6158115":[26,"京都市西京区","川島流田町"],"6158113":[26,"京都市西京区","川島梅園町"],"6158206":[26,"京都市西京区","松室追上ゲ町"],"6150924":[26,"京都市右京区","梅津尻溝町"],"6150058":[26,"京都市右京区","西院笠目町"],"6158286":[26,"京都市西京区","松尾神ケ谷町"],"6158071":[26,"京都市西京区","桂春日町"],"6150864":[26,"京都市右京区","西京極新明町"],"6158157":[26,"京都市西京区","樫原芋峠"],"6150846":[26,"京都市右京区","西京極徳大寺団子田町"],"6158034":[26,"京都市西京区","下津林東芝ノ宮町"],"6158301":[26,"京都市西京区","桂徳大寺北町"],"6158117":[26,"京都市西京区","樫原六反田"],"6158122":[26,"京都市西京区","樫原八反田"],"6158226":[26,"京都市西京区","上桂森上町"],"6150048":[26,"京都市右京区","西院南寿町"],"6158216":[26,"京都市西京区","松尾鈴川町"],"6150097":[26,"京都市右京区","山ノ内大町"],"6150067":[26,"京都市右京区","西院小米町"],"6150022":[26,"京都市右京区","西院平町"],"6150936":[26,"京都市右京区","梅津林口町"],"6158271":[26,"京都市西京区","山田弦馳町"],"6158274":[26,"京都市西京区","山田上ノ町"],"6158265":[26,"京都市西京区","山田御道路町"],"6150005":[26,"京都市右京区","西院春栄町"],"6158294":[26,"京都市西京区","松室地家町"],"6158015":[26,"京都市西京区","徳大寺清水町"],"6158152":[26,"京都市西京区","樫原内垣外町"],"6150062":[26,"京都市右京区","西院坤町"],"6158141":[26,"京都市西京区","樫原平田町"],"6158172":[26,"京都市西京区","樫原宇治井西町"],"6158112":[26,"京都市西京区","川島竹園町"],"6150813":[26,"京都市右京区","西京極佃田町"],"6150915":[26,"京都市右京区","梅津南町"],"6150054":[26,"京都市右京区","西院月双町"],"6150055":[26,"京都市右京区","西院西田町"],"6150871":[26,"京都市右京区","西京極東衣手町"],"6150831":[26,"京都市右京区","西京極長町"],"6158203":[26,"京都市西京区","松室荒堀町"],"6150827":[26,"京都市右京区","西京極南方町"],"6150806":[26,"京都市右京区","西京極畔勝町"],"6150094":[26,"京都市右京区","山ノ内北ノ口町"],"6158165":[26,"京都市西京区","樫原盆山"],"6150015":[26,"京都市右京区","西院春日町"],"6150852":[26,"京都市右京区","西京極西川町"],"6150935":[26,"京都市右京区","梅津徳丸町"],"6158055":[26,"京都市西京区","下津林佃"],"6150875":[26,"京都市右京区","西京極徳大寺西団子田町"],"6158147":[26,"京都市西京区","樫原塚ノ本町"],"6150043":[26,"京都市右京区","西院中水町"],"6158101":[26,"京都市西京区","川島東代町"],"6158244":[26,"京都市西京区","御陵池ノ谷"],"6158074":[26,"京都市西京区","桂南巽町"],"6158186":[26,"京都市西京区","樫原佃"],"6150037":[26,"京都市右京区","西院南井御料町"],"6150932":[26,"京都市右京区","梅津上田町"],"6158204":[26,"京都市西京区","松室北河原町"],"6158086":[26,"京都市西京区","桂乾町"],"6150937":[26,"京都市右京区","梅津北川町"],"6158224":[26,"京都市西京区","上桂三ノ宮町"],"6158212":[26,"京都市西京区","上桂北ノ口町"],"6150812":[26,"京都市右京区","西京極大門町"],"6158111":[26,"京都市西京区","川島松園町"],"6158253":[26,"京都市西京区","御陵北山町"],"6150085":[26,"京都市右京区","山ノ内中畑町"],"6158043":[26,"京都市西京区","牛ケ瀬新田泓町"],"6158193":[26,"京都市西京区","川島玉頭町"],"6158183":[26,"京都市西京区","樫原分田"],"6150081":[26,"京都市右京区","山ノ内養老町"],"6158012":[26,"京都市西京区","桂後水町"],"6150921":[26,"京都市右京区","梅津フケノ川町"],"6150845":[26,"京都市右京区","西京極末広町"],"6158177":[26,"京都市西京区","樫原下ノ町"],"6150841":[26,"京都市右京区","西京極火打畑町"],"6158025":[26,"京都市西京区","桂稲荷山町"],"6150072":[26,"京都市右京区","山ノ内池尻町"],"6150851":[26,"京都市右京区","西京極西池田町"],"6150878":[26,"京都市右京区","西京極北衣手町"],"6158151":[26,"京都市西京区","樫原杉原町"],"6150855":[26,"京都市右京区","西京極西団子田町"],"6150805":[26,"京都市右京区","西京極東池田町"],"6158296":[26,"京都市西京区","松室山添町"],"6158185":[26,"京都市西京区","樫原宇治井町"],"6158291":[26,"京都市西京区","松室扇田町"],"6158054":[26,"京都市西京区","下津林南中島町"],"6158237":[26,"京都市西京区","山田中吉見町"],"6150025":[26,"京都市右京区","西院西矢掛町"],"6158162":[26,"京都市西京区","樫原上ノ町"],"6158287":[26,"京都市西京区","松尾万石町"],"6158256":[26,"京都市西京区","山田平尾町"],"6158082":[26,"京都市西京区","桂上豆田町"],"6158008":[26,"京都市西京区","桂上野川原町"],"6158125":[26,"京都市西京区","川島調子町"],"6158134":[26,"京都市西京区","樫原比恵田町"],"6150903":[26,"京都市右京区","梅津堤下町"],"6150051":[26,"京都市右京区","西院安塚町"],"6150863":[26,"京都市右京区","西京極堤町"],"6158005":[26,"京都市西京区","桂上野南町"],"6158234":[26,"京都市西京区","御陵塚ノ越町"],"6158158":[26,"京都市西京区","樫原秤谷町"]}
