{"0930210":[1,"北見市","常呂町常呂"],"0930131":[1,"網走市","能取港町"],"0930501":[1,"常呂郡佐呂間町","宮前町"],"0930216":[1,"北見市","常呂町栄浦"],"0930058":[1,"網走市","北八条東"],"0930018":[1,"網走市","南八条西"],"0930074":[1,"網走市","北四条西"],"0930007":[1,"網走市","南七条東"],"0930006":[1,"網走市","南六条東"],"0930732":[1,"紋別郡湧別町","上芭露"],"0930045":[1,"網走市","大曲"],"0930202":[1,"北見市","常呂町東浜"],"0930072":[1,"網走市","北二条西"],"0930019":[1,"網走市","南九条西"],"0930051":[1,"網走市","北一条東"],"0930136":[1,"網走市","平和"],"0930086":[1,"網走市","二ツ岩"],"0930331":[1,"北見市","常呂町豊川"],"0930035":[1,"網走市","駒場南"],"0930016":[1,"網走市","南六条西"],"0930020":[1,"網走市","南十条西"],"0930508":[1,"常呂郡佐呂間町","知来"],"0930085":[1,"網走市","明治"],"0930421":[1,"常呂郡佐呂間町","浪速"],"0930507":[1,"常呂郡佐呂間町","東"],"0930000":[1,"網走市",""],"0930059":[1,"網走市","北九条東"],"0930651":[1,"紋別郡湧別町","計呂地"],"0930084":[1,"網走市","向陽ケ丘"],"0930087":[1,"網走市","美岬"],"0930731":[1,"紋別郡湧別町","芭露"],"0930132":[1,"網走市","二見ケ岡"],"0930011":[1,"網走市","南一条西"],"0930241":[1,"網走市","能取"],"0930034":[1,"網走市","つくしケ丘"],"0930012":[1,"網走市","南二条西"],"0930017":[1,"網走市","南七条西"],"0930024":[1,"網走市","南十四条西"],"0930044":[1,"網走市","天都山"],"0930009":[1,"網走市","南九条東"],"0930046":[1,"網走市","新町"],"0930021":[1,"網走市","南十一条西"],"0930073":[1,"網走市","北三条西"],"0930423":[1,"常呂郡佐呂間町","浜佐呂間"],"0930333":[1,"北見市","常呂町福山"],"0930215":[1,"北見市","常呂町岐阜"],"0930733":[1,"紋別郡湧別町","西芭露"],"0930077":[1,"網走市","北七条西"],"0930008":[1,"網走市","南八条東"],"0930532":[1,"常呂郡佐呂間町","若里"],"0930060":[1,"網走市","北十条東"],"0930014":[1,"網走市","南四条西"],"0930133":[1,"網走市","嘉多山"],"0930031":[1,"網走市","台町"],"0930652":[1,"紋別郡湧別町","志撫子"],"0930061":[1,"網走市","北十一条東"],"0930734":[1,"紋別郡湧別町","東芭露"],"0930090":[1,"網走市","文化"],"0930076":[1,"網走市","北六条西"],"0930505":[1,"常呂郡佐呂間町","北"],"0930213":[1,"北見市","常呂町土佐"],"0930056":[1,"網走市","北六条東"],"0930071":[1,"網走市","北一条西"],"0930503":[1,"常呂郡佐呂間町","幸町"],"0930004":[1,"網走市","南四条東"],"0930081":[1,"網走市","北十一条西"],"0930005":[1,"網走市","南五条東"],"0930062":[1,"網走市","北十二条東"],"0930043":[1,"網走市","錦町"],"0930083":[1,"網走市","海岸町"],"0930052":[1,"網走市","北二条東"],"0930053":[1,"網走市","北三条東"],"0930078":[1,"網走市","北八条西"],"0930003":[1,"網走市","南三条東"],"0930134":[1,"網走市","越歳"],"0930079":[1,"網走市","北九条西"],"0930214":[1,"北見市","常呂町共立"],"0930735":[1,"紋別郡湧別町","福島"],"0930015":[1,"網走市","南五条西"],"0930135":[1,"網走市","卯原内"],"0930023":[1,"網走市","南十三条西"],"0930082":[1,"網走市","北十二条西"],"0930055":[1,"網走市","北五条東"],"0930075":[1,"網走市","北五条西"],"0930422":[1,"常呂郡佐呂間町","幌岩"],"0930504":[1,"常呂郡佐呂間町","西富"],"0930033":[1,"網走市","駒場北"],"0930080":[1,"網走市","北十条西"],"0930332":[1,"北見市","常呂町富丘"],"0930032":[1,"網走市","港町"],"0930424":[1,"常呂郡佐呂間町","仁倉"],"0930336":[1,"北見市","常呂町登"],"0930013":[1,"網走市","南三条西"],"0930054":[1,"網走市","北四条東"],"0930502":[1,"常呂郡佐呂間町","永代町"],"0930001":[1,"網走市","南一条東"],"0930042":[1,"網走市","潮見"],"0930088":[1,"網走市","三眺"],"0930506":[1,"常呂郡佐呂間町","富武士"],"0930057":[1,"網走市","北七条東"],"0930002":[1,"網走市","南二条東"],"0930010":[1,"網走市","南十条東"],"0930089":[1,"網走市","緑町"],"0930041":[1,"網走市","桂町"],"0930334":[1,"北見市","常呂町日吉"],"0930022":[1,"網走市","南十二条西"],"0930335":[1,"北見市","常呂町吉野"],"0930500":[1,"常呂郡佐呂間町",""]}
