{"1830026":[13,"府中市","南町"],"1830044":[13,"府中市","日鋼町"],"1830051":[13,"府中市","栄町"],"1830004":[13,"府中市","紅葉丘"],"1830016":[13,"府中市","八幡町"],"1830042":[13,"府中市","武蔵台"],"1830023":[13,"府中市","宮町"],"1830045":[13,"府中市","美好町"],"1830033":[13,"府中市","分梅町"],"1830052":[13,"府中市","新町"],"1830031":[13,"府中市","西府町"],"1830054":[13,"府中市","幸町"],"1830055":[13,"府中市","府中町"],"1830005":[13,"府中市","若松町"],"1830046":[13,"府中市","西原町"],"1830012":[13,"府中市","押立町"],"1830034":[13,"府中市","住吉町"],"1830003":[13,"府中市","朝日町"],"1830041":[13,"府中市","北山町"],"1830024":[13,"府中市","日吉町"],"1830027":[13,"府中市","本町"],"1830025":[13,"府中市","矢崎町"],"1830032":[13,"府中市","本宿町"],"1830001":[13,"府中市","浅間町"],"1830036":[13,"府中市","日新町"],"1830021":[13,"府中市","片町"],"1830013":[13,"府中市","小柳町"],"1830006":[13,"府中市","緑町"],"1830015":[13,"府中市","清水が丘"],"1830014":[13,"府中市","是政"],"1830053":[13,"府中市","天神町"],"1830035":[13,"府中市","四谷"],"1830000":[13,"府中市",""],"1830022":[13,"府中市","宮西町"],"1830002":[13,"府中市","多磨町"],"1830043":[13,"府中市","東芝町"],"1830011":[13,"府中市","白糸台"],"1830057":[13,"府中市","晴見町"],"1830056":[13,"府中市","寿町"]}
