{"9960083":[6,"新庄市","沼田町"],"9960041":[6,"新庄市","鳥越"],"9960054":[6,"新庄市","仁間"],"9960077":[6,"新庄市","城南町"],"9960211":[6,"最上郡大蔵村","合海"],"9960053":[6,"新庄市","福田"],"9960087":[6,"新庄市","沼田"],"9960002":[6,"新庄市","金沢"],"9960035":[6,"新庄市","鉄砲町"],"9960212":[6,"最上郡大蔵村","清水"],"9960023":[6,"新庄市","沖の町"],"9960031":[6,"新庄市","末広町"],"9960086":[6,"新庄市","石川町"],"9960028":[6,"新庄市","万場町"],"9960027":[6,"新庄市","本町"],"9960000":[6,"新庄市",""],"9960034":[6,"新庄市","下田町"],"9960073":[6,"新庄市","栄町"],"9960082":[6,"新庄市","北町"],"9960052":[6,"新庄市","角沢"],"9960021":[6,"新庄市","常葉町"],"9960074":[6,"新庄市","小田島"],"9960084":[6,"新庄市","大手町"],"9960112":[6,"新庄市","本合海"],"9960200":[6,"最上郡大蔵村",""],"9960081":[6,"新庄市","中道町"],"9960091":[6,"新庄市","十日町"],"9960051":[6,"新庄市","松本"],"9960025":[6,"新庄市","若葉町"],"9960085":[6,"新庄市","堀端町"],"9960061":[6,"新庄市","飛田"],"9960078":[6,"新庄市","新町"],"9960026":[6,"新庄市","大町"],"9960201":[6,"最上郡大蔵村","南山"],"9960076":[6,"新庄市","城西町"],"9960032":[6,"新庄市","上金沢町"],"9960071":[6,"新庄市","小田島町"],"9960301":[6,"最上郡大蔵村","南山"],"9960001":[6,"新庄市","五日町"],"9960011":[6,"新庄市","東谷地田町"],"9960033":[6,"新庄市","下金沢町"],"9960022":[6,"新庄市","住吉町"],"9960213":[6,"最上郡大蔵村","赤松"],"9960088":[6,"新庄市","桧町"],"9960079":[6,"新庄市","千門町"],"9960024":[6,"新庄市","多門町"],"9960075":[6,"新庄市","横打町"],"9960111":[6,"新庄市","升形"],"9960072":[6,"新庄市","宮内町"]}
