{"9540044":[15,"見附市","鳥屋脇町"],"9540141":[15,"長岡市","粕島"],"9540024":[15,"見附市","河野町"],"9540075":[15,"見附市","速水町"],"9540203":[15,"長岡市","小沼新田"],"9540212":[15,"長岡市","中之島西野"],"9540081":[15,"見附市","片桐町"],"9540156":[15,"長岡市","長呂"],"9540077":[15,"見附市","葛巻西町"],"9540104":[15,"見附市","坂井町"],"9540089":[15,"見附市","新潟西町"],"9540023":[15,"見附市","宮之原町"],"9540063":[15,"見附市","漆山町"],"9540006":[15,"見附市","新潟町"],"9540135":[15,"長岡市","幸南"],"9540164":[15,"長岡市","末宝"],"9540101":[15,"見附市","三林町"],"9540123":[15,"長岡市","猫興野"],"9540131":[15,"長岡市","中興野"],"9540059":[15,"見附市","昭和町"],"9540008":[15,"見附市","内町"],"9540126":[15,"長岡市","五百刈"],"9540214":[15,"長岡市","中条新田"],"9540152":[15,"長岡市","中之島高畑"],"9540057":[15,"見附市","新町"],"9540145":[15,"長岡市","大口"],"9540004":[15,"見附市","元町"],"9540201":[15,"長岡市","大沼新田"],"9540000":[15,"見附市",""],"9540162":[15,"長岡市","狐興野"],"9540033":[15,"見附市","明晶町"],"9540143":[15,"長岡市","池之島"],"9540053":[15,"見附市","本町"],"9540125":[15,"長岡市","藤山"],"9540087":[15,"見附市","芝野町"],"9540032":[15,"見附市","本明町"],"9540002":[15,"見附市","小栗山町"],"9540207":[15,"長岡市","上沼新田"],"9540017":[15,"見附市","庄川平町"],"9540078":[15,"見附市","葛巻東町"],"9540151":[15,"長岡市","杉之森"],"9540181":[15,"長岡市","脇川新田町"],"9540046":[15,"見附市","双葉町"],"9540218":[15,"長岡市","信条南"],"9540055":[15,"見附市","嶺崎"],"9540166":[15,"長岡市","海老島勇次新田"],"9540172":[15,"長岡市","鶴ケ曽根"],"9540012":[15,"見附市","島切窪町"],"9540073":[15,"見附市","青木町"],"9540083":[15,"見附市","市野坪町"],"9540042":[15,"見附市","山崎町"],"9540176":[15,"長岡市","横野"],"9540036":[15,"見附市","田井町"],"9540111":[15,"見附市","今町"],"9540106":[15,"見附市","東今町"],"9540051":[15,"見附市","本所"],"9540103":[15,"見附市","田之尻町"],"9540137":[15,"長岡市","押切新田"],"9540076":[15,"見附市","新幸町"],"9540016":[15,"見附市","庄川町"],"9540085":[15,"見附市","反田町"],"9540071":[15,"見附市","傍所町"],"9540112":[15,"見附市","上新田町"],"9540034":[15,"見附市","月見台"],"9540067":[15,"見附市","葛巻町"],"9540211":[15,"長岡市","西野新田"],"9540005":[15,"見附市","戸代新田町"],"9540171":[15,"長岡市","稲島"],"9540062":[15,"見附市","下新町"],"9540174":[15,"長岡市","中野中"],"9540045":[15,"見附市","緑町"],"9540157":[15,"長岡市","中之島宮内"],"9540165":[15,"長岡市","福原"],"9540052":[15,"見附市","学校町"],"9540206":[15,"長岡市","六所"],"9540105":[15,"見附市","下関町"],"9540202":[15,"長岡市","赤沼"],"9540205":[15,"長岡市","西高山新田"],"9540026":[15,"見附市","神保町"],"9540068":[15,"見附市","仁嘉町"],"9540074":[15,"見附市","山吉町"],"9540043":[15,"見附市","耳取町"],"9540088":[15,"見附市","新潟東町"],"9540025":[15,"見附市","牛ケ嶺町"],"9540146":[15,"長岡市","大保"],"9540132":[15,"長岡市","新栄"],"9540122":[15,"長岡市","真弓"],"9540072":[15,"見附市","北野町"],"9540058":[15,"見附市","葛巻"],"9540064":[15,"見附市","鹿熊町"],"9540121":[15,"長岡市","野口"],"9540014":[15,"見附市","堀溝町"],"9540124":[15,"長岡市","中之島"],"9540022":[15,"見附市","杉澤町"],"9540041":[15,"見附市","栃栄町"],"9540153":[15,"長岡市","横山"],"9540163":[15,"長岡市","並木新田"],"9540013":[15,"見附市","石地町"],"9540086":[15,"見附市","福島町"],"9540155":[15,"長岡市","島田"],"9540215":[15,"長岡市","真野代新田"],"9540213":[15,"長岡市","下沼新田"],"9540134":[15,"長岡市","大曲戸"],"9540144":[15,"長岡市","坪根"],"9540007":[15,"見附市","下鳥町"],"9540011":[15,"見附市","山崎興野町"],"9540142":[15,"長岡市","灰島新田"],"9540054":[15,"見附市","細越"],"9540177":[15,"長岡市","亀ケ谷新田"],"9540138":[15,"長岡市","押切川原町"],"9540217":[15,"長岡市","松ケ崎新田"],"9540175":[15,"長岡市","中野西"],"9540031":[15,"見附市","太田町"],"9540147":[15,"長岡市","品之木"],"9540216":[15,"長岡市","中之島中条"],"9540001":[15,"見附市","指出町"],"9540079":[15,"見附市","葛巻南町"],"9540037":[15,"見附市","椿澤町"],"9540161":[15,"長岡市","興野"],"9540021":[15,"見附市","池之島町"],"9540133":[15,"長岡市","大曲戸新田"],"9540136":[15,"長岡市","思川新田"],"9540035":[15,"見附市","名木野町"],"9540154":[15,"長岡市","関根"],"9540107":[15,"見附市","西今町"],"9540102":[15,"見附市","釈迦塚町"],"9540027":[15,"見附市","栃窪町"],"9540056":[15,"見附市","南本町"],"9540204":[15,"長岡市","中西"],"9540082":[15,"見附市","柳橋町"],"9540084":[15,"見附市","加坪川町"],"9540038":[15,"見附市","池之内町"],"9540173":[15,"長岡市","中野東"],"9540061":[15,"見附市","熱田町"]}
