{"9340003":[16,"射水市","庄川本町"],"9340013":[16,"射水市","立町"],"9340096":[16,"高岡市","金屋"],"9340093":[16,"高岡市","姫野"],"9340055":[16,"射水市","沖塚原"],"9340099":[16,"高岡市","若葉町"],"9340038":[16,"射水市","津幡江"],"9340024":[16,"射水市","越の潟町"],"9340016":[16,"射水市","三日曽根"],"9340014":[16,"射水市","緑町"],"9340058":[16,"射水市","川口"],"9340042":[16,"射水市","作道"],"9340052":[16,"射水市","松木"],"9340002":[16,"射水市","港町"],"9340057":[16,"射水市","坂東"],"9340048":[16,"射水市","布目"],"9340045":[16,"射水市","沖"],"9340095":[16,"高岡市","石丸"],"9340012":[16,"射水市","中央町"],"9340054":[16,"射水市","神楽町"],"9340040":[16,"射水市","鏡宮弥生"],"9340035":[16,"射水市","新堀"],"9340046":[16,"射水市","今井"],"9340041":[16,"射水市","作道"],"9340004":[16,"射水市","西新湊"],"9340097":[16,"高岡市","牧野金屋"],"9340026":[16,"射水市","二の丸町"],"9340033":[16,"射水市","新片町"],"9340022":[16,"射水市","放生津町"],"9340056":[16,"射水市","寺塚原"],"9340034":[16,"射水市","高場新町"],"9340011":[16,"射水市","本町"],"9340036":[16,"射水市","片口高場"],"9340091":[16,"高岡市","下牧野"],"9340001":[16,"射水市","庄西町"],"9340032":[16,"射水市","片口"],"9340025":[16,"射水市","八幡町"],"9340092":[16,"高岡市","中曽根"],"9340031":[16,"射水市","奈呉の江"],"9340053":[16,"射水市","朴木"],"9340051":[16,"射水市","宮袋"],"9340043":[16,"射水市","野村"],"9340023":[16,"射水市","海王町"],"9340047":[16,"射水市","高木"],"9340094":[16,"高岡市","堀岡又新"],"9340015":[16,"射水市","桜町"],"9340039":[16,"射水市","久々湊"],"9340005":[16,"射水市","善光寺"],"9340049":[16,"射水市","鏡宮"],"9340037":[16,"射水市","片口久々江"],"9340044":[16,"射水市","殿村"],"9340021":[16,"射水市","堀岡新明神"],"9340098":[16,"高岡市","上牧野"],"9340027":[16,"射水市","中新湊"]}
