{"8310024":[40,"大川市","鬼古賀"],"8310012":[40,"大川市","上白垣"],"8310034":[40,"大川市","一木"],"8310008":[40,"大川市","鐘ケ江"],"8310003":[40,"大川市","諸富"],"8310016":[40,"大川市","酒見"],"8310032":[40,"大川市","北古賀"],"8310017":[40,"大川市","下八院"],"8310023":[40,"大川市","下牟田口"],"8310014":[40,"大川市","中木室"],"8310004":[40,"大川市","榎津"],"8310015":[40,"大川市","本木室"],"8310033":[40,"大川市","幡保"],"8310002":[40,"大川市","下林"],"8310001":[40,"大川市","下青木"],"8310000":[40,"大川市",""],"8310035":[40,"大川市","津"],"8310006":[40,"大川市","中古賀"],"8310007":[40,"大川市","道海島"],"8310021":[40,"大川市","大橋"],"8310045":[40,"大川市","大野島"],"8310022":[40,"大川市","下木佐木"],"8310031":[40,"大川市","上巻"],"8310005":[40,"大川市","向島"],"8310027":[40,"大川市","荻島"],"8310043":[40,"大川市","新田"],"8310028":[40,"大川市","郷原"],"8310011":[40,"大川市","下白垣"],"8310025":[40,"大川市","坂井"],"8310042":[40,"大川市","九網"],"8310044":[40,"大川市","紅粉屋"],"8310013":[40,"大川市","中八院"],"8310026":[40,"大川市","三丸"],"8310041":[40,"大川市","小保"]}
