{"7300013":[34,"広島市中区","八丁堀"],"7300847":[34,"広島市中区","舟入南"],"7300823":[34,"広島市中区","吉島西"],"7300842":[34,"広島市中区","舟入中町"],"7300843":[34,"広島市中区","舟入本町"],"7300003":[34,"広島市中区","白島九軒町"],"7300834":[34,"広島市中区","江波二本松"],"7300854":[34,"広島市中区","土橋町"],"7300805":[34,"広島市中区","十日市町"],"7300853":[34,"広島市中区","堺町"],"7300832":[34,"広島市中区","江波東"],"7300017":[34,"広島市中区","鉄砲町"],"7300833":[34,"広島市中区","江波本町"],"7300825":[34,"広島市中区","光南"],"7300042":[34,"広島市中区","国泰寺町"],"7300048":[34,"広島市中区","竹屋町"],"7300811":[34,"広島市中区","中島町"],"7300015":[34,"広島市中区","橋本町"],"7300044":[34,"広島市中区","宝町"],"7300804":[34,"広島市中区","広瀬町"],"7300032":[34,"広島市中区","立町"],"7300001":[34,"広島市中区","白島北町"],"7300022":[34,"広島市中区","銀山町"],"7300822":[34,"広島市中区","吉島東"],"7300803":[34,"広島市中区","広瀬北町"],"7300814":[34,"広島市中区","羽衣町"],"7300055":[34,"広島市中区","南千田西町"],"7300000":[34,"広島市中区",""],"7300821":[34,"広島市中区","吉島町"],"7300043":[34,"広島市中区","富士見町"],"7300024":[34,"広島市中区","西平塚町"],"7300037":[34,"広島市中区","中町"],"7300851":[34,"広島市中区","榎町"],"7300029":[34,"広島市中区","三川町"],"7300031":[34,"広島市中区","紙屋町"],"7300005":[34,"広島市中区","西白島町"],"7300801":[34,"広島市中区","寺町"],"7300028":[34,"広島市中区","流川町"],"7300836":[34,"広島市中区","江波栄町"],"7300021":[34,"広島市中区","胡町"],"7300837":[34,"広島市中区","江波沖町"],"7300052":[34,"広島市中区","千田町"],"7300844":[34,"広島市中区","舟入幸町"],"7300802":[34,"広島市中区","本川町"],"7300023":[34,"広島市中区","弥生町"],"7300011":[34,"広島市中区","基町"],"7300045":[34,"広島市中区","鶴見町"],"7300014":[34,"広島市中区","上幟町"],"7300852":[34,"広島市中区","猫屋町"],"7300026":[34,"広島市中区","田中町"],"7300855":[34,"広島市中区","小網町"],"7300016":[34,"広島市中区","幟町"],"7300027":[34,"広島市中区","薬研堀"],"7300034":[34,"広島市中区","新天地"],"7300826":[34,"広島市中区","南吉島"],"7300856":[34,"広島市中区","河原町"],"7300806":[34,"広島市中区","西十日市町"],"7300033":[34,"広島市中区","堀川町"],"7300046":[34,"広島市中区","昭和町"],"7300841":[34,"広島市中区","舟入町"],"7300813":[34,"広島市中区","住吉町"],"7300835":[34,"広島市中区","江波南"],"7300004":[34,"広島市中区","東白島町"],"7300036":[34,"広島市中区","袋町"],"7300845":[34,"広島市中区","舟入川口町"],"7300035":[34,"広島市中区","本通"],"7300049":[34,"広島市中区","南竹屋町"],"7300831":[34,"広島市中区","江波西"],"7300054":[34,"広島市中区","南千田東町"],"7300025":[34,"広島市中区","東平塚町"],"7300053":[34,"広島市中区","東千田町"],"7300846":[34,"広島市中区","西川口町"],"7300002":[34,"広島市中区","白島中町"],"7300812":[34,"広島市中区","加古町"],"7300012":[34,"広島市中区","上八丁堀"],"7300051":[34,"広島市中区","大手町"],"7300041":[34,"広島市中区","小町"],"7300047":[34,"広島市中区","平野町"],"7300824":[34,"広島市中区","吉島新町"]}
