{"4307738":[22,"浜松市中区","板屋町浜松アクトタワー"],"4300836":[22,"浜松市南区","福島町"],"4300826":[22,"浜松市南区","四本松町"],"4300913":[22,"浜松市中区","船越町"],"4307726":[22,"浜松市中区","板屋町浜松アクトタワー"],"4300935":[22,"浜松市中区","伝馬町"],"4300843":[22,"浜松市南区","福塚町"],"4307712":[22,"浜松市中区","板屋町浜松アクトタワー"],"4300856":[22,"浜松市中区","中島"],"4307709":[22,"浜松市中区","板屋町浜松アクトタワー"],"4300804":[22,"浜松市中区","富吉町"],"4300802":[22,"浜松市東区","将監町"],"4300917":[22,"浜松市中区","常盤町"],"4307702":[22,"浜松市中区","板屋町浜松アクトタワー"],"4307716":[22,"浜松市中区","板屋町浜松アクトタワー"],"4307732":[22,"浜松市中区","板屋町浜松アクトタワー"],"4307740":[22,"浜松市中区","板屋町浜松アクトタワー"],"4300841":[22,"浜松市南区","寺脇町"],"4300941":[22,"浜松市中区","山下町"],"4300947":[22,"浜松市中区","松城町"],"4300846":[22,"浜松市南区","白羽町"],"4300944":[22,"浜松市中区","田町"],"4300855":[22,"浜松市南区","楊子町"],"4300833":[22,"浜松市南区","三新町"],"4300946":[22,"浜松市中区","元城町"],"4300932":[22,"浜松市中区","肴町"],"4300808":[22,"浜松市中区","天神町"],"4307720":[22,"浜松市中区","板屋町浜松アクトタワー"],"4300915":[22,"浜松市中区","東田町"],"4300905":[22,"浜松市中区","下池川町"],"4307722":[22,"浜松市中区","板屋町浜松アクトタワー"],"4300911":[22,"浜松市中区","新津町"],"4300938":[22,"浜松市中区","紺屋町"],"4300939":[22,"浜松市中区","連尺町"],"4307719":[22,"浜松市中区","板屋町浜松アクトタワー"],"4307727":[22,"浜松市中区","板屋町浜松アクトタワー"],"4307744":[22,"浜松市中区","板屋町浜松アクトタワー"],"4300813":[22,"浜松市南区","芳川町"],"4300942":[22,"浜松市中区","元浜町"],"4300806":[22,"浜松市中区","木戸町"],"4300821":[22,"浜松市南区","西町"],"4300831":[22,"浜松市南区","御給町"],"4307707":[22,"浜松市中区","板屋町浜松アクトタワー"],"4300936":[22,"浜松市中区","大工町"],"4307728":[22,"浜松市中区","板屋町浜松アクトタワー"],"4307701":[22,"浜松市中区","板屋町浜松アクトタワー"],"4300851":[22,"浜松市中区","向宿"],"4300926":[22,"浜松市中区","砂山町"],"4300919":[22,"浜松市中区","野口町"],"4307703":[22,"浜松市中区","板屋町浜松アクトタワー"],"4307741":[22,"浜松市中区","板屋町浜松アクトタワー"],"4307717":[22,"浜松市中区","板屋町浜松アクトタワー"],"4307736":[22,"浜松市中区","板屋町浜松アクトタワー"],"4300912":[22,"浜松市中区","茄子町"],"4300923":[22,"浜松市中区","北寺島町"],"4307731":[22,"浜松市中区","板屋町浜松アクトタワー"],"4307706":[22,"浜松市中区","板屋町浜松アクトタワー"],"4300816":[22,"浜松市南区","参野町"],"4307723":[22,"浜松市中区","板屋町浜松アクトタワー"],"4300948":[22,"浜松市中区","元目町"],"4300834":[22,"浜松市南区","松島町"],"4300943":[22,"浜松市中区","北田町"],"4307790":[22,"浜松市中区","板屋町浜松アクトタワー"],"4307713":[22,"浜松市中区","板屋町浜松アクトタワー"],"4300801":[22,"浜松市東区","神立町"],"4300853":[22,"浜松市南区","三島町"],"4300838":[22,"浜松市南区","鼡野町"],"4307725":[22,"浜松市中区","板屋町浜松アクトタワー"],"4300803":[22,"浜松市東区","植松町"],"4300823":[22,"浜松市南区","河輪町"],"4300901":[22,"浜松市中区","曳馬"],"4300844":[22,"浜松市南区","江之島町"],"4300825":[22,"浜松市南区","下江町"],"4300945":[22,"浜松市中区","池町"],"4300835":[22,"浜松市南区","遠州浜"],"4300906":[22,"浜松市中区","住吉"],"4307739":[22,"浜松市中区","板屋町浜松アクトタワー"],"4300903":[22,"浜松市中区","助信町"],"4300904":[22,"浜松市中区","中沢町"],"4300949":[22,"浜松市中区","尾張町"],"4307734":[22,"浜松市中区","板屋町浜松アクトタワー"],"4300845":[22,"浜松市南区","中田島町"],"4307715":[22,"浜松市中区","板屋町浜松アクトタワー"],"4300807":[22,"浜松市中区","佐藤"],"4307737":[22,"浜松市中区","板屋町浜松アクトタワー"],"4300907":[22,"浜松市中区","高林"],"4307708":[22,"浜松市中区","板屋町浜松アクトタワー"],"4300933":[22,"浜松市中区","鍛冶町"],"4300918":[22,"浜松市中区","八幡町"],"4300934":[22,"浜松市中区","千歳町"],"4307721":[22,"浜松市中区","板屋町浜松アクトタワー"],"4307710":[22,"浜松市中区","板屋町浜松アクトタワー"],"4300925":[22,"浜松市中区","寺島町"],"4300916":[22,"浜松市中区","早馬町"],"4307705":[22,"浜松市中区","板屋町浜松アクトタワー"],"4300857":[22,"浜松市中区","中島町"],"4307733":[22,"浜松市中区","板屋町浜松アクトタワー"],"4300805":[22,"浜松市中区","相生町"],"4300937":[22,"浜松市中区","利町"],"4307704":[22,"浜松市中区","板屋町浜松アクトタワー"],"4307711":[22,"浜松市中区","板屋町浜松アクトタワー"],"4300811":[22,"浜松市中区","名塚町"],"4300812":[22,"浜松市南区","本郷町"],"4300842":[22,"浜松市南区","大柳町"],"4300927":[22,"浜松市中区","旭町"],"4307735":[22,"浜松市中区","板屋町浜松アクトタワー"],"4307743":[22,"浜松市中区","板屋町浜松アクトタワー"],"4300827":[22,"浜松市南区","立野町"],"4300832":[22,"浜松市南区","長田町"],"4300929":[22,"浜松市中区","中央"],"4307729":[22,"浜松市中区","板屋町浜松アクトタワー"],"4307714":[22,"浜松市中区","板屋町浜松アクトタワー"],"4307724":[22,"浜松市中区","板屋町浜松アクトタワー"],"4300815":[22,"浜松市南区","都盛町"],"4300822":[22,"浜松市南区","東町"],"4307742":[22,"浜松市中区","板屋町浜松アクトタワー"],"4300852":[22,"浜松市中区","領家"],"4300928":[22,"浜松市中区","板屋町"],"4300924":[22,"浜松市中区","龍禅寺町"],"4300931":[22,"浜松市中区","神明町"],"4300854":[22,"浜松市中区","瓜内町"],"4307745":[22,"浜松市中区","板屋町浜松アクトタワー"],"4307730":[22,"浜松市中区","板屋町浜松アクトタワー"],"4300824":[22,"浜松市南区","富屋町"],"4300837":[22,"浜松市南区","西島町"],"4300817":[22,"浜松市南区","頭陀寺町"],"4307718":[22,"浜松市中区","板屋町浜松アクトタワー"],"4300902":[22,"浜松市中区","曳馬町"],"4300814":[22,"浜松市南区","恩地町"]}
