{"2790024":[12,"浦安市","港"],"2790021":[12,"浦安市","富岡"],"2790001":[12,"浦安市","当代島"],"2790004":[12,"浦安市","猫実"],"2790026":[12,"浦安市","弁天"],"2790003":[12,"浦安市","海楽"],"2790042":[12,"浦安市","東野"],"2790041":[12,"浦安市","堀江"],"2790022":[12,"浦安市","今川"],"2790013":[12,"浦安市","日の出"],"2790031":[12,"浦安市","舞浜"],"2790012":[12,"浦安市","入船"],"2790014":[12,"浦安市","明海"],"2790000":[12,"浦安市",""],"2790025":[12,"浦安市","鉄鋼通り"],"2790002":[12,"浦安市","北栄"],"2790043":[12,"浦安市","富士見"],"2790032":[12,"浦安市","千鳥"],"2790011":[12,"浦安市","美浜"],"2790023":[12,"浦安市","高洲"]}
