{"8591401":[42,"島原市","有明町湯江甲"],"8590105":[42,"諫早市","高来町船津"],"8594502":[42,"松浦市","志佐町里免"],"8593724":[42,"東彼杵郡波佐見町","志折郷"],"8590164":[42,"諫早市","小長井町牧"],"8591313":[42,"雲仙市","国見町土黒丙"],"8595104":[42,"平戸市","崎方町"],"8591103":[42,"雲仙市","吾妻町平江名"],"8594812":[42,"平戸市","田平町田代免"],"8593600":[42,"東彼杵郡川棚町",""],"8595705":[42,"平戸市","生月町舘浦"],"8593214":[42,"佐世保市","権常寺"],"8590304":[42,"諫早市","白浜町"],"8591115":[42,"雲仙市","吾妻町永中名"],"8595141":[42,"平戸市","山中町"],"8593606":[42,"東彼杵郡川棚町","小音琴郷"],"8596106":[42,"佐世保市","江迎町北田"],"8593933":[42,"東彼杵郡東彼杵町","一ッ石郷"],"8590167":[42,"諫早市","小長井町遠竹"],"8596322":[42,"佐世保市","吉井町踊瀬"],"8593454":[42,"佐世保市","針尾北町"],"8593725":[42,"東彼杵郡波佐見町","長野郷"],"8595503":[42,"平戸市","上中津良町"],"8595133":[42,"平戸市","中野大久保町"],"8594515":[42,"松浦市","志佐町稗木場免"],"8595113":[42,"平戸市","木引田町"],"8594801":[42,"平戸市","田平町岳崎免"],"8594528":[42,"松浦市","今福町浦免"],"8594764":[42,"松浦市","御厨町狩原免"],"8590415":[42,"諫早市","多良見町山川内"],"8594741":[42,"松浦市","星鹿町北久保免"],"8590117":[42,"諫早市","高来町峰"],"8592602":[42,"南島原市","加津佐町戊"],"8590312":[42,"諫早市","西里町"],"8590124":[42,"諫早市","高来町里"],"8596105":[42,"佐世保市","江迎町梶ノ村"],"8590407":[42,"諫早市","多良見町シーサイド"],"8594516":[42,"松浦市","志佐町長野免"],"8595522":[42,"平戸市","神ノ川町"],"8596321":[42,"佐世保市","吉井町前岳"],"8590152":[42,"諫早市","小長井町大搦"],"8590406":[42,"諫早市","多良見町木床"],"8592305":[42,"南島原市","北有馬町戊"],"8591312":[42,"雲仙市","国見町土黒乙"],"8596412":[42,"佐世保市","世知原町西ノ岳"],"8596126":[42,"佐世保市","江迎町北平"],"8596415":[42,"佐世保市","世知原町槍巻"],"8593453":[42,"佐世保市","針尾西町"],"8591201":[42,"雲仙市","瑞穂町西郷庚"],"8593619":[42,"東彼杵郡川棚町","新谷郷"],"8596201":[42,"佐世保市","鹿町町大屋"],"8595153":[42,"平戸市","戸石川町"],"8594305":[42,"松浦市","鷹島町中通免"],"8590418":[42,"諫早市","多良見町佐瀬"],"8592501":[42,"南島原市","口之津町乙"],"8594803":[42,"平戸市","田平町小崎免"],"8591317":[42,"雲仙市","国見町土黒庚"],"8594521":[42,"松浦市","今福町北免"],"8590311":[42,"諫早市","小豆崎町"],"8595511":[42,"平戸市","神船町"],"8593164":[42,"佐世保市","心野町"],"8595704":[42,"平戸市","生月町山田免"],"8592202":[42,"南島原市","有家町山川"],"8595372":[42,"平戸市","高越町"],"8594304":[42,"松浦市","鷹島町里免"],"8591106":[42,"雲仙市","吾妻町大木場名"],"8591206":[42,"雲仙市","瑞穂町西郷辛"],"8593925":[42,"東彼杵郡東彼杵町","中岳郷"],"8595806":[42,"平戸市","大島村的山戸田"],"8591114":[42,"雲仙市","吾妻町川床名"],"8596111":[42,"佐世保市","江迎町飯良坂"],"8592214":[42,"南島原市","西有家町慈恩寺"],"8590102":[42,"諫早市","高来町折山"],"8594762":[42,"松浦市","御厨町小船免"],"8591301":[42,"雲仙市","国見町神代甲"],"8595152":[42,"平戸市","鏡川町"],"8593601":[42,"東彼杵郡川棚町","猪乗川内郷"],"8595371":[42,"平戸市","獅子町"],"8595114":[42,"平戸市","築地町"],"8596413":[42,"佐世保市","世知原町笥瀬"],"8595505":[42,"平戸市","敷佐町"],"8593803":[42,"東彼杵郡東彼杵町","菅無田郷"],"8590111":[42,"諫早市","高来町上与"],"8594773":[42,"松浦市","御厨町上登木免"],"8596311":[42,"佐世保市","吉井町橋川内"],"8592600":[42,"南島原市",""],"8594527":[42,"松浦市","今福町仏坂免"],"8593706":[42,"東彼杵郡波佐見町","三股郷"],"8593726":[42,"東彼杵郡波佐見町","稗木場郷"],"8593618":[42,"東彼杵郡川棚町","小串郷"],"8594501":[42,"松浦市","志佐町浦免"],"8593716":[42,"東彼杵郡波佐見町","田ノ頭郷"],"8594767":[42,"松浦市","御厨町川内免"],"8591325":[42,"雲仙市","国見町多比良戊"],"8595701":[42,"平戸市","生月町壱部"],"8595142":[42,"平戸市","主師町"],"8593607":[42,"東彼杵郡川棚町","城山町"],"8592504":[42,"南島原市","口之津町丙"],"8596323":[42,"佐世保市","吉井町春明"],"8593221":[42,"佐世保市","中原町"],"8594823":[42,"平戸市","田平町荻田免"],"8593811":[42,"東彼杵郡東彼杵町","大音琴郷"],"8594804":[42,"平戸市","田平町上亀免"],"8594755":[42,"松浦市","御厨町横久保免"],"8595527":[42,"平戸市","田代町"],"8590303":[42,"諫早市","高天町"],"8590413":[42,"諫早市","多良見町野副"],"8592302":[42,"南島原市","北有馬町乙"],"8591412":[42,"島原市","有明町大三東乙"],"8592201":[42,"南島原市","有家町久保"],"8596132":[42,"佐世保市","江迎町志戸氏"],"8590121":[42,"諫早市","高来町泉"],"8594506":[42,"松浦市","志佐町白浜免"],"8591102":[42,"雲仙市","吾妻町木場名"],"8593806":[42,"東彼杵郡東彼杵町","三根郷"],"8595514":[42,"平戸市","無代寺町"],"8594306":[42,"松浦市","鷹島町原免"],"8590123":[42,"諫早市","高来町小峰"],"8591311":[42,"雲仙市","国見町土黒甲"],"8595516":[42,"平戸市","大佐志町"],"8593163":[42,"佐世保市","横手町"],"8593215":[42,"佐世保市","早岐"],"8590313":[42,"諫早市","中田町"],"8592412":[42,"南島原市","南有馬町乙"],"8596403":[42,"佐世保市","世知原町上野原"],"8596203":[42,"佐世保市","鹿町町口ノ里"],"8593151":[42,"佐世保市","三川内本町"],"8592413":[42,"南島原市","南有馬町丙"],"8593608":[42,"東彼杵郡川棚町","栄町"],"8594778":[42,"松浦市","御厨町田代免"],"8596414":[42,"佐世保市","世知原町矢櫃"],"8593926":[42,"東彼杵郡東彼杵町","蕪郷"],"8591202":[42,"雲仙市","瑞穂町西郷甲"],"8591107":[42,"雲仙市","吾妻町牛口名"],"8591307":[42,"雲仙市","国見町神代庚"],"8595151":[42,"平戸市","木引町"],"8595707":[42,"平戸市","生月町御崎"],"8593203":[42,"佐世保市","陣の内町"],"8594763":[42,"松浦市","御厨町山根免"],"8595801":[42,"平戸市","大島村神浦"],"8594504":[42,"松浦市","志佐町栢木免"],"8592203":[42,"南島原市","有家町尾上"],"8590403":[42,"諫早市","多良見町市布"],"8592212":[42,"南島原市","西有家町須川"],"8591113":[42,"雲仙市","吾妻町布江名"],"8594824":[42,"平戸市","田平町小手田免"],"8595381":[42,"平戸市","根獅子町"],"8596404":[42,"佐世保市","世知原町太田"],"8593802":[42,"東彼杵郡東彼杵町","坂本郷"],"8596204":[42,"佐世保市","鹿町町下歌ヶ浦"],"8591116":[42,"雲仙市","吾妻町阿母名"],"8593222":[42,"佐世保市","広田町"],"8591402":[42,"島原市","有明町湯江乙"],"8594743":[42,"松浦市","星鹿町下田免"],"8590122":[42,"諫早市","高来町黒崎"],"8593808":[42,"東彼杵郡東彼杵町","蔵本郷"],"8593923":[42,"東彼杵郡東彼杵町","瀬戸郷"],"8594307":[42,"松浦市","鷹島町三里免"],"8593712":[42,"東彼杵郡波佐見町","中尾郷"],"8595501":[42,"平戸市","堤町"],"8596305":[42,"佐世保市","吉井町直谷"],"8594757":[42,"松浦市","御厨町高野免"],"8596313":[42,"佐世保市","吉井町上吉田"],"8593157":[42,"佐世保市","桑木場町"],"8591214":[42,"雲仙市","瑞穂町伊福乙"],"8590302":[42,"諫早市","正久寺町"],"8593722":[42,"東彼杵郡波佐見町","岳辺田郷"],"8596314":[42,"佐世保市","吉井町田原"],"8593234":[42,"佐世保市","長畑町"],"8592414":[42,"南島原市","南有馬町丁"],"8594517":[42,"松浦市","志佐町横辺田免"],"8594775":[42,"松浦市","御厨町郭公尾免"],"8594765":[42,"松浦市","御厨町米ノ山免"],"8594815":[42,"平戸市","田平町下寺免"],"8590116":[42,"諫早市","高来町平田"],"8596312":[42,"佐世保市","吉井町橋口"],"8590166":[42,"諫早市","小長井町井崎"],"8592111":[42,"南島原市","布津町甲"],"8591415":[42,"島原市","有明町大三東戊"],"8593702":[42,"東彼杵郡波佐見町","湯無田郷"],"8595373":[42,"平戸市","春日町"],"8593602":[42,"東彼杵郡川棚町","木場郷"],"8596133":[42,"佐世保市","江迎町猪調"],"8595361":[42,"平戸市","紐差町"],"8590417":[42,"諫早市","多良見町舟津"],"8593611":[42,"東彼杵郡川棚町","中山郷"],"8591403":[42,"島原市","有明町湯江丙"],"8595702":[42,"平戸市","生月町壱部浦"],"8596302":[42,"佐世保市","吉井町福井"],"8594533":[42,"松浦市","調川町上免"],"8594758":[42,"松浦市","御厨町大崎免"],"8590153":[42,"諫早市","小長井町大峰"],"8590133":[42,"諫早市","高来町東平原"],"8594308":[42,"松浦市","鷹島町船唐津免"],"8594532":[42,"松浦市","調川町中免"],"8595132":[42,"平戸市","川内町"],"8595515":[42,"平戸市","鮎川町"],"8591323":[42,"雲仙市","国見町多比良丙"],"8596112":[42,"佐世保市","江迎町根引"],"8595513":[42,"平戸市","辻町"],"8590314":[42,"諫早市","御手水町"],"8590145":[42,"諫早市","高来町山道"],"8591204":[42,"雲仙市","瑞穂町西郷丙"],"8596124":[42,"佐世保市","江迎町乱橋"],"8590103":[42,"諫早市","高来町古場"],"8591216":[42,"雲仙市","瑞穂町古部乙"],"8590414":[42,"諫早市","多良見町元釜"],"8593216":[42,"佐世保市","勝海町"],"8594802":[42,"平戸市","田平町福崎免"],"8594742":[42,"松浦市","星鹿町牟田免"],"8592211":[42,"南島原市","西有家町里坊"],"8596125":[42,"佐世保市","江迎町三浦"],"8595134":[42,"平戸市","水垂町"],"8590301":[42,"諫早市","長田町"],"8594811":[42,"平戸市","田平町古梶免"],"8591101":[42,"雲仙市","吾妻町本村名"],"8593805":[42,"東彼杵郡東彼杵町","川内郷"],"8596405":[42,"佐世保市","世知原町開作"],"8594771":[42,"松浦市","御厨町下登木免"],"8595703":[42,"平戸市","生月町里免"],"8593237":[42,"佐世保市","城間町"],"8594512":[42,"松浦市","志佐町笛吹免"],"8594756":[42,"松浦市","御厨町前田免"],"8595116":[42,"平戸市","職人町"],"8593235":[42,"佐世保市","宮津町"],"8592204":[42,"南島原市","有家町蒲河"],"8590307":[42,"諫早市","白木峰町"],"8593929":[42,"東彼杵郡東彼杵町","里郷"],"8595531":[42,"平戸市","早福町"],"8592415":[42,"南島原市","南有馬町戊"],"8593713":[42,"東彼杵郡波佐見町","鬼木郷"],"8594518":[42,"松浦市","志佐町池成免"],"8595706":[42,"平戸市","生月町南免"],"8594503":[42,"松浦市","志佐町高野免"],"8593723":[42,"東彼杵郡波佐見町","平野郷"],"8595502":[42,"平戸市","猪渡谷町"],"8596304":[42,"佐世保市","吉井町梶木場"],"8591414":[42,"島原市","有明町大三東丁"],"8593158":[42,"佐世保市","新替町"],"8593165":[42,"佐世保市","江永町"],"8596303":[42,"佐世保市","吉井町板樋"],"8594526":[42,"松浦市","今福町坂野免"],"8592304":[42,"南島原市","北有馬町丁"],"8590405":[42,"諫早市","多良見町中里"],"8591302":[42,"雲仙市","国見町神代乙"],"8594531":[42,"松浦市","調川町平尾免"],"8593812":[42,"東彼杵郡東彼杵町","小音琴郷"],"8593603":[42,"東彼杵郡川棚町","岩屋郷"],"8590113":[42,"諫早市","高来町下与"],"8590132":[42,"諫早市","高来町三部壱"],"8591322":[42,"雲仙市","国見町多比良乙"],"8593801":[42,"東彼杵郡東彼杵町","中尾郷"],"8595362":[42,"平戸市","木ケ津町"],"8596411":[42,"佐世保市","世知原町長田代"],"8595145":[42,"平戸市","古江町"],"8596301":[42,"佐世保市","吉井町草ノ尾"],"8591205":[42,"雲仙市","瑞穂町西郷丁"],"8590144":[42,"諫早市","高来町溝口"],"8596113":[42,"佐世保市","江迎町栗越"],"8595131":[42,"平戸市","大山町"],"8593703":[42,"東彼杵郡波佐見町","野々川郷"],"8592205":[42,"南島原市","有家町小川"],"8590315":[42,"諫早市","大場町"],"8595117":[42,"平戸市","魚の棚町"],"8591105":[42,"雲仙市","吾妻町田之平名"],"8595526":[42,"平戸市","西中山町"],"8593161":[42,"佐世保市","口の尾町"],"8593241":[42,"佐世保市","有福町"],"8596114":[42,"佐世保市","江迎町箙尾"],"8595804":[42,"平戸市","大島村大根坂"],"8592416":[42,"南島原市","南有馬町己"],"8592113":[42,"南島原市","布津町丙"],"8590101":[42,"諫早市","高来町大戸"],"8590411":[42,"諫早市","多良見町東園"],"8596122":[42,"佐世保市","江迎町七腕"],"8591211":[42,"雲仙市","瑞穂町西郷戊"],"8594301":[42,"松浦市","鷹島町阿翁浦免"],"8594761":[42,"松浦市","御厨町相坂免"],"8592122":[42,"南島原市","有家町大苑"],"8595374":[42,"平戸市","深川町"],"8594806":[42,"平戸市","田平町下亀免"],"8590126":[42,"諫早市","高来町法川"],"8596102":[42,"佐世保市","江迎町上川内"],"8594825":[42,"平戸市","田平町山内免"],"8591505":[42,"南島原市","深江町戊"],"8593614":[42,"東彼杵郡川棚町","中組郷"],"8590401":[42,"諫早市","多良見町化屋"],"8593232":[42,"佐世保市","萩坂町"],"8590151":[42,"諫早市","小長井町打越"],"8594524":[42,"松浦市","今福町木場免"],"8594511":[42,"松浦市","志佐町赤木免"],"8595384":[42,"平戸市","赤松町"],"8596205":[42,"佐世保市","鹿町町中野"],"8592215":[42,"南島原市","西有家町長野"],"8594535":[42,"松浦市","調川町松山田免"],"8593921":[42,"東彼杵郡東彼杵町","千綿宿郷"],"8591212":[42,"雲仙市","瑞穂町西郷己"],"8593700":[42,"東彼杵郡波佐見町",""],"8593714":[42,"東彼杵郡波佐見町","金屋郷"],"8595364":[42,"平戸市","迎紐差町"],"8596144":[42,"佐世保市","鹿町町鹿町"],"8595121":[42,"平戸市","岩の上町"],"8596406":[42,"佐世保市","世知原町木浦原"],"8593924":[42,"東彼杵郡東彼杵町","太ノ浦郷"],"8591305":[42,"雲仙市","国見町神代戊"],"8593613":[42,"東彼杵郡川棚町","上組郷"],"8594752":[42,"松浦市","御厨町里免"],"8590142":[42,"諫早市","高来町黒新田"],"8593932":[42,"東彼杵郡東彼杵町","遠目郷"],"8590112":[42,"諫早市","高来町小船津"],"8590161":[42,"諫早市","小長井町古場"],"8593615":[42,"東彼杵郡川棚町","下組郷"],"8594525":[42,"松浦市","今福町寺上免"],"8593223":[42,"佐世保市","広田"],"8596316":[42,"佐世保市","吉井町乙石尾"],"8594744":[42,"松浦市","星鹿町岳崎免"],"8592603":[42,"南島原市","加津佐町丁"],"8594302":[42,"松浦市","鷹島町阿翁免"],"8591504":[42,"南島原市","深江町丁"],"8593244":[42,"佐世保市","江上町"],"8594514":[42,"松浦市","志佐町柚木川内免"],"8596131":[42,"佐世保市","江迎町赤坂"],"8591316":[42,"雲仙市","国見町土黒己"],"8593225":[42,"佐世保市","浦川内町"],"8591308":[42,"雲仙市","国見町神代辛"],"8596115":[42,"佐世保市","江迎町中尾"],"8595805":[42,"平戸市","大島村的山川内"],"8593807":[42,"東彼杵郡東彼杵町","彼杵宿郷"],"8595532":[42,"平戸市","大志々伎町"],"8596121":[42,"佐世保市","江迎町奥川内"],"8590412":[42,"諫早市","多良見町西園"],"8592112":[42,"南島原市","布津町乙"],"8596207":[42,"佐世保市","鹿町町船ノ村"],"8593721":[42,"東彼杵郡波佐見町","川内郷"],"8591404":[42,"島原市","有明町湯江丁"],"8590127":[42,"諫早市","高来町町名"],"8591215":[42,"雲仙市","瑞穂町古部甲"],"8590131":[42,"諫早市","高来町神津倉"],"8590402":[42,"諫早市","多良見町囲"],"8592216":[42,"南島原市","西有家町龍石"],"8594507":[42,"松浦市","志佐町庄野免"],"8596145":[42,"佐世保市","鹿町町土肥ノ浦"],"8595375":[42,"平戸市","朶の原町"],"8594523":[42,"松浦市","今福町滑栄免"],"8593156":[42,"佐世保市","下の原町"],"8596123":[42,"佐世保市","江迎町小川内"],"8594826":[42,"平戸市","田平町野田免"],"8595123":[42,"平戸市","大野町"],"8595523":[42,"平戸市","前津吉町"],"8595143":[42,"平戸市","坊方町"],"8596206":[42,"佐世保市","鹿町町長串"],"8592301":[42,"南島原市","北有馬町甲"],"8593202":[42,"佐世保市","上原町"],"8593715":[42,"東彼杵郡波佐見町","宿郷"],"8594745":[42,"松浦市","星鹿町青島免"],"8590143":[42,"諫早市","高来町坂元"],"8593224":[42,"佐世保市","重尾町"],"8596315":[42,"佐世保市","吉井町下原"],"8593705":[42,"東彼杵郡波佐見町","永尾郷"],"8593612":[42,"東彼杵郡川棚町","五反田郷"],"8596407":[42,"佐世保市","世知原町北川内"],"8593233":[42,"佐世保市","奥山町"],"8596142":[42,"佐世保市","鹿町町深江"],"8596101":[42,"佐世保市","江迎町長坂"],"8590163":[42,"諫早市","小長井町田原"],"8594534":[42,"松浦市","調川町白井免"],"8593452":[42,"佐世保市","針尾中町"],"8593236":[42,"佐世保市","南風崎町"],"8590404":[42,"諫早市","多良見町西川内"],"8593166":[42,"佐世保市","木原町"],"8593155":[42,"佐世保市","三川内町"],"8590306":[42,"諫早市","白原町"],"8596141":[42,"佐世保市","鹿町町新深江"],"8595100":[42,"平戸市",""],"8594813":[42,"平戸市","田平町深月免"],"8594768":[42,"松浦市","御厨町西田免"],"8595118":[42,"平戸市","紺屋町"],"8595115":[42,"平戸市","新町"],"8592306":[42,"南島原市","北有馬町己"],"8593701":[42,"東彼杵郡波佐見町","折敷瀬郷"],"8594751":[42,"松浦市","御厨町池田免"],"8594309":[42,"松浦市","鷹島町黒島免"],"8595535":[42,"平戸市","野子町"],"8594827":[42,"平戸市","田平町横島免"],"8593931":[42,"東彼杵郡東彼杵町","木場郷"],"8593604":[42,"東彼杵郡川棚町","石木郷"],"8596104":[42,"佐世保市","江迎町末橘"],"8593211":[42,"佐世保市","早苗町"],"8595366":[42,"平戸市","宝亀町"],"8596134":[42,"佐世保市","江迎町田ノ元"],"8595533":[42,"平戸市","志々伎町"],"8590162":[42,"諫早市","小長井町新田原"],"8595102":[42,"平戸市","大久保町"],"8593201":[42,"佐世保市","平松町"],"8592121":[42,"南島原市","有家町石田"],"8592605":[42,"南島原市","加津佐町乙"],"8595376":[42,"平戸市","大石脇町"],"8594766":[42,"松浦市","御厨町普住免"],"8591304":[42,"雲仙市","国見町神代丁"],"8595383":[42,"平戸市","大川原町"],"8595524":[42,"平戸市","神上町"],"8591111":[42,"雲仙市","吾妻町馬場名"],"8596324":[42,"佐世保市","吉井町吉元"],"8595111":[42,"平戸市","浦の町"],"8594303":[42,"松浦市","鷹島町神崎免"],"8592604":[42,"南島原市","加津佐町丙"],"8590141":[42,"諫早市","高来町汲水"],"8593727":[42,"東彼杵郡波佐見町","皿山郷"],"8595122":[42,"平戸市","明の川内町"],"8594807":[42,"平戸市","田平町里免"],"8590106":[42,"諫早市","高来町冨地戸"],"8593927":[42,"東彼杵郡東彼杵町","駄地郷"],"8593204":[42,"佐世保市","若竹台町"],"8593212":[42,"佐世保市","花高"],"8590147":[42,"諫早市","高来町水ノ浦"],"8591411":[42,"島原市","有明町大三東甲"],"8592303":[42,"南島原市","北有馬町丙"],"8590154":[42,"諫早市","小長井町川内"],"8595802":[42,"平戸市","大島村前平"],"8594805":[42,"平戸市","田平町本山免"],"8596401":[42,"佐世保市","世知原町赤木場"],"8593152":[42,"佐世保市","新行江町"],"8595101":[42,"平戸市","度島町"],"8594769":[42,"松浦市","御厨町西木場免"],"8594754":[42,"松浦市","御厨町北平免"],"8594505":[42,"松浦市","志佐町西山免"],"8593922":[42,"東彼杵郡東彼杵町","八反田郷"],"8595504":[42,"平戸市","下中津良町"],"8593704":[42,"東彼杵郡波佐見町","小樽郷"],"8593243":[42,"佐世保市","ハウステンボス町"],"8590115":[42,"諫早市","高来町西尾"],"8592206":[42,"南島原市","有家町中須川"],"8592316":[42,"南島原市","南有馬町己"],"8596408":[42,"佐世保市","世知原町栗迎"],"8591315":[42,"雲仙市","国見町土黒戊"],"8593711":[42,"東彼杵郡波佐見町","井石郷"],"8593617":[42,"東彼杵郡川棚町","三越郷"],"8594814":[42,"平戸市","田平町以善免"],"8594821":[42,"平戸市","田平町大久保免"],"8595525":[42,"平戸市","東中山町"],"8591503":[42,"南島原市","深江町丙"],"8593451":[42,"佐世保市","針尾東町"],"8591203":[42,"雲仙市","瑞穂町西郷乙"],"8591501":[42,"南島原市","深江町甲"],"8591321":[42,"雲仙市","国見町多比良甲"],"8595112":[42,"平戸市","宮の町"],"8593928":[42,"東彼杵郡東彼杵町","平似田郷"],"8590305":[42,"諫早市","猿崎町"],"8590104":[42,"諫早市","高来町建山"],"8593605":[42,"東彼杵郡川棚町","百津郷"],"8594774":[42,"松浦市","御厨町立木免"],"8594776":[42,"松浦市","御厨町木場免"],"8590171":[42,"諫早市","高来町小江干拓"],"8592123":[42,"南島原市","有家町原尾"],"8591413":[42,"島原市","有明町大三東丙"],"8593809":[42,"東彼杵郡東彼杵町","口木田郷"],"8595512":[42,"平戸市","津吉町"],"8591104":[42,"雲仙市","吾妻町古城名"],"8591112":[42,"雲仙市","吾妻町栗林名"],"8592411":[42,"南島原市","南有馬町甲"],"8591502":[42,"南島原市","深江町乙"],"8593154":[42,"佐世保市","塩浸町"],"8596103":[42,"佐世保市","江迎町埋立"],"8596402":[42,"佐世保市","世知原町岩谷口"],"8591306":[42,"雲仙市","国見町神代己"],"8593213":[42,"佐世保市","権常寺町"],"8595103":[42,"平戸市","田助町"],"8592601":[42,"南島原市","加津佐町己"],"8595144":[42,"平戸市","下中野町"],"8592503":[42,"南島原市","口之津町丁"],"8590416":[42,"諫早市","多良見町野川内"],"8594772":[42,"松浦市","御厨町寺ノ尾免"],"8592606":[42,"南島原市","加津佐町甲"],"8590146":[42,"諫早市","高来町金崎"],"8594536":[42,"松浦市","調川町下免"],"8593800":[42,"東彼杵郡東彼杵町",""],"8593205":[42,"佐世保市","田の浦町"],"8595382":[42,"平戸市","飯良町"],"8596326":[42,"佐世保市","吉井町立石"],"8592502":[42,"南島原市","口之津町甲"],"8591324":[42,"雲仙市","国見町多比良丁"],"8596325":[42,"佐世保市","吉井町大渡"],"8594529":[42,"松浦市","今福町飛島免"],"8591213":[42,"雲仙市","瑞穂町伊福甲"],"8596143":[42,"佐世保市","鹿町町深江潟"],"8595363":[42,"平戸市","草積町"],"8593728":[42,"東彼杵郡波佐見町","村木郷"],"8590125":[42,"諫早市","高来町善住寺"],"8593242":[42,"佐世保市","指方町"],"8591303":[42,"雲仙市","国見町神代丙"],"8590114":[42,"諫早市","高来町西平原"],"8593804":[42,"東彼杵郡東彼杵町","法音寺郷"],"8594500":[42,"松浦市",""],"8593153":[42,"佐世保市","三川内新町"],"8593226":[42,"佐世保市","崎岡町"],"8594522":[42,"松浦市","今福町東免"],"8590165":[42,"諫早市","小長井町小川原浦"],"8595365":[42,"平戸市","木場町"],"8593616":[42,"東彼杵郡川棚町","白石郷"],"8596317":[42,"佐世保市","吉井町高峰"],"8596409":[42,"佐世保市","世知原町中通"],"8594777":[42,"松浦市","御厨町板橋免"],"8592213":[42,"南島原市","西有家町見岳"],"8591314":[42,"雲仙市","国見町土黒丁"],"8594513":[42,"松浦市","志佐町田ノ平免"],"8594822":[42,"平戸市","田平町一関免"],"8593162":[42,"佐世保市","吉福町"],"8595803":[42,"平戸市","大島村西宇戸"],"8594753":[42,"松浦市","御厨町中野免"],"8595521":[42,"平戸市","船木町"],"8596202":[42,"佐世保市","鹿町町上歌ヶ浦"],"8595534":[42,"平戸市","小田町"],"8593231":[42,"佐世保市","瀬道町"]}
