{"8410026":[41,"鳥栖市","本鳥栖町"],"8410063":[41,"鳥栖市","下野町"],"8410017":[41,"鳥栖市","田代大官町"],"8410200":[41,"三養基郡基山町",""],"8410041":[41,"鳥栖市","酒井東町"],"8410048":[41,"鳥栖市","藤木町"],"8410201":[41,"三養基郡基山町","小倉"],"8410023":[41,"鳥栖市","姫方町"],"8410089":[41,"鳥栖市","虹ケ丘町"],"8410024":[41,"鳥栖市","原町"],"8410067":[41,"鳥栖市","西田町"],"8410025":[41,"鳥栖市","曽根崎町"],"8410055":[41,"鳥栖市","養父町"],"8410002":[41,"鳥栖市","柚比町"],"8410051":[41,"鳥栖市","元町"],"8410085":[41,"鳥栖市","山都町"],"8410084":[41,"鳥栖市","山浦町"],"8410065":[41,"鳥栖市","前田町"],"8410031":[41,"鳥栖市","鎗田町"],"8410000":[41,"鳥栖市",""],"8410042":[41,"鳥栖市","酒井西町"],"8410047":[41,"鳥栖市","今泉町"],"8410083":[41,"鳥栖市","古賀町"],"8410021":[41,"鳥栖市","幡崎町"],"8410036":[41,"鳥栖市","秋葉町"],"8410018":[41,"鳥栖市","田代本町"],"8410064":[41,"鳥栖市","三島町"],"8410013":[41,"鳥栖市","田代新町"],"8410052":[41,"鳥栖市","宿町"],"8410053":[41,"鳥栖市","布津原町"],"8410043":[41,"鳥栖市","水屋町"],"8410015":[41,"鳥栖市","田代上町"],"8410022":[41,"鳥栖市","飯田町"],"8410044":[41,"鳥栖市","高田町"],"8410034":[41,"鳥栖市","京町"],"8410062":[41,"鳥栖市","幸津町"],"8410086":[41,"鳥栖市","牛原町"],"8410035":[41,"鳥栖市","東町"],"8410076":[41,"鳥栖市","平田町"],"8410033":[41,"鳥栖市","本通町"],"8410039":[41,"鳥栖市","土井町"],"8410046":[41,"鳥栖市","真木町"],"8410038":[41,"鳥栖市","古野町"],"8410003":[41,"鳥栖市","加藤田町"],"8410072":[41,"鳥栖市","村田町"],"8410082":[41,"鳥栖市","浅井町"],"8410014":[41,"鳥栖市","桜町"],"8410073":[41,"鳥栖市","江島町"],"8410004":[41,"鳥栖市","神辺町"],"8410016":[41,"鳥栖市","田代外町"],"8410011":[41,"鳥栖市","永吉町"],"8410027":[41,"鳥栖市","松原町"],"8410071":[41,"鳥栖市","原古賀町"],"8410045":[41,"鳥栖市","安楽寺町"],"8410204":[41,"三養基郡基山町","宮浦"],"8410087":[41,"鳥栖市","河内町"],"8410075":[41,"鳥栖市","立石町"],"8410056":[41,"鳥栖市","蔵上"],"8410001":[41,"鳥栖市","今町"],"8410205":[41,"三養基郡基山町","けやき台"],"8410012":[41,"鳥栖市","田代昌町"],"8410066":[41,"鳥栖市","儀徳町"],"8410074":[41,"鳥栖市","西新町"],"8410005":[41,"鳥栖市","弥生が丘"],"8410054":[41,"鳥栖市","蔵上町"],"8410081":[41,"鳥栖市","萱方町"],"8410068":[41,"鳥栖市","あさひ新町"],"8410037":[41,"鳥栖市","本町"],"8410032":[41,"鳥栖市","大正町"],"8410203":[41,"三養基郡基山町","園部"],"8410061":[41,"鳥栖市","轟木町"],"8410202":[41,"三養基郡基山町","長野"],"8410088":[41,"鳥栖市","桜ケ丘町"]}
