{"9594513":[15,"東蒲原郡阿賀町","大倉甲"],"9591871":[15,"五泉市","白山"],"9592413":[15,"新発田市","箱岩"],"9591942":[15,"阿賀野市","上坂町"],"9593907":[15,"村上市","府屋"],"9591837":[15,"五泉市","寺沢"],"9594407":[15,"東蒲原郡阿賀町","西"],"9591524":[15,"南蒲原郡田上町","横場新田"],"9591737":[15,"五泉市","新屋"],"9591347":[15,"加茂市","上高柳"],"9593941":[15,"村上市","碁石"],"9592052":[15,"阿賀野市","田中"],"9592422":[15,"新発田市","関妻"],"9592807":[15,"胎内市","黒川"],"9591745":[15,"五泉市","下戸倉"],"9591753":[15,"五泉市","笹野町"],"9591273":[15,"燕市","杉名"],"9591952":[15,"阿賀野市","下山屋"],"9593661":[15,"村上市","脇川"],"9591234":[15,"燕市","南"],"9592822":[15,"胎内市","夏井"],"9591824":[15,"五泉市","吉沢"],"9590141":[15,"長岡市","寺泊敦ケ曽根"],"9590137":[15,"燕市","源八新田"],"9591112":[15,"三条市","安代"],"9591502":[15,"南蒲原郡田上町","田上"],"9592708":[15,"胎内市","中村浜"],"9592012":[15,"阿賀野市","天神堂"],"9590165":[15,"長岡市","寺泊北曽根"],"9591634":[15,"五泉市","不動堂"],"9591933":[15,"阿賀野市","上小中山"],"9590232":[15,"燕市","吉田東栄町"],"9592432":[15,"新発田市","二本木"],"9592668":[15,"胎内市","弥彦岡"],"9591371":[15,"加茂市","穀町"],"9591814":[15,"五泉市","北五泉駅前"],"9592605":[15,"胎内市","江尻"],"9591322":[15,"加茂市","学校町"],"9593435":[15,"村上市","宿田"],"9592716":[15,"胎内市","中倉"],"9592523":[15,"新発田市","上中江"],"9594416":[15,"東蒲原郡阿賀町","田沢"],"9591143":[15,"三条市","泉新田"],"9592675":[15,"胎内市","船戸"],"9591853":[15,"五泉市","土深"],"9592465":[15,"新発田市","相馬"],"9590241":[15,"燕市","吉田神田町"],"9592325":[15,"新発田市","天王"],"9593444":[15,"村上市","南田中"],"9591631":[15,"五泉市","猿和田"],"9592526":[15,"新発田市","中妻"],"9591862":[15,"五泉市","旭町"],"9594626":[15,"東蒲原郡阿賀町","あが野南"],"9592644":[15,"胎内市","大川町"],"9593924":[15,"村上市","北黒川"],"9593415":[15,"村上市","大塚"],"9591723":[15,"五泉市","横渡"],"9592002":[15,"阿賀野市","下条"],"9594414":[15,"東蒲原郡阿賀町","福取"],"9590250":[15,"燕市","吉田矢作"],"9593251":[15,"岩船郡関川村","桂"],"9591921":[15,"阿賀野市","折居"],"9591286":[15,"燕市","小関"],"9593427":[15,"村上市","松沢"],"9593406":[15,"村上市","下助渕"],"9592338":[15,"新発田市","月岡温泉"],"9591222":[15,"燕市","次新"],"9591902":[15,"阿賀野市","飯山新"],"9591351":[15,"加茂市","仲町"],"9592656":[15,"胎内市","西本町"],"9592479":[15,"新発田市","金沢"],"9591963":[15,"阿賀野市","南沖山"],"9592022":[15,"阿賀野市","外城町"],"9590263":[15,"燕市","吉田"],"9592659":[15,"胎内市","あかね町"],"9591874":[15,"五泉市","横町"],"9592456":[15,"新発田市","下小松"],"9592142":[15,"阿賀野市","箸木免"],"9591904":[15,"阿賀野市","上西野"],"9592631":[15,"胎内市","表町"],"9592075":[15,"阿賀野市","東町"],"9591867":[15,"五泉市","大川前"],"9592301":[15,"新発田市","竹ケ花"],"9590246":[15,"燕市","吉田新町"],"9592724":[15,"胎内市","北成田"],"9591908":[15,"阿賀野市","上蔵野"],"9592502":[15,"新発田市","熊出"],"9590143":[15,"長岡市","寺泊高内"],"9593932":[15,"村上市","垣之内"],"9592133":[15,"阿賀野市","関屋"],"9592213":[15,"阿賀野市","小松"],"9593263":[15,"岩船郡関川村","高瀬"],"9593113":[15,"村上市","名割"],"9593933":[15,"村上市","下大鳥"],"9592123":[15,"阿賀野市","姥ケ橋"],"9594501":[15,"東蒲原郡阿賀町","九島"],"9591613":[15,"五泉市","小流"],"9592677":[15,"胎内市","下城塚"],"9591715":[15,"五泉市","夏針"],"9590113":[15,"燕市","笈ケ島"],"9594606":[15,"東蒲原郡阿賀町","五十沢"],"9592321":[15,"新発田市","池ノ端"],"9591200":[15,"燕市",""],"9592313":[15,"新発田市","藤掛"],"9590405":[15,"新潟市西蒲区","堀上新田"],"9592136":[15,"阿賀野市","京ケ瀬工業団地"],"9594511":[15,"東蒲原郡阿賀町","東山"],"9592222":[15,"阿賀野市","小浮"],"9590102":[15,"燕市","牧ケ花"],"9594612":[15,"東蒲原郡阿賀町","岡沢"],"9590112":[15,"燕市","熊森"],"9593921":[15,"村上市","荒川口"],"9592601":[15,"胎内市","桃崎浜"],"9594531":[15,"東蒲原郡阿賀町","日野川甲"],"9593905":[15,"村上市","堀ノ内"],"9594632":[15,"東蒲原郡阿賀町","石戸"],"9591604":[15,"五泉市","論瀬"],"9592047":[15,"阿賀野市","上中"],"9590415":[15,"新潟市西蒲区","大潟"],"9592045":[15,"阿賀野市","里"],"9592812":[15,"胎内市","小長谷"],"9591976":[15,"阿賀野市","船居"],"9591736":[15,"五泉市","山谷"],"9592455":[15,"新発田市","上小松"],"9591154":[15,"三条市","岩淵"],"9590236":[15,"燕市","吉田松岡町"],"9590119":[15,"燕市","分水大武"],"9591106":[15,"三条市","吉野屋"],"9590157":[15,"長岡市","寺泊鰐口"],"9591314":[15,"加茂市","番田"],"9594603":[15,"東蒲原郡阿賀町","新谷"],"9591928":[15,"阿賀野市","村杉"],"9593241":[15,"岩船郡関川村","大島"],"9590437":[15,"新潟市西蒲区","中島"],"9593103":[15,"村上市","荒島"],"9590217":[15,"燕市","吉田曙町"],"9594402":[15,"東蒲原郡阿賀町","津川"],"9591916":[15,"阿賀野市","小栗山"],"9591925":[15,"阿賀野市","真光寺ヴィレッジ"],"9591203":[15,"燕市","舘野"],"9590309":[15,"西蒲原郡弥彦村","峰見"],"9592411":[15,"新発田市","横岡"],"9591334":[15,"加茂市","狭口"],"9590266":[15,"燕市","吉田文京町"],"9593208":[15,"岩船郡関川村","田麦千刈"],"9591954":[15,"阿賀野市","蒔田"],"9591378":[15,"加茂市","駅前"],"9592323":[15,"新発田市","乙次"],"9593914":[15,"村上市","小俣"],"9590215":[15,"燕市","吉田下中野"],"9593212":[15,"岩船郡関川村","若山"],"9591114":[15,"三条市","高安寺"],"9591111":[15,"三条市","茅原"],"9591974":[15,"阿賀野市","榎"],"9592801":[15,"胎内市","近江新"],"9592528":[15,"新発田市","東宮内"],"9590163":[15,"長岡市","寺泊新長"],"9594303":[15,"東蒲原郡阿賀町","日出谷"],"9590203":[15,"燕市","小島"],"9591734":[15,"五泉市","大原"],"9592106":[15,"阿賀野市","法柳"],"9592666":[15,"胎内市","新舘"],"9590135":[15,"燕市","渡部"],"9592072":[15,"阿賀野市","西岡"],"9592000":[15,"阿賀野市",""],"9593271":[15,"岩船郡関川村","辰田新"],"9592706":[15,"胎内市","山王"],"9591767":[15,"五泉市","新田町"],"9592513":[15,"新発田市","繁山"],"9593262":[15,"岩船郡関川村","沢"],"9594535":[15,"東蒲原郡阿賀町","神谷甲"],"9592617":[15,"胎内市","高野村新田"],"9592434":[15,"新発田市","押廻"],"9591353":[15,"加茂市","五番町"],"9591602":[15,"五泉市","高山"],"9591842":[15,"五泉市","能代"],"9591385":[15,"加茂市","大郷町"],"9590244":[15,"燕市","吉田中町"],"9591276":[15,"燕市","小池"],"9592056":[15,"阿賀野市","牧島"],"9590518":[15,"新潟市西蒲区","南"],"9592043":[15,"阿賀野市","大野地"],"9594502":[15,"東蒲原郡阿賀町","小出"],"9592311":[15,"新発田市","荒町"],"9593201":[15,"岩船郡関川村","朴坂"],"9591704":[15,"五泉市","村松甲"],"9593948":[15,"村上市","上大蔵"],"9590154":[15,"長岡市","寺泊五分一"],"9590513":[15,"新潟市西蒲区","茨島"],"9592623":[15,"胎内市","仁谷野"],"9590255":[15,"燕市","吉田弥生町"],"9590145":[15,"長岡市","寺泊平野新村新田"],"9592054":[15,"阿賀野市","越御堂"],"9593433":[15,"村上市","川部"],"9590252":[15,"燕市","吉田学校町"],"9592661":[15,"胎内市","赤川"],"9593404":[15,"村上市","山屋"],"9591382":[15,"加茂市","栄町"],"9592451":[15,"新発田市","下中"],"9592131":[15,"阿賀野市","月崎"],"9591145":[15,"三条市","福島新田丙"],"9591354":[15,"加茂市","新町"],"9591324":[15,"加茂市","赤谷"],"9591918":[15,"阿賀野市","笹岡"],"9591801":[15,"五泉市","羽下"],"9590417":[15,"新潟市西蒲区","大関"],"9593237":[15,"岩船郡関川村","金俣"],"9591713":[15,"五泉市","水戸野"],"9592006":[15,"阿賀野市","みそら野町"],"9593224":[15,"岩船郡関川村","聞出"],"9593125":[15,"村上市","荒川縁新田"],"9592034":[15,"阿賀野市","緑町"],"9592144":[15,"阿賀野市","清野"],"9591936":[15,"阿賀野市","十二神"],"9591281":[15,"燕市","桜町"],"9594601":[15,"東蒲原郡阿賀町","綱木"],"9593101":[15,"村上市","花立"],"9592663":[15,"胎内市","草野"],"9592603":[15,"胎内市","菅田"],"9590121":[15,"燕市","地蔵堂"],"9591104":[15,"三条市","東光寺"],"9590314":[15,"西蒲原郡弥彦村","山岸"],"9591312":[15,"加茂市","石川"],"9590436":[15,"新潟市西蒲区","西汰上"],"9592824":[15,"胎内市","宮久"],"9591851":[15,"五泉市","五泉"],"9590208":[15,"燕市","大保"],"9591305":[15,"加茂市","砂押新田"],"9594533":[15,"東蒲原郡阿賀町","神谷丙"],"9591855":[15,"五泉市","小熊"],"9592117":[15,"阿賀野市","下黒瀬"],"9591155":[15,"三条市","福島新田丁"],"9591212":[15,"燕市","大船渡"],"9592134":[15,"阿賀野市","小河原"],"9592082":[15,"阿賀野市","切梅新田"],"9591864":[15,"五泉市","郷屋川"],"9593257":[15,"岩船郡関川村","上野山"],"9592473":[15,"新発田市","金山"],"9590313":[15,"西蒲原郡弥彦村","山崎"],"9590228":[15,"燕市","高木"],"9591271":[15,"燕市","蔵関"],"9593917":[15,"村上市","山熊田"],"9594633":[15,"東蒲原郡阿賀町","長谷"],"9592049":[15,"阿賀野市","深町"],"9593222":[15,"岩船郡関川村","荒川台"],"9590425":[15,"新潟市西蒲区","押付"],"9593133":[15,"村上市","山口"],"9593432":[15,"村上市","葛籠山"],"9591387":[15,"加茂市","高須町"],"9591241":[15,"燕市","小高"],"9593123":[15,"村上市","中倉"],"9591135":[15,"三条市","鬼木"],"9591968":[15,"阿賀野市","榎船渡"],"9590501":[15,"新潟市西蒲区","井随"],"9591377":[15,"加茂市","岡ノ町"],"9590407":[15,"新潟市西蒲区","旗屋村受"],"9591345":[15,"加茂市","中大谷"],"9591965":[15,"阿賀野市","島田"],"9591751":[15,"五泉市","中名沢"],"9591302":[15,"加茂市","五反田"],"9594418":[15,"東蒲原郡阿賀町","野村"],"9590261":[15,"燕市","吉田鴻巣"],"9592063":[15,"阿賀野市","土橋"],"9591802":[15,"五泉市","下新"],"9592815":[15,"胎内市","持倉"],"9591911":[15,"阿賀野市","長起"],"9591865":[15,"五泉市","本町"],"9591623":[15,"五泉市","大谷"],"9591744":[15,"五泉市","上大蒲原"],"9591103":[15,"三条市","福島新田戊"],"9590234":[15,"燕市","吉田水道町"],"9592641":[15,"胎内市","若松町"],"9591956":[15,"阿賀野市","須走"],"9591822":[15,"五泉市","緑町"],"9593925":[15,"村上市","大沢"],"9592065":[15,"阿賀野市","小境"],"9591821":[15,"五泉市","赤海"],"9592225":[15,"阿賀野市","嶋瀬"],"9591765":[15,"五泉市","愛宕"],"9592622":[15,"胎内市","追分"],"9592722":[15,"胎内市","竹島"],"9592506":[15,"新発田市","横山"],"9591363":[15,"加茂市","芝野"],"9592671":[15,"胎内市","東川内"],"9590161":[15,"長岡市","寺泊竹森"],"9594410":[15,"東蒲原郡阿賀町","大牧"],"9591739":[15,"五泉市","村松工業団地"],"9590422":[15,"新潟市西蒲区","曽根"],"9592141":[15,"阿賀野市","七島"],"9592517":[15,"新発田市","麓"],"9591644":[15,"五泉市","東四ツ屋"],"9591116":[15,"三条市","前谷内"],"9591264":[15,"燕市","八王寺"],"9591300":[15,"加茂市",""],"9593214":[15,"岩船郡関川村","上野新"],"9592148":[15,"阿賀野市","嘉瀬島"],"9591313":[15,"加茂市","幸町"],"9591331":[15,"加茂市","皆川"],"9592116":[15,"阿賀野市","上黒瀬"],"9592135":[15,"阿賀野市","下里"],"9592442":[15,"新発田市","茗荷谷"],"9591327":[15,"加茂市","千刈"],"9591152":[15,"三条市","一ツ屋敷新田"],"9591711":[15,"五泉市","川内"],"9594636":[15,"東蒲原郡阿賀町","石間"],"9592627":[15,"胎内市","野中"],"9594618":[15,"東蒲原郡阿賀町","川口"],"9590434":[15,"新潟市西蒲区","天竺堂"],"9594404":[15,"東蒲原郡阿賀町","広沢"],"9593256":[15,"岩船郡関川村","小見"],"9593448":[15,"村上市","潟端"],"9590521":[15,"新潟市西蒲区","鎧潟"],"9592303":[15,"新発田市","切梅"],"9590126":[15,"燕市","野中才"],"9592806":[15,"胎内市","下赤谷"],"9592814":[15,"胎内市","黒俣"],"9591805":[15,"五泉市","船越"],"9592461":[15,"新発田市","大野"],"9591512":[15,"南蒲原郡田上町","羽生田"],"9590152":[15,"長岡市","寺泊下桐"],"9592477":[15,"新発田市","下小中山"],"9593437":[15,"村上市","福田"],"9591733":[15,"五泉市","安出"],"9592312":[15,"新発田市","太斎"],"9591714":[15,"五泉市","仙見谷"],"9590131":[15,"燕市","泉新"],"9593902":[15,"村上市","中浜"],"9592329":[15,"新発田市","中ノ目新田"],"9592074":[15,"阿賀野市","分田"],"9591101":[15,"三条市","福島新田甲"],"9592803":[15,"胎内市","蔵王"],"9593205":[15,"岩船郡関川村","上新保"],"9593421":[15,"村上市","桃川"],"9594523":[15,"東蒲原郡阿賀町","三宝分丙"],"9593945":[15,"村上市","間瀬"],"9593203":[15,"岩船郡関川村","南中"],"9592102":[15,"阿賀野市","五郎巻"],"9593401":[15,"村上市","七湊"],"9594602":[15,"東蒲原郡阿賀町","古岐"],"9591288":[15,"燕市","燕"],"9593913":[15,"村上市","岩石"],"9592124":[15,"阿賀野市","下ノ橋"],"9592652":[15,"胎内市","協和町"],"9590243":[15,"燕市","吉田松岡新田"],"9590516":[15,"新潟市西蒲区","国見"],"9592061":[15,"阿賀野市","荒屋"],"9593227":[15,"岩船郡関川村","八ツ口"],"9591929":[15,"阿賀野市","大日"],"9590118":[15,"燕市","分水向山"],"9592037":[15,"阿賀野市","百津"],"9592475":[15,"新発田市","寺尾"],"9592437":[15,"新発田市","高山寺"],"9593653":[15,"村上市","寒川"],"9592146":[15,"阿賀野市","小島"],"9593253":[15,"岩船郡関川村","平内新"],"9593442":[15,"村上市","長松"],"9591214":[15,"燕市","新生町"],"9590412":[15,"新潟市西蒲区","桑山"],"9591500":[15,"南蒲原郡田上町",""],"9592635":[15,"胎内市","つつじが丘"],"9590134":[15,"燕市","真木山"],"9591749":[15,"五泉市","上野"],"9591944":[15,"阿賀野市","金屋"],"9591846":[15,"五泉市","尻上"],"9592305":[15,"新発田市","戸板沢"],"9590212":[15,"燕市","富永十兵衛新田"],"9591831":[15,"五泉市","曙町"],"9592452":[15,"新発田市","上館"],"9590115":[15,"燕市","分水学校町"],"9591844":[15,"五泉市","西四ツ屋"],"9592646":[15,"胎内市","西栄町"],"9590108":[15,"燕市","太田"],"9593666":[15,"村上市","浜新保"],"9592431":[15,"新発田市","釜杭"],"9592615":[15,"胎内市","横道"],"9593244":[15,"岩船郡関川村","山本"],"9590156":[15,"長岡市","寺泊木島"],"9590515":[15,"新潟市西蒲区","今井"],"9592408":[15,"新発田市","吉田"],"9593928":[15,"村上市","中津原"],"9590311":[15,"西蒲原郡弥彦村","井田"],"9594301":[15,"東蒲原郡阿賀町","向鹿瀬"],"9591133":[15,"三条市","中曽根新田"],"9592655":[15,"胎内市","本郷"],"9591277":[15,"燕市","物流センター"],"9592609":[15,"胎内市","荒井浜"],"9591375":[15,"加茂市","小橋"],"9591932":[15,"阿賀野市","上山田"],"9591226":[15,"燕市","小牧"],"9592335":[15,"新発田市","本田"],"9592112":[15,"阿賀野市","曽郷"],"9593232":[15,"岩船郡関川村","蔵田島"],"9593235":[15,"岩船郡関川村","安角"],"9591726":[15,"五泉市","上杉川"],"9591521":[15,"南蒲原郡田上町","石田新田"],"9592618":[15,"胎内市","高野"],"9593412":[15,"村上市","指合"],"9592334":[15,"新発田市","月岡"],"9590301":[15,"西蒲原郡弥彦村","えび穴"],"9591124":[15,"三条市","千把野新田"],"9591108":[15,"三条市","北潟"],"9591706":[15,"五泉市","村松丙"],"9592512":[15,"新発田市","小出"],"9592701":[15,"胎内市","笹口浜"],"9590503":[15,"新潟市西蒲区","山口新田"],"9592415":[15,"新発田市","住田"],"9591641":[15,"五泉市","赤羽"],"9593919":[15,"村上市","塔下"],"9591342":[15,"加茂市","上土倉"],"9593425":[15,"村上市","山田"],"9594538":[15,"東蒲原郡阿賀町","日野川丙"],"9591522":[15,"南蒲原郡田上町","千苅新田"],"9591923":[15,"阿賀野市","勝屋"],"9592014":[15,"阿賀野市","北園町"],"9591232":[15,"燕市","井土巻"],"9591958":[15,"阿賀野市","野村"],"9593449":[15,"村上市","岩船駅前"],"9591951":[15,"阿賀野市","下福岡"],"9591833":[15,"五泉市","五十嵐新田"],"9590251":[15,"燕市","吉田本所"],"9594406":[15,"東蒲原郡阿賀町","雲和田"],"9593943":[15,"村上市","下大蔵"],"9591636":[15,"五泉市","大蔵"],"9591275":[15,"燕市","小池新町"],"9591262":[15,"燕市","水道町"],"9592214":[15,"阿賀野市","草水"],"9591625":[15,"五泉市","切畑"],"9590305":[15,"西蒲原郡弥彦村","矢作"],"9591964":[15,"阿賀野市","沖"],"9590507":[15,"新潟市西蒲区","卯八郎受"],"9590104":[15,"燕市","分水弥生町"],"9594622":[15,"東蒲原郡阿賀町","白崎"],"9590128":[15,"燕市","分水新町"],"9593114":[15,"村上市","南新保"],"9594400":[15,"東蒲原郡阿賀町",""],"9593117":[15,"村上市","海老江"],"9591118":[15,"三条市","山王"],"9592203":[15,"阿賀野市","丸山"],"9591763":[15,"五泉市","熊野堂"],"9593216":[15,"岩船郡関川村","上野原"],"9592114":[15,"阿賀野市","城"],"9591875":[15,"五泉市","馬場町"],"9592327":[15,"新発田市","福島"],"9591357":[15,"加茂市","桜沢"],"9592624":[15,"胎内市","羽黒"],"9594507":[15,"東蒲原郡阿賀町","両郷甲"],"9593104":[15,"村上市","春木山"],"9593131":[15,"村上市","藤沢"],"9593413":[15,"村上市","小出"],"9591742":[15,"五泉市","寺田"],"9593904":[15,"村上市","温出"],"9594611":[15,"東蒲原郡阿賀町","中ノ沢"],"9590248":[15,"燕市","吉田浜首"],"9591758":[15,"五泉市","城下"],"9593423":[15,"村上市","九日市"],"9592315":[15,"新発田市","小坂"],"9591938":[15,"阿賀野市","貝喰"],"9590257":[15,"燕市","吉田幸町"],"9592504":[15,"新発田市","上寺内"],"9591333":[15,"加茂市","八幡"],"9594412":[15,"東蒲原郡阿賀町","花立"],"9592468":[15,"新発田市","中俵"],"9592821":[15,"胎内市","坪穴"],"9592665":[15,"胎内市","大塚"],"9592086":[15,"阿賀野市","新座"],"9591854":[15,"五泉市","丸田"],"9592032":[15,"阿賀野市","学校町"],"9591913":[15,"阿賀野市","沢口"],"9591718":[15,"五泉市","下阿弥陀瀬"],"9591206":[15,"燕市","関崎"],"9593207":[15,"岩船郡関川村","蕨野"],"9591514":[15,"南蒲原郡田上町","坂田"],"9591905":[15,"阿賀野市","滝沢"],"9592015":[15,"阿賀野市","北本町"],"9592026":[15,"阿賀野市","下条町"],"9594504":[15,"東蒲原郡阿賀町","豊川丙"],"9591306":[15,"加茂市","鵜森"],"9591131":[15,"三条市","芹山"],"9590124":[15,"燕市","五千石"],"9594441":[15,"東蒲原郡阿賀町","払川"],"9591381":[15,"加茂市","新栄町"],"9591622":[15,"五泉市","小栗山"],"9592607":[15,"胎内市","地本"],"9592041":[15,"阿賀野市","原"],"9592051":[15,"阿賀野市","七石"],"9592433":[15,"新発田市","古川"],"9591732":[15,"五泉市","中島"],"9592633":[15,"胎内市","関沢"],"9591708":[15,"五泉市","上木越"],"9593915":[15,"村上市","大代"],"9591946":[15,"阿賀野市","押切"],"9590206":[15,"燕市","米納津"],"9591756":[15,"五泉市","刈羽"],"9593663":[15,"村上市","板貝"],"9592629":[15,"胎内市","中条"],"9591346":[15,"加茂市","下高柳"],"9593106":[15,"村上市","切田"],"9592826":[15,"胎内市","鼓岡"],"9593246":[15,"岩船郡関川村","上土沢"],"9591934":[15,"阿賀野市","七浦"],"9594608":[15,"東蒲原郡阿賀町","小花地"],"9592648":[15,"胎内市","住吉町"],"9591228":[15,"燕市","佐渡"],"9591316":[15,"加茂市","山島新田"],"9592637":[15,"胎内市","長橋"],"9592417":[15,"新発田市","下西山"],"9590264":[15,"燕市","吉田"],"9590505":[15,"新潟市西蒲区","三方"],"9591372":[15,"加茂市","本町"],"9593935":[15,"村上市","北田中"],"9591615":[15,"五泉市","佐取"],"9592217":[15,"阿賀野市","新保"],"9590414":[15,"新潟市西蒲区","兵右衛門新田"],"9590224":[15,"燕市","野本"],"9593652":[15,"村上市","越沢"],"9592674":[15,"胎内市","小舟戸"],"9592143":[15,"阿賀野市","川前"],"9590307":[15,"西蒲原郡弥彦村","川崎"],"9591910":[15,"阿賀野市","向中ノ通"],"9590172":[15,"燕市","溝"],"9591311":[15,"加茂市","加茂新田"],"9592522":[15,"新発田市","北中江"],"9590403":[15,"新潟市西蒲区","貝柄"],"9591216":[15,"燕市","二階堂"],"9591978":[15,"阿賀野市","川岡"],"9590303":[15,"西蒲原郡弥彦村","平野"],"9592083":[15,"阿賀野市","熊居新田"],"9594409":[15,"東蒲原郡阿賀町","京ノ瀬"],"9591122":[15,"三条市","栄荻島"],"9592604":[15,"胎内市","大出"],"9590322":[15,"西蒲原郡弥彦村","走出"],"9590316":[15,"西蒲原郡弥彦村","村山"],"9590222":[15,"燕市","下粟生津"],"9591949":[15,"阿賀野市","川崎"],"9591221":[15,"燕市","花園町"],"9592406":[15,"新発田市","稲荷"],"9591806":[15,"五泉市","猿橋"],"9592403":[15,"新発田市","塚田"],"9590148":[15,"長岡市","寺泊矢田"],"9590431":[15,"新潟市西蒲区","平野"],"9592201":[15,"阿賀野市","羽多屋"],"9592515":[15,"新発田市","中川"],"9591961":[15,"阿賀野市","山倉"],"9591224":[15,"燕市","四ツ屋"],"9592613":[15,"胎内市","平木田駅前"],"9592126":[15,"阿賀野市","窪川原"],"9593273":[15,"岩船郡関川村","勝蔵"],"9592332":[15,"新発田市","万代"],"9591834":[15,"五泉市","木越"],"9592445":[15,"新発田市","館野小路"],"9591856":[15,"五泉市","山崎"],"9591136":[15,"三条市","川通中町"],"9590435":[15,"新潟市西蒲区","真田"],"9590253":[15,"燕市","吉田下町"],"9592302":[15,"新発田市","二ツ堂"],"9592381":[15,"新発田市","滝沢"],"9591204":[15,"燕市","長所"],"9593651":[15,"村上市","芦谷"],"9592024":[15,"阿賀野市","中島"],"9593126":[15,"村上市","鳥屋"],"9592033":[15,"阿賀野市","百津町"],"9591903":[15,"阿賀野市","藤屋"],"9591909":[15,"阿賀野市","上高関"],"9592005":[15,"阿賀野市","山口町"],"9591261":[15,"燕市","秋葉町"],"9592632":[15,"胎内市","新栄町"],"9593112":[15,"村上市","中野"],"9592021":[15,"阿賀野市","中央町"],"9591156":[15,"三条市","福島新田"],"9590122":[15,"燕市","大武新田"],"9592221":[15,"阿賀野市","保田"],"9592145":[15,"阿賀野市","寺社新"],"9593236":[15,"岩船郡関川村","大石"],"9591707":[15,"五泉市","村松"],"9590114":[15,"燕市","一ノ山"],"9591614":[15,"五泉市","馬下"],"9592516":[15,"新発田市","下石川"],"9591153":[15,"三条市","新堀"],"9592322":[15,"新発田市","下中ノ目"],"9593111":[15,"村上市","長政"],"9592478":[15,"新発田市","下坂町"],"9592503":[15,"新発田市","下中山"],"9591304":[15,"加茂市","前須田"],"9593942":[15,"村上市","勝木"],"9592212":[15,"阿賀野市","久保"],"9592676":[15,"胎内市","上城塚"],"9594614":[15,"東蒲原郡阿賀町","五十島"],"9591966":[15,"阿賀野市","塚田"],"9591848":[15,"五泉市","橋田"],"9590237":[15,"燕市","吉田堤町"],"9591113":[15,"三条市","大面"],"9590438":[15,"新潟市西蒲区","下山"],"9592628":[15,"胎内市","二葉町"],"9594304":[15,"東蒲原郡阿賀町","豊実"],"9593934":[15,"村上市","上大鳥"],"9592211":[15,"阿賀野市","沢田"],"9593228":[15,"岩船郡関川村","金丸"],"9592811":[15,"胎内市","鍬江"],"9592046":[15,"阿賀野市","庄ケ宮"],"9592471":[15,"新発田市","小国谷"],"9592414":[15,"新発田市","下山田"],"9590267":[15,"燕市","吉田宮小路"],"9592658":[15,"胎内市","西条"],"9592454":[15,"新発田市","早道場"],"9591927":[15,"阿賀野市","今板"],"9593274":[15,"岩船郡関川村","南赤谷"],"9591107":[15,"三条市","矢田"],"9591337":[15,"加茂市","西山"],"9591841":[15,"五泉市","二ツ柳"],"9593102":[15,"村上市","貝附"],"9591748":[15,"五泉市","牧"],"9594605":[15,"東蒲原郡阿賀町","細越"],"9590416":[15,"新潟市西蒲区","浦村"],"9590262":[15,"燕市","吉田若生町"],"9590182":[15,"燕市","中諏訪"],"9592204":[15,"阿賀野市","福永"],"9591754":[15,"五泉市","中野橋"],"9592331":[15,"新発田市","下飯塚"],"9592441":[15,"新発田市","金津"],"9591953":[15,"阿賀野市","発久"],"9593426":[15,"村上市","岩野沢"],"9591525":[15,"南蒲原郡田上町","曽根新田"],"9591603":[15,"五泉市","荻野島"],"9591915":[15,"阿賀野市","上一分"],"9591924":[15,"阿賀野市","畑江"],"9592053":[15,"阿賀野市","境新"],"9594302":[15,"東蒲原郡阿賀町","鹿瀬"],"9590308":[15,"西蒲原郡弥彦村","大戸"],"9592643":[15,"胎内市","東本町"],"9591812":[15,"五泉市","水島町"],"9594515":[15,"東蒲原郡阿賀町","七名甲"],"9592464":[15,"新発田市","金塚"],"9593259":[15,"岩船郡関川村","松平"],"9592808":[15,"胎内市","東牧"],"9591272":[15,"燕市","杉柳"],"9591872":[15,"五泉市","宮町"],"9591914":[15,"阿賀野市","女堂"],"9592412":[15,"新発田市","平山"],"9591632":[15,"五泉市","中川新"],"9591947":[15,"阿賀野市","宮下"],"9594413":[15,"東蒲原郡阿賀町","倉ノ平"],"9590138":[15,"燕市","幕島"],"9592011":[15,"阿賀野市","千原"],"9591325":[15,"加茂市","神明町"],"9592705":[15,"胎内市","鴻ノ巣"],"9593446":[15,"村上市","小口川"],"9590231":[15,"燕市","吉田日之出町"],"9593258":[15,"岩船郡関川村","滝原"],"9591352":[15,"加茂市","上町"],"9594512":[15,"東蒲原郡阿賀町","大倉乙"],"9593223":[15,"岩船郡関川村","大内淵"],"9590426":[15,"新潟市西蒲区","矢島"],"9594536":[15,"東蒲原郡阿賀町","広谷甲"],"9591703":[15,"五泉市","矢津"],"9592435":[15,"新発田市","川尻"],"9593417":[15,"村上市","河内"],"9591761":[15,"五泉市","本田屋"],"9591973":[15,"阿賀野市","上高田"],"9594625":[15,"東蒲原郡阿賀町","吉津"],"9590511":[15,"新潟市西蒲区","大原"],"9592669":[15,"胎内市","塩津"],"9592616":[15,"胎内市","土作"],"9593906":[15,"村上市","大谷沢"],"9593443":[15,"村上市","北新保"],"9591323":[15,"加茂市","都ケ丘"],"9591361":[15,"加茂市","下条"],"9592326":[15,"新発田市","三ツ椡"],"9592611":[15,"胎内市","山屋"],"9593434":[15,"村上市","小岩内"],"9593947":[15,"村上市","鵜泊"],"9591843":[15,"五泉市","町屋"],"9592651":[15,"胎内市","西条町"],"9592404":[15,"新発田市","下城"],"9591836":[15,"五泉市","南本町"],"9592001":[15,"阿賀野市","沖通"],"9592085":[15,"阿賀野市","山本新"],"9591383":[15,"加茂市","旭町"],"9592524":[15,"新発田市","下中江"],"9591941":[15,"阿賀野市","羽黒"],"9591722":[15,"五泉市","松野"],"9592130":[15,"阿賀野市","六日野"],"9594415":[15,"東蒲原郡阿賀町","八ツ田"],"9593424":[15,"村上市","牧目"],"9591901":[15,"阿賀野市","中ノ通"],"9592107":[15,"阿賀野市","深堀"],"9593923":[15,"村上市","荒川"],"9592713":[15,"胎内市","築地新"],"9591863":[15,"五泉市","東本町"],"9593264":[15,"岩船郡関川村","上関"],"9593124":[15,"村上市","金屋"],"9592673":[15,"胎内市","寅田"],"9591335":[15,"加茂市","長谷"],"9592081":[15,"阿賀野市","上江端"],"9591917":[15,"阿賀野市","堤"],"9590318":[15,"西蒲原郡弥彦村","麓"],"9593234":[15,"岩船郡関川村","鮖谷"],"9590315":[15,"西蒲原郡弥彦村","麓村新田"],"9591315":[15,"加茂市","天神林"],"9592007":[15,"阿賀野市","山口"],"9593441":[15,"村上市","塩谷"],"9591134":[15,"三条市","鬼木新田"],"9590101":[15,"燕市","佐善"],"9592602":[15,"胎内市","乙"],"9592634":[15,"胎内市","小牧台"],"9593225":[15,"岩船郡関川村","沼"],"9591287":[15,"燕市","大関"],"9591716":[15,"五泉市","熊沢"],"9592645":[15,"胎内市","本町"],"9591724":[15,"五泉市","笹目"],"9590433":[15,"新潟市西蒲区","槇島"],"9590312":[15,"西蒲原郡弥彦村","中山"],"9590146":[15,"長岡市","寺泊田尻"],"9591725":[15,"五泉市","小面谷"],"9592314":[15,"新発田市","赤橋"],"9592132":[15,"阿賀野市","前山"],"9591280":[15,"燕市","花見"],"9591201":[15,"燕市","灰方"],"9594408":[15,"東蒲原郡阿賀町","赤岩"],"9592044":[15,"阿賀野市","金沢"],"9592525":[15,"新発田市","中倉"],"9591709":[15,"五泉市","木越荒屋"],"9591211":[15,"燕市","小中川"],"9590402":[15,"新潟市西蒲区","三角野新田"],"9593931":[15,"村上市","長坂"],"9590227":[15,"燕市","粟生津"],"9590130":[15,"燕市","分水桜町"],"9590411":[15,"新潟市西蒲区","善光寺"],"9590142":[15,"長岡市","寺泊万善寺"],"9592505":[15,"新発田市","下寺内"],"9593431":[15,"村上市","平林"],"9592223":[15,"阿賀野市","布目"],"9592048":[15,"阿賀野市","上中野目"],"9592802":[15,"胎内市","切田"],"9591501":[15,"南蒲原郡田上町","湯川"],"9592401":[15,"新発田市","湖南"],"9594417":[15,"東蒲原郡阿賀町","八木山"],"9593132":[15,"村上市","坂町"],"9593242":[15,"岩船郡関川村","下土沢"],"9594401":[15,"東蒲原郡阿賀町","角島"],"9591132":[15,"三条市","渡前"],"9594532":[15,"東蒲原郡阿賀町","広谷丙"],"9590424":[15,"新潟市西蒲区","松崎"],"9591341":[15,"加茂市","下土倉"],"9593122":[15,"村上市","大津"],"9591233":[15,"燕市","殿島"],"9592425":[15,"新発田市","高田"],"9594525":[15,"東蒲原郡阿賀町","小手茂"],"9592125":[15,"阿賀野市","京ケ島"],"9591746":[15,"五泉市","上戸倉"],"9590418":[15,"新潟市西蒲区","升岡"],"9591202":[15,"燕市","松橋"],"9592206":[15,"阿賀野市","かがやき"],"9591344":[15,"加茂市","下大谷"],"9594631":[15,"東蒲原郡阿賀町","取上"],"9592463":[15,"新発田市","岡島"],"9592600":[15,"胎内市",""],"9590111":[15,"燕市","横田"],"9591803":[15,"五泉市","下条"],"9591242":[15,"燕市","日之出町"],"9592501":[15,"新発田市","上荒沢"],"9593918":[15,"村上市","中継"],"9591825":[15,"五泉市","太田"],"9591105":[15,"三条市","若宮新田"],"9592062":[15,"阿賀野市","市野山"],"9591930":[15,"阿賀野市","大宮"],"9594634":[15,"東蒲原郡阿賀町","熊渡"],"9591735":[15,"五泉市","蛭野"],"9592817":[15,"胎内市","須巻"],"9592409":[15,"新発田市","古楯"],"9591251":[15,"燕市","白山町"],"9593211":[15,"岩船郡関川村","小和田"],"9590268":[15,"燕市","吉田本町"],"9590214":[15,"燕市","吉田法花堂"],"9592324":[15,"新発田市","吉浦"],"9592514":[15,"新発田市","上石川"],"9592823":[15,"胎内市","熱田坂"],"9591624":[15,"五泉市","小山田"],"9593428":[15,"村上市","松喜和"],"9592055":[15,"阿賀野市","堀越"],"9593200":[15,"岩船郡関川村",""],"9594534":[15,"東蒲原郡阿賀町","神谷乙"],"9593272":[15,"岩船郡関川村","打上"],"9591115":[15,"三条市","小滝"],"9591766":[15,"五泉市","番坂"],"9593261":[15,"岩船郡関川村","湯沢"],"9590202":[15,"燕市","佐渡山"],"9591612":[15,"五泉市","小搦"],"9593403":[15,"村上市","上助渕"],"9594604":[15,"東蒲原郡阿賀町","行地"],"9591126":[15,"三条市","小古瀬"],"9591955":[15,"阿賀野市","赤水"],"9591503":[15,"南蒲原郡田上町","原ケ崎新田"],"9593912":[15,"村上市","遅郷"],"9591701":[15,"五泉市","石曽根"],"9591971":[15,"阿賀野市","高田"],"9590245":[15,"燕市","吉田上町"],"9591225":[15,"燕市","中川"],"9592105":[15,"阿賀野市","金渕乙"],"9590136":[15,"燕市","国上"],"9591511":[15,"南蒲原郡田上町","吉田新田"],"9590183":[15,"燕市","下諏訪"],"9592057":[15,"阿賀野市","野地城"],"9592703":[15,"胎内市","高畑"],"9592715":[15,"胎内市","高橋"],"9590254":[15,"燕市","吉田神明町"],"9591943":[15,"阿賀野市","次郎丸"],"9592621":[15,"胎内市","並槻"],"9591384":[15,"加茂市","寿町"],"9591845":[15,"五泉市","大沢"],"9590233":[15,"燕市","吉田栄町"],"9592614":[15,"胎内市","平木田"],"9594526":[15,"東蒲原郡阿賀町","三方甲"],"9590144":[15,"長岡市","寺泊町軽井"],"9592035":[15,"阿賀野市","稲荷町"],"9590519":[15,"新潟市西蒲区","美里"],"9591144":[15,"三条市","貝喰新田"],"9590247":[15,"燕市","吉田新田町"],"9592657":[15,"胎内市","江上"],"9591321":[15,"加茂市","希望ケ丘"],"9590512":[15,"新潟市西蒲区","番屋"],"9591355":[15,"加茂市","若宮町"],"9591147":[15,"三条市","岡野新田"],"9591935":[15,"阿賀野市","大室"],"9593938":[15,"村上市","遠矢崎"],"9592122":[15,"阿賀野市","飯森杉"],"9594624":[15,"東蒲原郡阿賀町","谷沢"],"9592337":[15,"新発田市","竹俣万代"],"9590205":[15,"燕市","雀森"],"9592457":[15,"新発田市","下今泉"],"9591601":[15,"五泉市","一本杉"],"9591759":[15,"五泉市","美郷"],"9592667":[15,"胎内市","西川内"],"9590107":[15,"燕市","分水旭町"],"9593916":[15,"村上市","雷"],"9590213":[15,"燕市","吉田吉栄"],"9592103":[15,"阿賀野市","金渕甲"],"9593134":[15,"村上市","羽ヶ榎"],"9592647":[15,"胎内市","北本町"],"9591125":[15,"三条市","中島"],"9592104":[15,"阿賀野市","法柳新田"],"9590304":[15,"西蒲原郡弥彦村","荻野"],"9593107":[15,"村上市","下鍜冶屋"],"9590242":[15,"燕市","吉田大保町"],"9593407":[15,"村上市","殿岡"],"9591289":[15,"燕市","東太田"],"9591977":[15,"阿賀野市","沖ノ館"],"9590413":[15,"新潟市西蒲区","升潟"],"9590256":[15,"燕市","吉田寿町"],"9593414":[15,"村上市","有明"],"9592636":[15,"胎内市","星の宮町"],"9590106":[15,"燕市","分水東学校町"],"9591945":[15,"阿賀野市","上山屋"],"9590225":[15,"燕市","上河原"],"9592827":[15,"胎内市","栗木野新田"],"9590310":[15,"西蒲原郡弥彦村","美山"],"9592608":[15,"胎内市","富岡"],"9593243":[15,"岩船郡関川村","鍬江沢"],"9590117":[15,"燕市","笹曲"],"9593911":[15,"村上市","杉平"],"9593115":[15,"村上市","新光寺"],"9591213":[15,"燕市","小古津新"],"9590502":[15,"新潟市西蒲区","熊谷"],"9591832":[15,"五泉市","川瀬"],"9593402":[15,"村上市","志田平"],"9591972":[15,"阿賀野市","山倉新田"],"9590133":[15,"燕市","新堀"],"9590421":[15,"新潟市西蒲区","鱸"],"9590155":[15,"長岡市","寺泊有信"],"9593664":[15,"村上市","笹川"],"9592511":[15,"新発田市","菅谷"],"9592111":[15,"阿賀野市","猫山"],"9592036":[15,"阿賀野市","若葉町"],"9590300":[15,"西蒲原郡弥彦村",""],"9590506":[15,"新潟市西蒲区","遠藤"],"9591600":[15,"五泉市",""],"9592407":[15,"新発田市","川口"],"9590147":[15,"長岡市","寺泊岩方"],"9591959":[15,"阿賀野市","泉"],"9592712":[15,"胎内市","築地"],"9592416":[15,"新発田市","西浦"],"9592474":[15,"新発田市","境"],"9590171":[15,"燕市","溝古新"],"9593937":[15,"村上市","板屋沢"],"9591274":[15,"燕市","柳山"],"9591328":[15,"加茂市","陣ケ峰"],"9590508":[15,"新潟市西蒲区","五之上"],"9590321":[15,"西蒲原郡弥彦村","上泉"],"9592704":[15,"胎内市","宮瀬"],"9591752":[15,"五泉市","千原"],"9591376":[15,"加茂市","中村"],"9592336":[15,"新発田市","加治万代"],"9591727":[15,"五泉市","下杉川"],"9590319":[15,"西蒲原郡弥彦村","観音寺"],"9591611":[15,"五泉市","笹堀"],"9592709":[15,"胎内市","村松浜"],"9590517":[15,"新潟市西蒲区","大曽根"],"9592654":[15,"胎内市","本郷町"],"9590164":[15,"長岡市","寺泊下中条"],"9592507":[15,"新発田市","溝足"],"9591356":[15,"加茂市","秋房"],"9592816":[15,"胎内市","下荒沢"],"9593946":[15,"村上市","寝屋"],"9591743":[15,"五泉市","下大蒲原"],"9591348":[15,"加茂市","宮寄上"],"9592672":[15,"胎内市","八田"],"9591117":[15,"三条市","帯織"],"9591642":[15,"五泉市","四ツ屋新"],"9591102":[15,"三条市","福島新田乙"],"9590401":[15,"新潟市西区","與兵衛野新田"],"9591967":[15,"阿賀野市","本明"],"9592809":[15,"胎内市","下江端"],"9594403":[15,"東蒲原郡阿賀町","平堀"],"9590223":[15,"燕市","田中新"],"9593213":[15,"岩船郡関川村","上野"],"9592224":[15,"阿賀野市","千唐仁"],"9590129":[15,"燕市","地蔵堂本町"],"9591962":[15,"阿賀野市","上関口"],"9591265":[15,"燕市","道金"],"9593226":[15,"岩船郡関川村","片貝"],"9591362":[15,"加茂市","横江"],"9592518":[15,"新発田市","滝"],"9590125":[15,"燕市","新長"],"9592472":[15,"新発田市","貝屋"],"9591303":[15,"加茂市","後須田"],"9590404":[15,"新潟市西蒲区","貝柄新田"],"9592071":[15,"阿賀野市","水ケ曽根"],"9591326":[15,"加茂市","青海町"],"9594623":[15,"東蒲原郡阿賀町","黒岩"],"9591332":[15,"加茂市","上条"],"9591146":[15,"三条市","半ノ木"],"9592115":[15,"阿賀野市","田山"],"9591643":[15,"五泉市","土堀"],"9593204":[15,"岩船郡関川村","蛇喰"],"9594617":[15,"東蒲原郡阿賀町","上島"],"9593121":[15,"村上市","佐々木"],"9593254":[15,"岩船郡関川村","小見前新田"],"9590105":[15,"燕市","中島"],"9592328":[15,"新発田市","乗廻"],"9592662":[15,"胎内市","鷹ノ巣"],"9593255":[15,"岩船郡関川村","松ケ丘"],"9591343":[15,"加茂市","上大谷"],"9591717":[15,"五泉市","阿弥陀瀬"],"9593665":[15,"村上市","桑川"],"9593447":[15,"村上市","高御堂"],"9590153":[15,"長岡市","寺泊硲田"],"9592147":[15,"阿賀野市","粕島"],"9590151":[15,"長岡市","寺泊求草"],"9592721":[15,"胎内市","苔実"],"9593901":[15,"村上市","伊呉野"],"9591386":[15,"加茂市","柳町"],"9592025":[15,"阿賀野市","岡山町"],"9592527":[15,"新発田市","黒岩"],"9593927":[15,"村上市","北中"],"9592804":[15,"胎内市","塩沢"],"9594539":[15,"東蒲原郡阿賀町","日野川乙"],"9591823":[15,"五泉市","駅前"],"9591804":[15,"五泉市","田屋"],"9591957":[15,"阿賀野市","横山"],"9590123":[15,"燕市","大川津"],"9591757":[15,"五泉市","長橋"],"9591141":[15,"三条市","今井"],"9590423":[15,"新潟市西蒲区","旗屋"],"9591513":[15,"南蒲原郡田上町","川船河"],"9593202":[15,"岩船郡関川村","宮前"],"9591811":[15,"五泉市","三本木"],"9594503":[15,"東蒲原郡阿賀町","豊川乙"],"9594524":[15,"東蒲原郡阿賀町","三方乙"],"9592042":[15,"阿賀野市","境新田"],"9593416":[15,"村上市","今宿"],"9592626":[15,"胎内市","飯角"],"9593252":[15,"岩船郡関川村","高田"],"9592805":[15,"胎内市","下館"],"9590109":[15,"燕市","分水向陽"],"9590207":[15,"燕市","庚塚"],"9593445":[15,"村上市","新飯田"],"9592606":[15,"胎内市","八幡"],"9591937":[15,"阿賀野市","福井"],"9592825":[15,"胎内市","坂井"],"9591731":[15,"五泉市","大口"],"9593231":[15,"岩船郡関川村","上川口"],"9593936":[15,"村上市","北赤谷"],"9591637":[15,"五泉市","菅出"],"9593405":[15,"村上市","里本庄"],"9592642":[15,"胎内市","新和町"],"9591975":[15,"阿賀野市","荻島"],"9591926":[15,"阿賀野市","出湯"],"9591919":[15,"阿賀野市","山崎"],"9592653":[15,"胎内市","倉敷町"],"9592462":[15,"新発田市","戸野港"],"9594506":[15,"東蒲原郡阿賀町","両郷乙"],"9592436":[15,"新発田市","草荷"],"9591907":[15,"阿賀野市","熊堂"],"9591712":[15,"五泉市","土淵"],"9591307":[15,"加茂市","田中新田"],"9592405":[15,"新発田市","野中"],"9594635":[15,"東蒲原郡阿賀町","釣浜"],"9590514":[15,"新潟市西蒲区","称名"],"9590306":[15,"西蒲原郡弥彦村","浜首"],"9592304":[15,"新発田市","大伝"],"9592031":[15,"阿賀野市","金田町"],"9592638":[15,"胎内市","水沢町"],"9590302":[15,"西蒲原郡弥彦村","田中新田"],"9591284":[15,"燕市","杣木"],"9590211":[15,"燕市","富永"],"9590120":[15,"燕市","分水栄町"],"9591151":[15,"三条市","猪子場新田"],"9593922":[15,"村上市","朴平"],"9592453":[15,"新発田市","三日市"],"9591621":[15,"五泉市","尾白"],"9590139":[15,"燕市","長辰"],"9591373":[15,"加茂市","松坂町"],"9591866":[15,"五泉市","学校町"],"9591215":[15,"燕市","又新"],"9591374":[15,"加茂市","矢立"],"9591835":[15,"五泉市","今泉"],"9592226":[15,"阿賀野市","野田"],"9592702":[15,"胎内市","平根台"],"9591223":[15,"燕市","上児木"],"9591109":[15,"三条市","蔵内"],"9591857":[15,"五泉市","石倉"],"9590317":[15,"西蒲原郡弥彦村","境江"],"9593275":[15,"岩船郡関川村","内須川"],"9592714":[15,"胎内市","堀口"],"9590504":[15,"新潟市西蒲区","横戸"],"9593108":[15,"村上市","上鍜冶屋"],"9592612":[15,"胎内市","小地谷"],"9590116":[15,"燕市","新興野"],"9592064":[15,"阿賀野市","福田"],"9591705":[15,"五泉市","村松乙"],"9592619":[15,"胎内市","十二天"],"9591948":[15,"阿賀野市","宮島"],"9591721":[15,"五泉市","暮坪"],"9591123":[15,"三条市","九之曽根"],"9591246":[15,"燕市","新栄町"],"9591807":[15,"五泉市","次屋"],"9591755":[15,"五泉市","青橋"],"9593245":[15,"岩船郡関川村","幾地"],"9592521":[15,"新発田市","蔵光"],"9593411":[15,"村上市","南大平"],"9591931":[15,"阿賀野市","山寺"],"9590235":[15,"燕市","吉田旭町"],"9591873":[15,"五泉市","錦町"],"9590265":[15,"燕市","吉田東町"],"9592004":[15,"阿賀野市","南安野町"],"9592113":[15,"阿賀野市","緑岡"],"9593662":[15,"村上市","今川"],"9590127":[15,"燕市","分水文京町"],"9592707":[15,"胎内市","下高田"],"9591764":[15,"五泉市","宮野下"],"9592444":[15,"新発田市","新保小路"],"9592333":[15,"新発田市","岡屋敷"],"9590149":[15,"長岡市","寺泊入軽井"],"9590432":[15,"新潟市西蒲区","川崎"],"9590216":[15,"燕市","吉田春日町"],"9594514":[15,"東蒲原郡阿賀町","七名乙"],"9592013":[15,"阿賀野市","水原"],"9590221":[15,"燕市","吉田西太田"],"9592402":[15,"新発田市","小島"],"9590103":[15,"燕市","砂子塚"],"9592426":[15,"新発田市","向中条"],"9594522":[15,"東蒲原郡阿賀町","三宝分乙"],"9592121":[15,"阿賀野市","小里"],"9592003":[15,"阿賀野市","安野町"],"9592073":[15,"阿賀野市","上福岡"],"9593206":[15,"岩船郡関川村","中束"],"9590323":[15,"西蒲原郡弥彦村","弥彦"],"9592023":[15,"阿賀野市","日の出町"],"9591741":[15,"五泉市","南田中"],"9592205":[15,"阿賀野市","寺社"],"9591336":[15,"加茂市","黒水"],"9592202":[15,"阿賀野市","籠田"],"9591205":[15,"燕市","長渡"],"9591263":[15,"燕市","大曲"],"9591762":[15,"五泉市","東石曽根"],"9591876":[15,"五泉市","泉町"],"9592101":[15,"阿賀野市","駒林"],"9591738":[15,"五泉市","別所"],"9591217":[15,"燕市","勘新"],"9593944":[15,"村上市","立島"],"9591633":[15,"五泉市","大須郷"],"9591148":[15,"三条市","尾崎"],"9593926":[15,"村上市","大毎"],"9591119":[15,"三条市","戸口"],"9590406":[15,"新潟市西蒲区","善光寺村受"],"9592421":[15,"新発田市","上今泉"],"9594521":[15,"東蒲原郡阿賀町","三宝分甲"],"9591635":[15,"五泉市","柄沢"],"9592625":[15,"胎内市","半山"],"9593436":[15,"村上市","牛屋"],"9593215":[15,"岩船郡関川村","深沢"],"9593233":[15,"岩船郡関川村","久保"],"9593221":[15,"岩船郡関川村","下川口"],"9594411":[15,"東蒲原郡阿賀町","天満"],"9591301":[15,"加茂市","北潟"],"9593116":[15,"村上市","荒屋"],"9593265":[15,"岩船郡関川村","下関"],"9592723":[15,"胎内市","宮川"],"9592813":[15,"胎内市","大長谷"],"9591207":[15,"燕市","三王渕"],"9592216":[15,"阿賀野市","渡場"],"9591906":[15,"阿賀野市","村岡"],"9593105":[15,"村上市","梨木"],"9591813":[15,"五泉市","伊勢の川"],"9590132":[15,"燕市","分水あけぼの"],"9594505":[15,"東蒲原郡阿賀町","豊川甲"],"9594537":[15,"東蒲原郡阿賀町","広谷乙"],"9591847":[15,"五泉市","菅沢"],"9591852":[15,"五泉市","荻曽根"],"9590162":[15,"長岡市","寺泊小豆曽根"],"9590201":[15,"燕市","西槇"],"9592664":[15,"胎内市","柴橋"],"9590181":[15,"燕市","上諏訪"],"9592215":[15,"阿賀野市","六野瀬"],"9591912":[15,"阿賀野市","下一分"],"9591747":[15,"五泉市","高松"],"9591121":[15,"三条市","善久寺"],"9594405":[15,"東蒲原郡阿賀町","上ノ山"],"9591142":[15,"三条市","今井野新田"],"9593422":[15,"村上市","飯岡"],"9594627":[15,"東蒲原郡阿賀町","岩谷"],"9592066":[15,"阿賀野市","中潟"],"9591922":[15,"阿賀野市","湯沢"],"9591861":[15,"五泉市","粟島"],"9591523":[15,"南蒲原郡田上町","保明新田"],"9594621":[15,"東蒲原郡阿賀町","あが野北"],"9593903":[15,"村上市","岩崎"],"9592476":[15,"新発田市","貝塚"],"9592443":[15,"新発田市","新屋敷"]}
