{"6600053":[28,"尼崎市","南七松町"],"6600802":[28,"尼崎市","長洲中通"],"6600805":[28,"尼崎市","西長洲町"],"6600876":[28,"尼崎市","竹谷町"],"6600808":[28,"尼崎市","潮江"],"6600828":[28,"尼崎市","東大物町"],"6600843":[28,"尼崎市","東海岸町"],"6600833":[28,"尼崎市","南初島町"],"6600096":[28,"尼崎市","扇町"],"6600813":[28,"尼崎市","杭瀬寺島"],"6600052":[28,"尼崎市","七松町"],"6600811":[28,"尼崎市","常光寺"],"6600804":[28,"尼崎市","北大物町"],"6600866":[28,"尼崎市","汐町"],"6600842":[28,"尼崎市","大高洲町"],"6600071":[28,"尼崎市","崇徳院"],"6600801":[28,"尼崎市","長洲東通"],"6600064":[28,"尼崎市","稲葉荘"],"6600872":[28,"尼崎市","玄番北之町"],"6600821":[28,"尼崎市","梶ケ島"],"6600873":[28,"尼崎市","玄番南之町"],"6600092":[28,"尼崎市","鶴町"],"6600815":[28,"尼崎市","杭瀬北新町"],"6600825":[28,"尼崎市","南城内"],"6600087":[28,"尼崎市","平左衛門町"],"6600051":[28,"尼崎市","東七松町"],"6600812":[28,"尼崎市","今福"],"6600837":[28,"尼崎市","西松島町"],"6600072":[28,"尼崎市","大庄川田町"],"6600062":[28,"尼崎市","浜田町"],"6600826":[28,"尼崎市","北城内"],"6600878":[28,"尼崎市","北竹谷町"],"6600814":[28,"尼崎市","杭瀬本町"],"6600063":[28,"尼崎市","大庄北"],"6600868":[28,"尼崎市","西御園町"],"6600093":[28,"尼崎市","西海岸町"],"6600893":[28,"尼崎市","西難波町"],"6600882":[28,"尼崎市","昭和南通"],"6600824":[28,"尼崎市","東本町"],"6600000":[28,"尼崎市",""],"6600883":[28,"尼崎市","神田北通"],"6600073":[28,"尼崎市","菜切山町"],"6600856":[28,"尼崎市","東向島西之町"],"6600054":[28,"尼崎市","西立花町"],"6600083":[28,"尼崎市","道意町"],"6600863":[28,"尼崎市","西本町北通"],"6600844":[28,"尼崎市","東浜町"],"6600862":[28,"尼崎市","開明町"],"6600857":[28,"尼崎市","西向島町"],"6600831":[28,"尼崎市","東松島町"],"6600094":[28,"尼崎市","末広町"],"6600891":[28,"尼崎市","扶桑町"],"6600081":[28,"尼崎市","蓬川町"],"6600095":[28,"尼崎市","大浜町"],"6600827":[28,"尼崎市","西大物町"],"6600082":[28,"尼崎市","水明町"],"6600832":[28,"尼崎市","東初島町"],"6600806":[28,"尼崎市","金楽寺町"],"6600892":[28,"尼崎市","東難波町"],"6600061":[28,"尼崎市","蓬川荘園"],"6600846":[28,"尼崎市","船出"],"6600822":[28,"尼崎市","杭瀬南新町"],"6600871":[28,"尼崎市","建家町"],"6600823":[28,"尼崎市","大物町"],"6600086":[28,"尼崎市","丸島町"],"6600851":[28,"尼崎市","中在家町"],"6600861":[28,"尼崎市","御園町"],"6600841":[28,"尼崎市","東高洲町"],"6600858":[28,"尼崎市","築地"],"6600875":[28,"尼崎市","南竹谷町"],"6600075":[28,"尼崎市","大庄中通"],"6600885":[28,"尼崎市","神田南通"],"6600835":[28,"尼崎市","東向島東之町"],"6600807":[28,"尼崎市","長洲西通"],"6600874":[28,"尼崎市","西本町"],"6600834":[28,"尼崎市","北初島町"],"6600074":[28,"尼崎市","琴浦町"],"6600877":[28,"尼崎市","宮内町"],"6600865":[28,"尼崎市","西桜木町"],"6600845":[28,"尼崎市","西高洲町"],"6600884":[28,"尼崎市","神田中通"],"6600076":[28,"尼崎市","大島"],"6600867":[28,"尼崎市","寺町"],"6600055":[28,"尼崎市","稲葉元町"],"6600085":[28,"尼崎市","元浜町"],"6600084":[28,"尼崎市","武庫川町"],"6600803":[28,"尼崎市","長洲本通"],"6600091":[28,"尼崎市","中浜町"],"6600864":[28,"尼崎市","東桜木町"],"6600881":[28,"尼崎市","昭和通"],"6600077":[28,"尼崎市","大庄西町"]}
