{"8500032":[42,"長崎市","興善町"],"8500977":[42,"長崎市","土井首町"],"8500037":[42,"長崎市","金屋町"],"8500902":[42,"長崎市","丸山町"],"8500952":[42,"長崎市","戸町"],"8500991":[42,"長崎市","末石町"],"8500941":[42,"長崎市","高丘"],"8500022":[42,"長崎市","馬町"],"8500954":[42,"長崎市","新戸町"],"8500006":[42,"長崎市","上西山町"],"8500043":[42,"長崎市","八千代町"],"8500972":[42,"長崎市","古道町"],"8500911":[42,"長崎市","東山手町"],"8500044":[42,"長崎市","天神町"],"8500047":[42,"長崎市","銭座町"],"8500922":[42,"長崎市","相生町"],"8500052":[42,"長崎市","筑後町"],"8500822":[42,"長崎市","愛宕"],"8500036":[42,"長崎市","五島町"],"8500924":[42,"長崎市","出雲"],"8500064":[42,"長崎市","秋月町"],"8500981":[42,"長崎市","草住町"],"8500029":[42,"長崎市","八百屋町"],"8500071":[42,"長崎市","塩浜町"],"8500909":[42,"長崎市","梅香崎町"],"8500935":[42,"長崎市","古河町"],"8500065":[42,"長崎市","入船町"],"8500027":[42,"長崎市","桶屋町"],"8500851":[42,"長崎市","古川町"],"8500961":[42,"長崎市","小ケ倉町"],"8500913":[42,"長崎市","元町"],"8500075":[42,"長崎市","西泊町"],"8500904":[42,"長崎市","船大工町"],"8500811":[42,"長崎市","矢の平"],"8500874":[42,"長崎市","魚の町"],"8500992":[42,"長崎市","江川町"],"8500802":[42,"長崎市","伊良林"],"8500996":[42,"長崎市","平山台"],"8500933":[42,"長崎市","西琴平町"],"8500016":[42,"長崎市","夫婦川町"],"8500982":[42,"長崎市","柳田町"],"8500041":[42,"長崎市","浜平"],"8500074":[42,"長崎市","西立神町"],"8500831":[42,"長崎市","鍛冶屋町"],"8500934":[42,"長崎市","小菅町"],"8500908":[42,"長崎市","十人町"],"8500944":[42,"長崎市","八景町"],"8500077":[42,"長崎市","小瀬戸町"],"8500079":[42,"長崎市","みなと坂"],"8500914":[42,"長崎市","日の出町"],"8500017":[42,"長崎市","新大工町"],"8500875":[42,"長崎市","栄町"],"8500852":[42,"長崎市","万屋町"],"8500821":[42,"長崎市","高平町"],"8500836":[42,"長崎市","中小島"],"8500004":[42,"長崎市","下西山町"],"8500833":[42,"長崎市","東小島町"],"8500873":[42,"長崎市","諏訪町"],"8500063":[42,"長崎市","飽の浦町"],"8500058":[42,"長崎市","尾上町"],"8500067":[42,"長崎市","小浦町"],"8500056":[42,"長崎市","恵美須町"],"8500871":[42,"長崎市","麹屋町"],"8500918":[42,"長崎市","大浦町"],"8500024":[42,"長崎市","大井手町"],"8500054":[42,"長崎市","上町"],"8500834":[42,"長崎市","上小島"],"8500824":[42,"長崎市","三景台町"],"8500823":[42,"長崎市","弥生町"],"8500013":[42,"長崎市","中川"],"8500011":[42,"長崎市","鳴滝"],"8500906":[42,"長崎市","館内町"],"8500916":[42,"長崎市","大浦東町"],"8500853":[42,"長崎市","浜町"],"8500975":[42,"長崎市","三和町"],"8500984":[42,"長崎市","鶴見台"],"8500994":[42,"長崎市","竿浦町"],"8500946":[42,"長崎市","川上町"],"8500045":[42,"長崎市","宝町"],"8500843":[42,"長崎市","常盤町"],"8500964":[42,"長崎市","大山町"],"8500048":[42,"長崎市","上銭座町"],"8500841":[42,"長崎市","銅座町"],"8500912":[42,"長崎市","中新町"],"8500066":[42,"長崎市","大浜町"],"8500985":[42,"長崎市","平瀬町"],"8500854":[42,"長崎市","銀屋町"],"8500000":[42,"長崎市",""],"8500076":[42,"長崎市","木鉢町"],"8500962":[42,"長崎市","新小が倉"],"8500947":[42,"長崎市","椎の木町"],"8500068":[42,"長崎市","福田本町"],"8500803":[42,"長崎市","風頭町"],"8500813":[42,"長崎市","八つ尾町"],"8500801":[42,"長崎市","八幡町"],"8500033":[42,"長崎市","万才町"],"8500995":[42,"長崎市","平山町"],"8500021":[42,"長崎市","炉粕町"],"8500923":[42,"長崎市","上田町"],"8500942":[42,"長崎市","南町"],"8500051":[42,"長崎市","西坂町"],"8500993":[42,"長崎市","八郎岳町"],"8500031":[42,"長崎市","桜町"],"8500053":[42,"長崎市","玉園町"],"8500932":[42,"長崎市","東琴平"],"8500976":[42,"長崎市","毛井首町"],"8500983":[42,"長崎市","米山町"],"8500042":[42,"長崎市","御船蔵町"],"8500007":[42,"長崎市","立山"],"8500861":[42,"長崎市","江戸町"],"8500951":[42,"長崎市","国分町"],"8500877":[42,"長崎市","築町"],"8500835":[42,"長崎市","桜木町"],"8500005":[42,"長崎市","西山本町"],"8500953":[42,"長崎市","上戸町"],"8500973":[42,"長崎市","鹿尾町"],"8500971":[42,"長崎市","磯道町"],"8500002":[42,"長崎市","木場町"],"8500921":[42,"長崎市","松が枝町"],"8500905":[42,"長崎市","籠町"],"8500876":[42,"長崎市","賑町"],"8500936":[42,"長崎市","浪の平町"],"8500035":[42,"長崎市","元船町"],"8500903":[42,"長崎市","寄合町"],"8500812":[42,"長崎市","白木町"],"8500001":[42,"長崎市","西山"],"8500028":[42,"長崎市","勝山町"],"8500023":[42,"長崎市","出来大工町"],"8500015":[42,"長崎市","桜馬場"],"8500018":[42,"長崎市","伊勢町"],"8500974":[42,"長崎市","京太郎町"],"8500907":[42,"長崎市","稲田町"],"8500078":[42,"長崎市","神ノ島町"],"8500026":[42,"長崎市","古町"],"8500073":[42,"長崎市","東立神町"],"8500837":[42,"長崎市","西小島"],"8500057":[42,"長崎市","大黒町"],"8500003":[42,"長崎市","片淵"],"8500917":[42,"長崎市","下町"],"8500025":[42,"長崎市","今博多町"],"8500012":[42,"長崎市","本河内"],"8500061":[42,"長崎市","水の浦町"],"8500943":[42,"長崎市","南が丘町"],"8500901":[42,"長崎市","本石灰町"],"8500055":[42,"長崎市","中町"],"8500072":[42,"長崎市","岩瀬道町"],"8500034":[42,"長崎市","樺島町"],"8500832":[42,"長崎市","油屋町"],"8500915":[42,"長崎市","東山町"],"8500937":[42,"長崎市","小曽根町"],"8500963":[42,"長崎市","ダイヤランド"],"8500872":[42,"長崎市","寺町"],"8500862":[42,"長崎市","出島町"],"8500842":[42,"長崎市","新地町"],"8500931":[42,"長崎市","南山手町"],"8500062":[42,"長崎市","大谷町"],"8500945":[42,"長崎市","星取"],"8500804":[42,"長崎市","彦見町"],"8500014":[42,"長崎市","新中川町"],"8500046":[42,"長崎市","幸町"],"8500855":[42,"長崎市","東古川町"]}
