{"9550004":[15,"三条市","須戸新田"],"9550093":[15,"三条市","下須頃"],"9550818":[15,"三条市","枝郷"],"9550167":[15,"三条市","馬場"],"9550066":[15,"三条市","居島"],"9550042":[15,"三条市","下坂井"],"9550104":[15,"三条市","江口"],"9550804":[15,"三条市","如法寺"],"9550158":[15,"三条市","原"],"9550111":[15,"三条市","上谷地"],"9550081":[15,"三条市","東裏館"],"9550002":[15,"三条市","柳川新田"],"9550808":[15,"三条市","新保"],"9550126":[15,"三条市","栗山"],"9550011":[15,"三条市","白山新田"],"9550823":[15,"三条市","東本成寺"],"9550131":[15,"三条市","庭月"],"9550055":[15,"三条市","塚野目"],"9550152":[15,"三条市","笹岡"],"9550864":[15,"三条市","曲渕"],"9550061":[15,"三条市","林町"],"9550842":[15,"三条市","島田"],"9550118":[15,"三条市","新屋"],"9550853":[15,"三条市","北四日町"],"9550141":[15,"三条市","荒沢"],"9550831":[15,"三条市","土場"],"9550045":[15,"三条市","一ノ門"],"9550154":[15,"三条市","大平"],"9550156":[15,"三条市","駒込"],"9550122":[15,"三条市","大谷地"],"9550143":[15,"三条市","棚鱗"],"9550033":[15,"三条市","西大崎"],"9550105":[15,"三条市","島川原"],"9550135":[15,"三条市","早水"],"9550162":[15,"三条市","福岡"],"9550014":[15,"三条市","西潟"],"9550032":[15,"三条市","東大崎"],"9550101":[15,"三条市","曲谷"],"9550145":[15,"三条市","大沢"],"9550148":[15,"三条市","花渕"],"9550107":[15,"三条市","飯田"],"9550041":[15,"三条市","三竹"],"9550806":[15,"三条市","長嶺"],"9550051":[15,"三条市","鶴田"],"9550816":[15,"三条市","東鱈田"],"9550036":[15,"三条市","篭場"],"9550124":[15,"三条市","大谷"],"9550146":[15,"三条市","笹巻"],"9550013":[15,"三条市","井栗"],"9550151":[15,"三条市","荻堀"],"9550163":[15,"三条市","島潟"],"9550121":[15,"三条市","北五百川"],"9550841":[15,"三条市","由利"],"9550062":[15,"三条市","仲之町"],"9550161":[15,"三条市","高岡"],"9550112":[15,"三条市","蝶名林"],"9550862":[15,"三条市","南新保"],"9550821":[15,"三条市","五明"],"9550106":[15,"三条市","南中"],"9550072":[15,"三条市","元町"],"9550153":[15,"三条市","桑切"],"9550095":[15,"三条市","代官島"],"9550115":[15,"三条市","院内"],"9550016":[15,"三条市","牛ケ島"],"9550854":[15,"三条市","四日町"],"9550127":[15,"三条市","名下"],"9550852":[15,"三条市","南四日町"],"9550113":[15,"三条市","中浦"],"9550085":[15,"三条市","栗林"],"9550083":[15,"三条市","荒町"],"9550091":[15,"三条市","上須頃"],"9550025":[15,"三条市","上野原"],"9550165":[15,"三条市","高屋敷"],"9550833":[15,"三条市","大野畑"],"9550168":[15,"三条市","下大浦"],"9550064":[15,"三条市","横町"],"9550035":[15,"三条市","中新"],"9550824":[15,"三条市","下新田"],"9550803":[15,"三条市","月岡"],"9550021":[15,"三条市","下保内"],"9550136":[15,"三条市","葎谷"],"9550022":[15,"三条市","上保内"],"9550843":[15,"三条市","条南町"],"9550073":[15,"三条市","八幡町"],"9550815":[15,"三条市","西鱈田"],"9550003":[15,"三条市","柳場新田"],"9550832":[15,"三条市","直江町"],"9550813":[15,"三条市","袋"],"9550845":[15,"三条市","西本成寺"],"9550001":[15,"三条市","三貫地新田"],"9550155":[15,"三条市","広手"],"9550103":[15,"三条市","落合"],"9550811":[15,"三条市","南入蔵"],"9550082":[15,"三条市","西裏館"],"9550043":[15,"三条市","北中"],"9550102":[15,"三条市","牛ケ首"],"9550137":[15,"三条市","遅場"],"9550084":[15,"三条市","石上"],"9550097":[15,"三条市","荻島"],"9550114":[15,"三条市","鹿熊"],"9550142":[15,"三条市","小長沢"],"9550147":[15,"三条市","中野原"],"9550851":[15,"三条市","西四日町"],"9550125":[15,"三条市","塩野渕"],"9550092":[15,"三条市","須頃"],"9550134":[15,"三条市","濁沢"],"9550801":[15,"三条市","諏訪"],"9550132":[15,"三条市","長野"],"9550812":[15,"三条市","入蔵新田"],"9550144":[15,"三条市","楢山"],"9550157":[15,"三条市","長沢"],"9550822":[15,"三条市","西中"],"9550015":[15,"三条市","三柳"],"9550057":[15,"三条市","新光町"],"9550053":[15,"三条市","北入蔵"],"9550046":[15,"三条市","興野"],"9550044":[15,"三条市","田島"],"9550116":[15,"三条市","森町"],"9550094":[15,"三条市","大島"],"9550031":[15,"三条市","松ノ木町"],"9550012":[15,"三条市","北野新田"],"9550863":[15,"三条市","東新保"],"9550054":[15,"三条市","大宮新田"],"9550807":[15,"三条市","片口"],"9550164":[15,"三条市","滝谷"],"9550047":[15,"三条市","東三条"],"9550000":[15,"三条市",""],"9550056":[15,"三条市","嘉坪川"],"9550117":[15,"三条市","田屋"],"9550063":[15,"三条市","神明町"],"9550844":[15,"三条市","桜木町"],"9550166":[15,"三条市","上大浦"],"9550024":[15,"三条市","柳沢"],"9550128":[15,"三条市","南五百川"],"9550133":[15,"三条市","牛野尾"],"9550108":[15,"三条市","鹿峠"],"9550814":[15,"三条市","金子新田"],"9550034":[15,"三条市","麻布"],"9550065":[15,"三条市","旭町"],"9550805":[15,"三条市","吉田"],"9550123":[15,"三条市","笠堀"],"9550861":[15,"三条市","北新保"],"9550096":[15,"三条市","井戸場"],"9550071":[15,"三条市","本町"]}
