{"7210966":[34,"福山市","手城町"],"7210971":[34,"福山市","蔵王町"],"7210931":[34,"福山市","鋼管町"],"7210925":[34,"福山市","大門町坂里"],"7210957":[34,"福山市","箕島町"],"7210921":[34,"福山市","大門町大門"],"7210904":[34,"福山市","坪生町南"],"7210964":[34,"福山市","港町"],"7210941":[34,"福山市","引野町北"],"7210927":[34,"福山市","大門町津之下"],"7210929":[34,"福山市","城興ケ丘"],"7210945":[34,"福山市","引野町南"],"7210943":[34,"福山市","平成台"],"7210901":[34,"福山市","春日町宇山"],"7210911":[34,"福山市","青葉台"],"7210952":[34,"福山市","曙町"],"7210914":[34,"福山市","大谷台"],"7210944":[34,"福山市","引野町東"],"7210961":[34,"福山市","明神町"],"7210956":[34,"福山市","箕沖町"],"7210902":[34,"福山市","春日町浦上"],"7210000":[34,"福山市",""],"7210915":[34,"福山市","伊勢丘"],"7210953":[34,"福山市","一文字町"],"7210907":[34,"福山市","春日町"],"7210972":[34,"福山市","日吉台"],"7210923":[34,"福山市","大門町野々浜"],"7210951":[34,"福山市","新浜町"],"7210963":[34,"福山市","南手城町"],"7210916":[34,"福山市","春日台"],"7210973":[34,"福山市","南蔵王町"],"7210958":[34,"福山市","西新涯町"],"7210906":[34,"福山市","能島"],"7210903":[34,"福山市","坪生町"],"7210926":[34,"福山市","大門町"],"7210965":[34,"福山市","王子町"],"7210974":[34,"福山市","東深津町"],"7210917":[34,"福山市","春日池"],"7210955":[34,"福山市","新涯町"],"7210924":[34,"福山市","大門町旭"],"7210942":[34,"福山市","引野町"],"7210962":[34,"福山市","東手城町"],"7210975":[34,"福山市","西深津町"],"7210912":[34,"福山市","東陽台"],"7210922":[34,"福山市","大門町日之出丘"],"7210913":[34,"福山市","幕山台"],"7210908":[34,"福山市","春日町吉田"],"7210954":[34,"福山市","卸町"]}
