{"9280066":[17,"輪島市","美谷町"],"9280011":[17,"輪島市","杉平町"],"9280243":[17,"輪島市","西山町"],"9280321":[17,"鳳珠郡能登町","十郎原"],"9280054":[17,"輪島市","大沢町"],"9280015":[17,"輪島市","市ノ瀬町"],"9280244":[17,"輪島市","西院内町"],"9280235":[17,"輪島市","町野町川西"],"9280047":[17,"輪島市","繩又町"],"9280313":[17,"鳳珠郡能登町","天坂"],"9280331":[17,"鳳珠郡能登町","柳田"],"9280312":[17,"鳳珠郡能登町","上町"],"9280046":[17,"輪島市","二俣町"],"9280256":[17,"輪島市","白米町"],"9280253":[17,"輪島市","尊利地町"],"9280016":[17,"輪島市","熊野町"],"9280216":[17,"輪島市","町野町桶戸"],"9280044":[17,"輪島市","下黒川町"],"9280077":[17,"輪島市","鳳至町"],"9280205":[17,"輪島市","町野町西時国"],"9280053":[17,"輪島市","赤崎町"],"9280043":[17,"輪島市","房田町"],"9280206":[17,"輪島市","町野町曽々木"],"9280255":[17,"輪島市","野田町"],"9280052":[17,"輪島市","下山町"],"9280226":[17,"輪島市","町野町徳成"],"9280008":[17,"輪島市","マリンタウン"],"9280225":[17,"輪島市","町野町徳成谷内"],"9280215":[17,"輪島市","町野町粟蔵"],"9280075":[17,"輪島市","鳳至町"],"9280061":[17,"輪島市","新橋通"],"9280204":[17,"輪島市","町野町南時国"],"9280036":[17,"輪島市","滝又町"],"9280062":[17,"輪島市","堀町"],"9280057":[17,"輪島市","上山町"],"9280332":[17,"鳳珠郡能登町","五十里"],"9280064":[17,"輪島市","釜屋谷町"],"9280203":[17,"輪島市","町野町敷戸"],"9280242":[17,"輪島市","東印内町"],"9280071":[17,"輪島市","輪島崎町"],"9280236":[17,"輪島市","町野町金蔵"],"9280231":[17,"輪島市","町野町大川"],"9280212":[17,"輪島市","町野町寺山"],"9280301":[17,"鳳珠郡能登町","上長尾"],"9280322":[17,"鳳珠郡能登町","寺分"],"9280007":[17,"輪島市","深見町"],"9280078":[17,"輪島市","鳳至町"],"9280303":[17,"鳳珠郡能登町","桐畑"],"9280000":[17,"輪島市",""],"9280002":[17,"輪島市","久手川町"],"9280024":[17,"輪島市","山岸町"],"9280221":[17,"輪島市","町野町真久"],"9280023":[17,"輪島市","気勝平町"],"9280241":[17,"輪島市","渋田町"],"9280305":[17,"鳳珠郡能登町","久田"],"9280222":[17,"輪島市","町野町東"],"9280246":[17,"輪島市","里町"],"9280232":[17,"輪島市","町野町伏戸"],"9280302":[17,"鳳珠郡能登町","小間生"],"9280245":[17,"輪島市","東山町"],"9280034":[17,"輪島市","長井町"],"9280063":[17,"輪島市","水守町"],"9280076":[17,"輪島市","鳳至町"],"9280051":[17,"輪島市","小池町"],"9280251":[17,"輪島市","小田屋町"],"9280037":[17,"輪島市","空熊町"],"9280001":[17,"輪島市","河井町"],"9280324":[17,"鳳珠郡能登町","中斉"],"9280201":[17,"輪島市","町野町広江"],"9280031":[17,"輪島市","二勢町"],"9280202":[17,"輪島市","町野町寺地"],"9280005":[17,"輪島市","大野町"],"9280336":[17,"鳳珠郡能登町","北河内"],"9280252":[17,"輪島市","忍町"],"9280073":[17,"輪島市","鳳至町"],"9280006":[17,"輪島市","惣領町"],"9280025":[17,"輪島市","東中尾町"],"9280323":[17,"鳳珠郡能登町","五郎左エ門分"],"9280211":[17,"輪島市","町野町牛尾"],"9280234":[17,"輪島市","町野町真喜野"],"9280041":[17,"輪島市","中段町"],"9280056":[17,"輪島市","西二又町"],"9280033":[17,"輪島市","稲屋町"],"9280028":[17,"輪島市","打越町"],"9280311":[17,"鳳珠郡能登町","合鹿"],"9280026":[17,"輪島市","西脇町"],"9280254":[17,"輪島市","名舟町"],"9280326":[17,"鳳珠郡能登町","斉和"],"9280304":[17,"鳳珠郡能登町","鈴ケ嶺"],"9280072":[17,"輪島市","海士町"],"9280314":[17,"鳳珠郡能登町","笹川"],"9280307":[17,"鳳珠郡能登町","国光"],"9280214":[17,"輪島市","町野町佐野"],"9280035":[17,"輪島市","別所谷町"],"9280032":[17,"輪島市","小伊勢町"],"9280335":[17,"鳳珠郡能登町","大箱"],"9280042":[17,"輪島市","山本町"],"9280334":[17,"鳳珠郡能登町","当目"],"9280022":[17,"輪島市","宅田町"],"9280045":[17,"輪島市","上黒川町"],"9280218":[17,"輪島市","町野町鈴屋"],"9280065":[17,"輪島市","鵜入町"],"9280233":[17,"輪島市","町野町東大野"],"9280333":[17,"鳳珠郡能登町","黒川"],"9280067":[17,"輪島市","光浦町"],"9280217":[17,"輪島市","町野町井面"],"9280325":[17,"鳳珠郡能登町","神和住"],"9280079":[17,"輪島市","鳳至町"],"9280055":[17,"輪島市","上大沢町"],"9280012":[17,"輪島市","横地町"],"9280306":[17,"鳳珠郡能登町","石井"],"9280027":[17,"輪島市","北谷町"],"9280308":[17,"鳳珠郡能登町","鴨川"],"9280223":[17,"輪島市","町野町北円山"],"9280004":[17,"輪島市","稲舟町"],"9280213":[17,"輪島市","町野町舞谷"],"9280014":[17,"輪島市","山ノ上町"],"9280224":[17,"輪島市","町野町麦生野"],"9280068":[17,"輪島市","平成町"],"9280021":[17,"輪島市","二ツ屋町"],"9280074":[17,"輪島市","鳳至町"],"9280013":[17,"輪島市","石休場町"],"9280003":[17,"輪島市","塚田町"]}
