{"3892252":[20,"飯山市","小佐原"],"3891214":[20,"上水内郡飯綱町","黒川"],"3892261":[15,"妙高市","樽本"],"3890207":[20,"北佐久郡御代田町","馬瀬口"],"3891225":[20,"上水内郡飯綱町","坂口"],"3891313":[20,"上水内郡信濃町","古間"],"3890402":[20,"東御市","布下"],"3890824":[20,"千曲市","力石"],"3892701":[20,"下水内郡栄村","豊栄"],"3891223":[20,"上水内郡飯綱町","袖之山"],"3891101":[20,"長野市","豊野町川谷"],"3890102":[20,"北佐久郡軽井沢町","軽井沢"],"3890807":[20,"千曲市","戸倉温泉"],"3892257":[20,"飯山市","斑尾高原"],"3891106":[20,"長野市","豊野町石"],"3890407":[20,"東御市","羽毛山"],"3890603":[20,"埴科郡坂城町","南条"],"3890200":[20,"北佐久郡御代田町",""],"3892614":[20,"下高井郡野沢温泉村","平林"],"3891304":[20,"上水内郡信濃町","神山国際村"],"3890504":[20,"東御市","海善寺"],"3890513":[20,"東御市","滋野"],"3891312":[20,"上水内郡信濃町","富濃"],"3890404":[20,"東御市","大日向"],"3890511":[20,"東御市","滋野"],"3892612":[20,"下高井郡野沢温泉村","七ケ巻"],"3890503":[20,"東御市","新屋"],"3892300":[20,"下高井郡木島平村",""],"3892255":[20,"飯山市","静間"],"3892416":[20,"飯山市","緑"],"3892235":[20,"飯山市","坂井"],"3890516":[20,"東御市","田中"],"3890606":[20,"埴科郡坂城町","上五明"],"3892101":[20,"中野市","豊津"],"3891305":[20,"上水内郡信濃町","柏原"],"3892102":[20,"中野市","上今井"],"3891211":[20,"上水内郡飯綱町","牟礼"],"3890111":[20,"北佐久郡軽井沢町","長倉"],"3890104":[20,"北佐久郡軽井沢町","軽井沢東"],"3890206":[20,"北佐久郡御代田町","御代田"],"3890605":[20,"埴科郡坂城町","上平"],"3892414":[20,"飯山市","常盤"],"3892233":[20,"飯山市","野坂田"],"3890514":[20,"東御市","加沢"],"3892502":[20,"下高井郡野沢温泉村","豊郷"],"3890202":[20,"北佐久郡御代田町","草越"],"3890500":[20,"東御市",""],"3891300":[20,"上水内郡信濃町",""],"3892418":[20,"飯山市","寿"],"3890403":[20,"東御市","御牧原"],"3890821":[20,"千曲市","上山田温泉"],"3890203":[20,"北佐久郡御代田町","広戸"],"3892500":[20,"下高井郡野沢温泉村",""],"3890601":[20,"埴科郡坂城町","坂城"],"3890113":[20,"北佐久郡軽井沢町","発地"],"3891222":[20,"上水内郡飯綱町","柳里"],"3891103":[20,"長野市","豊野町蟹沢"],"3891316":[20,"上水内郡信濃町","大井"],"3890801":[20,"千曲市","小船山"],"3891227":[20,"上水内郡飯綱町","高坂"],"3892302":[20,"下高井郡木島平村","往郷"],"3890114":[20,"北佐久郡軽井沢町","茂沢"],"3892243":[20,"飯山市","吉"],"3891213":[20,"上水内郡飯綱町","平出"],"3890506":[20,"東御市","祢津"],"3891201":[20,"上水内郡飯綱町","芋川"],"3890100":[20,"北佐久郡軽井沢町",""],"3890502":[20,"東御市","鞍掛"],"3891224":[20,"上水内郡飯綱町","地蔵久保"],"3892601":[20,"飯山市","照岡"],"3892251":[20,"飯山市","旭"],"3892200":[20,"飯山市",""],"3892242":[20,"飯山市","其綿"],"3891302":[20,"上水内郡信濃町","古海"],"3891105":[20,"長野市","豊野町豊野"],"3890519":[20,"東御市","塩川"],"3891205":[20,"上水内郡飯綱町","川谷"],"3892253":[20,"飯山市","飯山"],"3891203":[20,"上水内郡飯綱町","赤塩"],"3890804":[20,"千曲市","戸倉"],"3890823":[20,"千曲市","新山"],"3891306":[20,"上水内郡信濃町","野尻"],"3892244":[20,"飯山市","安田"],"3890512":[20,"東御市","滋野"],"3890103":[20,"北佐久郡軽井沢町","軽井沢"],"3892611":[20,"下高井郡野沢温泉村","東大滝"],"3892232":[20,"飯山市","下木島"],"3892613":[20,"下高井郡野沢温泉村","虫生"],"3892411":[20,"飯山市","豊田"],"3890806":[20,"千曲市","磯部"],"3890205":[20,"北佐久郡御代田町","面替"],"3890505":[20,"東御市","和"],"3890201":[20,"北佐久郡御代田町","塩野"],"3892417":[20,"飯山市","中曽根"],"3890600":[20,"埴科郡坂城町",""],"3891303":[20,"上水内郡信濃町","野尻"],"3891226":[20,"上水内郡飯綱町","川上"],"3890112":[20,"北佐久郡軽井沢町","中軽井沢"],"3892413":[20,"飯山市","照里"],"3891107":[20,"長野市","豊野町南郷"],"3890401":[20,"東御市","島川原"],"3890121":[10,"安中市","松井田町峠"],"3891215":[20,"上水内郡飯綱町","小玉"],"3891314":[20,"上水内郡信濃町","穂波"],"3890101":[20,"北佐久郡軽井沢町","峠町"],"3891221":[20,"上水内郡飯綱町","古町"],"3890517":[20,"東御市","県"],"3891212":[20,"上水内郡飯綱町","豊野"],"3892371":[20,"中野市","田上"],"3892321":[20,"飯山市","瑞穂豊"],"3892503":[20,"下高井郡野沢温泉村","前坂"],"3891311":[20,"上水内郡信濃町","荒瀬原"],"3892702":[20,"下水内郡栄村","北信"],"3890604":[20,"埴科郡坂城町","網掛"],"3892322":[20,"飯山市","瑞穂"],"3892602":[20,"飯山市","一山"],"3890802":[20,"千曲市","内川"],"3892703":[20,"下水内郡栄村","堺"],"3892415":[20,"飯山市","大池"],"3891301":[20,"上水内郡信濃町","熊坂"],"3890803":[20,"千曲市","千本柳"],"3892501":[20,"下高井郡野沢温泉村","坪山"],"3891102":[20,"長野市","豊野町大倉"],"3891315":[20,"上水内郡信濃町","平岡"],"3890406":[20,"東御市","八重原"],"3891200":[20,"上水内郡飯綱町",""],"3890501":[20,"東御市","新張"],"3890115":[20,"北佐久郡軽井沢町","追分"],"3892700":[20,"下水内郡栄村",""],"3892241":[20,"飯山市","山岸"],"3890812":[20,"千曲市","羽尾"],"3890405":[20,"東御市","下之城"],"3890813":[20,"千曲市","若宮"],"3892303":[20,"下高井郡木島平村","上木島"],"3890822":[20,"千曲市","上山田"],"3890204":[20,"北佐久郡御代田町","豊昇"],"3892231":[20,"飯山市","天神堂"],"3892256":[20,"飯山市","蓮"],"3890811":[20,"千曲市","須坂"],"3892103":[20,"中野市","穴田"],"3891204":[20,"上水内郡飯綱町","倉井"],"3892234":[20,"飯山市","木島"],"3892254":[20,"飯山市","南町"],"3891202":[20,"上水内郡飯綱町","東柏原"],"3890208":[20,"北佐久郡御代田町","茂沢"],"3892258":[20,"飯山市","富倉"],"3892412":[20,"飯山市","常郷"],"3890515":[20,"東御市","常田"],"3892104":[20,"中野市","永江"],"3890602":[20,"埴科郡坂城町","中之条"],"3890805":[20,"千曲市","上徳間"],"3890518":[20,"東御市","本海野"],"3891104":[20,"長野市","豊野町浅野"],"3891206":[20,"上水内郡飯綱町","普光寺"],"3892301":[20,"下高井郡木島平村","穂高"]}
