{"8381512":[40,"朝倉市","杷木寒水"],"8380801":[40,"朝倉郡筑前町","栗田"],"8380019":[40,"朝倉市","上秋月"],"8380071":[40,"朝倉市","佐田"],"8380004":[40,"朝倉市","隈江"],"8380115":[40,"小郡市","大保"],"8380026":[40,"朝倉市","柿原"],"8381304":[40,"朝倉市","須川"],"8380047":[40,"朝倉市","徳渕"],"8380045":[40,"朝倉市","白鳥"],"8380014":[40,"朝倉市","山見"],"8380021":[40,"朝倉市","矢野竹"],"8380052":[40,"朝倉市","小隈"],"8380121":[40,"小郡市","上岩田"],"8380058":[40,"朝倉市","馬田"],"8380103":[40,"小郡市","三国が丘"],"8380011":[40,"朝倉市","秋月野鳥"],"8381301":[40,"朝倉市","烏集院"],"8380222":[40,"朝倉郡筑前町","赤坂"],"8381502":[40,"朝倉市","杷木松末"],"8380056":[40,"朝倉市","中原"],"8380036":[40,"朝倉市","片延"],"8380812":[40,"朝倉郡筑前町","大塚"],"8380067":[40,"朝倉市","牛木"],"8380205":[40,"朝倉郡筑前町","三並"],"8380038":[40,"朝倉市","鵜木"],"8380223":[40,"朝倉郡筑前町","砥上"],"8380034":[40,"朝倉市","福光"],"8380012":[40,"朝倉市","江川"],"8381515":[40,"朝倉市","杷木若市"],"8380816":[40,"朝倉郡筑前町","新町"],"8381506":[40,"朝倉市","杷木林田"],"8381521":[40,"朝倉市","杷木志波"],"8381311":[40,"朝倉市","多々連"],"8380043":[40,"朝倉市","長田"],"8380069":[40,"朝倉市","来春"],"8380125":[40,"小郡市","二タ"],"8380041":[40,"朝倉市","鎌崎"],"8380111":[40,"小郡市","吹上"],"8380003":[40,"朝倉市","楢原"],"8380134":[40,"小郡市","下西鰺坂"],"8380105":[40,"小郡市","横隈"],"8380100":[40,"小郡市",""],"8381505":[40,"朝倉市","杷木穂坂"],"8380142":[40,"小郡市","大板井"],"8380065":[40,"朝倉市","一木"],"8380815":[40,"朝倉郡筑前町","野町"],"8380061":[40,"朝倉市","菩提寺"],"8381507":[40,"朝倉市","杷木白木"],"8380127":[40,"小郡市","大崎"],"8381302":[40,"朝倉市","宮野"],"8380136":[40,"小郡市","上西鰺坂"],"8380823":[40,"朝倉郡筑前町","山隈"],"8380813":[40,"朝倉郡筑前町","依井"],"8380123":[40,"小郡市","下岩田"],"8380143":[40,"小郡市","小板井"],"8381313":[40,"朝倉市","上寺"],"8380226":[40,"朝倉郡筑前町","中牟田"],"8380013":[40,"朝倉市","田代"],"8380016":[40,"朝倉市","下渕"],"8381315":[40,"朝倉市","入地"],"8380201":[40,"朝倉郡筑前町","櫛木"],"8380138":[40,"小郡市","寺福童"],"8380132":[40,"小郡市","光行"],"8380023":[40,"朝倉市","三奈木"],"8380102":[40,"小郡市","津古"],"8380001":[40,"朝倉市","秋月"],"8381700":[40,"朝倉郡東峰村",""],"8381307":[40,"朝倉市","古毛"],"8381602":[40,"朝倉郡東峰村","小石原鼓"],"8380055":[40,"朝倉市","下浦"],"8380059":[40,"朝倉市","平塚"],"8380032":[40,"朝倉市","中島田"],"8380107":[40,"小郡市","希みが丘"],"8380821":[40,"朝倉郡筑前町","上高場"],"8380063":[40,"朝倉市","古賀"],"8380113":[40,"小郡市","山隈"],"8380046":[40,"朝倉市","倉吉"],"8380211":[40,"朝倉郡筑前町","下高場"],"8381702":[40,"朝倉郡東峰村","福井"],"8381317":[40,"朝倉市","石成"],"8380204":[40,"朝倉郡筑前町","長者町"],"8380803":[40,"朝倉郡筑前町","当所"],"8380144":[40,"小郡市","祇園"],"8380228":[40,"朝倉郡筑前町","二"],"8380128":[40,"小郡市","稲吉"],"8380068":[40,"朝倉市","甘木"],"8380124":[40,"小郡市","古飯"],"8380025":[40,"朝倉市","相窪"],"8381503":[40,"朝倉市","杷木大山"],"8380044":[40,"朝倉市","八重津"],"8380822":[40,"朝倉郡筑前町","高上"],"8380072":[40,"朝倉市","黒川"],"8381501":[40,"朝倉市","杷木赤谷"],"8380053":[40,"朝倉市","中寒水"],"8381514":[40,"朝倉市","杷木久喜宮"],"8380221":[40,"朝倉郡筑前町","吹田"],"8381513":[40,"朝倉市","杷木古賀"],"8380133":[40,"小郡市","八坂"],"8380028":[40,"朝倉市","屋形原"],"8380039":[40,"朝倉市","桑原"],"8380062":[40,"朝倉市","堤"],"8380018":[40,"朝倉市","日向石"],"8380214":[40,"朝倉郡筑前町","東小田"],"8380037":[40,"朝倉市","林田"],"8380005":[40,"朝倉市","甘水"],"8380002":[40,"朝倉市","長谷山"],"8380114":[40,"小郡市","井上"],"8380027":[40,"朝倉市","板屋"],"8380224":[40,"朝倉郡筑前町","松延"],"8380057":[40,"朝倉市","上浦"],"8380108":[40,"小郡市","美鈴の杜"],"8380022":[40,"朝倉市","城"],"8380811":[40,"朝倉郡筑前町","弥永"],"8380206":[40,"朝倉郡筑前町","曽根田"],"8380000":[40,"朝倉市",""],"8380051":[40,"朝倉市","小田"],"8380141":[40,"小郡市","小郡"],"8380042":[40,"朝倉市","上畑"],"8381306":[40,"朝倉市","山田"],"8380020":[40,"朝倉市","美奈宜の杜"],"8380112":[40,"小郡市","干潟"],"8380215":[40,"朝倉郡筑前町","篠隈"],"8381511":[40,"朝倉市","杷木池田"],"8380225":[40,"朝倉郡筑前町","石櫃"],"8380814":[40,"朝倉郡筑前町","高田"],"8380825":[40,"朝倉郡筑前町","大久保"],"8380202":[40,"朝倉郡筑前町","三箇山"],"8381701":[40,"朝倉郡東峰村","宝珠山"],"8380031":[40,"朝倉市","屋永"],"8380122":[40,"小郡市","松崎"],"8381312":[40,"朝倉市","田中"],"8381601":[40,"朝倉郡東峰村","小石原"],"8380064":[40,"朝倉市","頓田"],"8380135":[40,"小郡市","赤川"],"8380104":[40,"小郡市","乙隈"],"8381314":[40,"朝倉市","長渕"],"8380101":[40,"小郡市","美鈴が丘"],"8380126":[40,"小郡市","二森"],"8380213":[40,"朝倉郡筑前町","安野"],"8380035":[40,"朝倉市","中"],"8380802":[40,"朝倉郡筑前町","久光"],"8381305":[40,"朝倉市","菱野"],"8380804":[40,"朝倉郡筑前町","森山"],"8380817":[40,"朝倉郡筑前町","朝園"],"8380106":[40,"小郡市","三沢"],"8380048":[40,"朝倉市","金丸"],"8381504":[40,"朝倉市","杷木星丸"],"8380137":[40,"小郡市","福童"],"8380054":[40,"朝倉市","草水"],"8380024":[40,"朝倉市","牛鶴"],"8381316":[40,"朝倉市","大庭"],"8380824":[40,"朝倉郡筑前町","原地蔵"],"8380033":[40,"朝倉市","田島"],"8380015":[40,"朝倉市","持丸"],"8380207":[40,"朝倉郡筑前町","三牟田"],"8380066":[40,"朝倉市","千代丸"],"8381303":[40,"朝倉市","比良松"],"8380029":[40,"朝倉市","荷原"],"8380212":[40,"朝倉郡筑前町","四三嶋"],"8380203":[40,"朝倉郡筑前町","畑嶋"],"8380116":[40,"小郡市","力武"],"8380017":[40,"朝倉市","千手"],"8380131":[40,"小郡市","平方"],"8380227":[40,"朝倉郡筑前町","朝日"]}
