{"0620931":[1,"札幌市豊平区","平岸一条"],"0620020":[1,"札幌市豊平区","月寒中央通"],"0620054":[1,"札幌市豊平区","月寒東四条"],"0620907":[1,"札幌市豊平区","豊平七条"],"0620912":[1,"札幌市豊平区","水車町"],"0620905":[1,"札幌市豊平区","豊平五条"],"0620938":[1,"札幌市豊平区","平岸八条"],"0620932":[1,"札幌市豊平区","平岸二条"],"0620035":[1,"札幌市豊平区","西岡五条"],"0620004":[1,"札幌市豊平区","美園四条"],"0620053":[1,"札幌市豊平区","月寒東三条"],"0620010":[1,"札幌市豊平区","美園十条"],"0620935":[1,"札幌市豊平区","平岸五条"],"0620021":[1,"札幌市豊平区","月寒西一条"],"0620922":[1,"札幌市豊平区","中の島二条"],"0620003":[1,"札幌市豊平区","美園三条"],"0620001":[1,"札幌市豊平区","美園一条"],"0620009":[1,"札幌市豊平区","美園九条"],"0620002":[1,"札幌市豊平区","美園二条"],"0620034":[1,"札幌市豊平区","西岡四条"],"0620011":[1,"札幌市豊平区","美園十一条"],"0620933":[1,"札幌市豊平区","平岸三条"],"0620025":[1,"札幌市豊平区","月寒西五条"],"0620005":[1,"札幌市豊平区","美園五条"],"0620000":[1,"札幌市豊平区",""],"0620934":[1,"札幌市豊平区","平岸四条"],"0620908":[1,"札幌市豊平区","豊平八条"],"0620007":[1,"札幌市豊平区","美園七条"],"0620909":[1,"札幌市豊平区","豊平九条"],"0620936":[1,"札幌市豊平区","平岸六条"],"0620039":[1,"札幌市豊平区","西岡"],"0620052":[1,"札幌市豊平区","月寒東二条"],"0620051":[1,"札幌市豊平区","月寒東一条"],"0620022":[1,"札幌市豊平区","月寒西二条"],"0620937":[1,"札幌市豊平区","平岸七条"],"0620031":[1,"札幌市豊平区","西岡一条"],"0620921":[1,"札幌市豊平区","中の島一条"],"0620043":[1,"札幌市豊平区","福住三条"],"0620006":[1,"札幌市豊平区","美園六条"],"0620904":[1,"札幌市豊平区","豊平四条"],"0620033":[1,"札幌市豊平区","西岡三条"],"0620012":[1,"札幌市豊平区","美園十二条"],"0620903":[1,"札幌市豊平区","豊平三条"],"0620906":[1,"札幌市豊平区","豊平六条"],"0620045":[1,"札幌市豊平区","羊ケ丘"],"0620911":[1,"札幌市豊平区","旭町"],"0620023":[1,"札幌市豊平区","月寒西三条"],"0620042":[1,"札幌市豊平区","福住二条"],"0620024":[1,"札幌市豊平区","月寒西四条"],"0620008":[1,"札幌市豊平区","美園八条"],"0620901":[1,"札幌市豊平区","豊平一条"],"0620041":[1,"札幌市豊平区","福住一条"],"0620055":[1,"札幌市豊平区","月寒東五条"],"0620902":[1,"札幌市豊平区","豊平二条"],"0620032":[1,"札幌市豊平区","西岡二条"]}
