{"6128457":[26,"京都市伏見区","中島宮ノ前町"],"6128066":[26,"京都市伏見区","東堺町"],"6120061":[26,"京都市伏見区","桃山福島太夫北町"],"6128028":[26,"京都市伏見区","桃山町板倉周防"],"6128113":[26,"京都市伏見区","向島中島町"],"6128045":[26,"京都市伏見区","南浜町"],"6120805":[26,"京都市伏見区","深草開土口町"],"6128435":[26,"京都市伏見区","深草泓ノ壺町"],"6120886":[26,"京都市伏見区","深草極楽寺町"],"6128228":[26,"京都市伏見区","南新地"],"6128392":[26,"京都市伏見区","下鳥羽北ノ口町"],"6128317":[26,"京都市伏見区","堀詰町"],"6128136":[26,"京都市伏見区","向島四ツ谷池"],"6128002":[26,"京都市伏見区","桃山町山ノ下"],"6128385":[26,"京都市伏見区","下鳥羽小柳町"],"6128058":[26,"京都市伏見区","風呂屋町"],"6128417":[26,"京都市伏見区","竹田向代町川町"],"6128356":[26,"京都市伏見区","革屋町"],"6120874":[26,"京都市伏見区","深草東伊達町"],"6120842":[26,"京都市伏見区","深草大亀谷大谷町"],"6128283":[26,"京都市伏見区","横大路向ヒ"],"6128248":[26,"京都市伏見区","下鳥羽上三栖町"],"6128422":[26,"京都市伏見区","竹田七瀬川町"],"6128132":[26,"京都市伏見区","向島藤ノ木町"],"6128328":[26,"京都市伏見区","等安町"],"6128266":[26,"京都市伏見区","向島又兵衛"],"6128291":[26,"京都市伏見区","横大路天王後"],"6128243":[26,"京都市伏見区","横大路下三栖城ノ前町"],"6128071":[26,"京都市伏見区","鍛冶屋町"],"6128437":[26,"京都市伏見区","深草小久保町"],"6128063":[26,"京都市伏見区","東組町"],"6128345":[26,"京都市伏見区","西堺町"],"6120053":[26,"京都市伏見区","桃山町丹下"],"6128486":[26,"京都市伏見区","羽束師古川町"],"6120031":[26,"京都市伏見区","深草池ノ内町"],"6120038":[26,"京都市伏見区","深草仙石屋敷町"],"6128086":[26,"京都市伏見区","京町北"],"6128158":[26,"京都市伏見区","向島上五反田"],"6128107":[26,"京都市伏見区","桃陵町"],"6128336":[26,"京都市伏見区","東大黒町"],"6128374":[26,"京都市伏見区","治部町"],"6120072":[26,"京都市伏見区","桃山筒井伊賀東町"],"6120821":[26,"京都市伏見区","深草東瓦町"],"6120871":[26,"京都市伏見区","深草坊町"],"6128359":[26,"京都市伏見区","問屋町"],"6128074":[26,"京都市伏見区","指物町"],"6128341":[26,"京都市伏見区","聚楽町"],"6128082":[26,"京都市伏見区","両替町"],"6120065":[26,"京都市伏見区","桃山羽柴長吉東町"],"6128024":[26,"京都市伏見区","桃山町根来"],"6128052":[26,"京都市伏見区","瀬戸物町"],"6120864":[26,"京都市伏見区","深草鳥居崎町"],"6128025":[26,"京都市伏見区","桃山与五郎町"],"6128425":[26,"京都市伏見区","竹田田中殿町"],"6128281":[26,"京都市伏見区","横大路上ノ浜町"],"6128203":[26,"京都市伏見区","阿波橋町"],"6120014":[26,"京都市伏見区","深草稲荷鳥居前町"],"6120883":[26,"京都市伏見区","深草石峰寺山町"],"6120008":[26,"京都市伏見区","深草六反田町"],"6120037":[26,"京都市伏見区","深草関屋敷町"],"6128376":[26,"京都市伏見区","西大文字町"],"6128017":[26,"京都市伏見区","桃山南大島町"],"6128497":[26,"京都市伏見区","下鳥羽北円面田町"],"6128227":[26,"京都市伏見区","三栖向町"],"6120827":[26,"京都市伏見区","深草宮谷町"],"6120846":[26,"京都市伏見区","深草大亀谷万帖敷町"],"6120802":[26,"京都市伏見区","深草南明町"],"6128286":[26,"京都市伏見区","横大路長畑町"],"6120021":[26,"京都市伏見区","深草塚本町"],"6120084":[26,"京都市伏見区","鑓屋町"],"6128315":[26,"京都市伏見区","中之町"],"6128239":[26,"京都市伏見区","横大路三栖泥町跡町"],"6120824":[26,"京都市伏見区","深草霧ケ谷町"],"6120831":[26,"京都市伏見区","桃山町古城山"],"6128215":[26,"京都市伏見区","新中町"],"6128278":[26,"京都市伏見区","納所南城堀"],"6128401":[26,"京都市伏見区","深草下川原町"],"6120048":[26,"京都市伏見区","深草大亀谷金森出雲町"],"6120056":[26,"京都市伏見区","桃山長岡越中北町"],"6128394":[26,"京都市伏見区","下鳥羽西芹川町"],"6128044":[26,"京都市伏見区","丹後町"],"6120032":[26,"京都市伏見区","深草西飯食町"],"6120083":[26,"京都市伏見区","西桝屋町"],"6128295":[26,"京都市伏見区","横大路鍬ノ本"],"6128103":[26,"京都市伏見区","片桐町"],"6128412":[26,"京都市伏見区","竹田中川原町"],"6120047":[26,"京都市伏見区","深草大亀谷内膳町"],"6128369":[26,"京都市伏見区","村上町"],"6128323":[26,"京都市伏見区","大和町"],"6120028":[26,"京都市伏見区","深草飯食町"],"6128342":[26,"京都市伏見区","久米町"],"6128308":[26,"京都市伏見区","鳥羽町"],"6120081":[26,"京都市伏見区","深草大島屋敷町"],"6128381":[26,"京都市伏見区","下鳥羽葭田町"],"6128428":[26,"京都市伏見区","竹田西桶ノ井町"],"6120011":[26,"京都市伏見区","深草鈴塚町"],"6128318":[26,"京都市伏見区","紙子屋町"],"6120849":[26,"京都市伏見区","深草大亀谷西寺町"],"6128468":[26,"京都市伏見区","下鳥羽上向島町"],"6120877":[26,"京都市伏見区","深草僧坊町"],"6128237":[26,"京都市伏見区","横大路三栖池田屋敷町"],"6128450":[26,"京都市伏見区","竹田鳥羽殿町"],"6128449":[26,"京都市伏見区","竹田西小屋ノ内町"],"6128363":[26,"京都市伏見区","納屋町"],"6120867":[26,"京都市伏見区","深草直違橋片町"],"6128003":[26,"京都市伏見区","桃山町西尾"],"6128492":[26,"京都市伏見区","久我本町"],"6128368":[26,"京都市伏見区","周防町"],"6128481":[26,"京都市伏見区","横大路東裏町"],"6120044":[26,"京都市伏見区","深草北新町"],"6120839":[26,"京都市伏見区","深草本寺山町"],"6128388":[26,"京都市伏見区","北寝小屋町"],"6128055":[26,"京都市伏見区","伯耆町"],"6128123":[26,"京都市伏見区","向島立河原町"],"6120005":[26,"京都市伏見区","深草森吉町"],"6120071":[26,"京都市伏見区","桃山井伊掃部東町"],"6128224":[26,"京都市伏見区","葭島矢倉町"],"6120066":[26,"京都市伏見区","桃山羽柴長吉中町"],"6128273":[26,"京都市伏見区","納所和泉屋"],"6128447":[26,"京都市伏見区","竹田西内畑町"],"6128338":[26,"京都市伏見区","舞台町"],"6128054":[26,"京都市伏見区","御堂前町"],"6128231":[26,"京都市伏見区","杉本町"],"6128012":[26,"京都市伏見区","桃山町遠山"],"6120819":[26,"京都市伏見区","深草僧坊山町"],"6128373":[26,"京都市伏見区","毛利町"],"6120843":[26,"京都市伏見区","深草大亀谷古御香町"],"6128083":[26,"京都市伏見区","京町"],"6128384":[26,"京都市伏見区","下鳥羽浄春ケ前町"],"6128372":[26,"京都市伏見区","北端町"],"6128247":[26,"京都市伏見区","横大路下三栖南郷"],"6128416":[26,"京都市伏見区","竹田流池町"],"6128154":[26,"京都市伏見区","向島津田町"],"6120027":[26,"京都市伏見区","深草極楽町"],"6128473":[26,"京都市伏見区","下鳥羽広長町"],"6128496":[26,"京都市伏見区","久我西出町"],"6120808":[26,"京都市伏見区","深草稲荷榎木橋町"],"6128455":[26,"京都市伏見区","中島外山町"],"6120809":[26,"京都市伏見区","深草願成町"],"6128307":[26,"京都市伏見区","景勝町"],"6128405":[26,"京都市伏見区","深草勧進橋町"],"6128037":[26,"京都市伏見区","桃山町鍋島"],"6128225":[26,"京都市伏見区","葭島金井戸町"],"6120872":[26,"京都市伏見区","深草真宗院山町"],"6120855":[26,"京都市伏見区","桃山町永井久太郎"],"6120002":[26,"京都市伏見区","深草中川原町"],"6120062":[26,"京都市伏見区","桃山福島太夫南町"],"6128456":[26,"京都市伏見区","中島中道町"],"6120803":[26,"京都市伏見区","深草車阪町"],"6128355":[26,"京都市伏見区","東菱屋町"],"6120814":[26,"京都市伏見区","深草砥粉山町"],"6128204":[26,"京都市伏見区","八幡町"],"6128102":[26,"京都市伏見区","道阿弥町"],"6128088":[26,"京都市伏見区","桃山町金森出雲"],"6120088":[26,"京都市伏見区","深草出羽屋敷町"],"6128214":[26,"京都市伏見区","西浜町"],"6128114":[26,"京都市伏見区","向島下之町"],"6120851":[26,"京都市伏見区","深草大亀谷六躰町"],"6128027":[26,"京都市伏見区","桃山町本多上野"],"6120016":[26,"京都市伏見区","深草ケナサ町"],"6128075":[26,"京都市伏見区","桝形町"],"6128282":[26,"京都市伏見区","横大路畑中町"],"6128216":[26,"京都市伏見区","下中町"],"6128423":[26,"京都市伏見区","竹田内畑町"],"6128062":[26,"京都市伏見区","鷹匠町"],"6128335":[26,"京都市伏見区","海老屋町"],"6128321":[26,"京都市伏見区","越前町"],"6128311":[26,"京都市伏見区","奈良屋町"],"6120022":[26,"京都市伏見区","深草綿森町"],"6128207":[26,"京都市伏見区","横大路三栖山城屋敷町"],"6128391":[26,"京都市伏見区","下鳥羽芹川町"],"6128101":[26,"京都市伏見区","観音寺町"],"6128292":[26,"京都市伏見区","横大路朱雀"],"6128135":[26,"京都市伏見区","向島渡シ場町"],"6128499":[26,"京都市伏見区","下鳥羽南円面田町"],"6128007":[26,"京都市伏見区","桃山町因幡"],"6128485":[26,"京都市伏見区","羽束師志水町"],"6128033":[26,"京都市伏見区","桃山町松平武蔵"],"6128089":[26,"京都市伏見区","銀座町"],"6128436":[26,"京都市伏見区","深草新門丈町"],"6128244":[26,"京都市伏見区","横大路千両松町"],"6128469":[26,"京都市伏見区","中島河原田町"],"6120055":[26,"京都市伏見区","桃山水野左近東町"],"6128337":[26,"京都市伏見区","西大黒町"],"6128427":[26,"京都市伏見区","竹田真幡木町"],"6128072":[26,"京都市伏見区","丹波橋町"],"6128041":[26,"京都市伏見区","魚屋町"],"6120000":[26,"京都市伏見区",""],"6120847":[26,"京都市伏見区","深草大亀谷大山町"],"6128444":[26,"京都市伏見区","竹田田中宮町"],"6128314":[26,"京都市伏見区","住吉町"],"6120869":[26,"京都市伏見区","深草直違橋北"],"6128255":[26,"京都市伏見区","横大路六反畑"],"6128021":[26,"京都市伏見区","桃山町下野"],"6120852":[26,"京都市伏見区","深草大亀谷五郎太町"],"6128085":[26,"京都市伏見区","京町南"],"6120815":[26,"京都市伏見区","深草飯食山町"],"6120026":[26,"京都市伏見区","深草堀田町"],"6120854":[26,"京都市伏見区","桃山町島津"],"6128346":[26,"京都市伏見区","松屋町"],"6128332":[26,"京都市伏見区","樽屋町"],"6120828":[26,"京都市伏見区","深草砂子谷町"],"6120009":[26,"京都市伏見区","深草西川原町"],"6120085":[26,"京都市伏見区","撞木町"],"6128366":[26,"京都市伏見区","京橋町"],"6120059":[26,"京都市伏見区","桃山水野左近西町"],"6128031":[26,"京都市伏見区","桃山町松平筑前"],"6128367":[26,"京都市伏見区","山崎町"],"6128217":[26,"京都市伏見区","上中町"],"6128351":[26,"京都市伏見区","土橋町"],"6128124":[26,"京都市伏見区","向島吹田河原町"],"6128329":[26,"京都市伏見区","黒茶屋町"],"6120834":[26,"京都市伏見区","桃山町安芸山"],"6128377":[26,"京都市伏見区","島津町"],"6120818":[26,"京都市伏見区","深草中ノ郷山町"],"6128048":[26,"京都市伏見区","大阪町"],"6128111":[26,"京都市伏見区","向島橋詰町"],"6128411":[26,"京都市伏見区","竹田久保町"],"6128463":[26,"京都市伏見区","中島御所ノ内町"],"6128104":[26,"京都市伏見区","西奉行町"],"6120811":[26,"京都市伏見区","深草笹山町"],"6128201":[26,"京都市伏見区","恵美酒町"],"6120885":[26,"京都市伏見区","深草宝塔寺山町"],"6120868":[26,"京都市伏見区","深草直違橋南"],"6120862":[26,"京都市伏見区","深草大亀谷西久宝寺町"],"6128324":[26,"京都市伏見区","小豆屋町"],"6120829":[26,"京都市伏見区","深草谷口町"],"6120836":[26,"京都市伏見区","深草大亀谷安信町"],"6120006":[26,"京都市伏見区","深草上横縄町"],"6128395":[26,"京都市伏見区","下鳥羽東芹川町"],"6128452":[26,"京都市伏見区","中島堀端町"],"6128274":[26,"京都市伏見区","納所星柳"],"6120873":[26,"京都市伏見区","深草瓦町"],"6128232":[26,"京都市伏見区","三栖半町"],"6128484":[26,"京都市伏見区","羽束師鴨川町"],"6128009":[26,"京都市伏見区","桃山町見附町"],"6128448":[26,"京都市伏見区","竹田東小屋ノ内町"],"6128061":[26,"京都市伏見区","竹中町"],"6128285":[26,"京都市伏見区","横大路龍ケ池"],"6128256":[26,"京都市伏見区","横大路前川町"],"6128364":[26,"京都市伏見区","下油掛町"],"6120034":[26,"京都市伏見区","深草七瀬川町"],"6128238":[26,"京都市伏見区","横大路下三栖山殿"],"6128302":[26,"京都市伏見区","雁金町"],"6128325":[26,"京都市伏見区","清水町"],"6128319":[26,"京都市伏見区","石屋町"],"6128498":[26,"京都市伏見区","下鳥羽中円面田町"],"6128268":[26,"京都市伏見区","納所大野"],"6128006":[26,"京都市伏見区","桃山町大島"],"6128306":[26,"京都市伏見区","下神泉苑町"],"6128466":[26,"京都市伏見区","下鳥羽城ノ越町"],"6120844":[26,"京都市伏見区","深草大亀谷東古御香町"],"6120082":[26,"京都市伏見区","深草山村町"],"6128121":[26,"京都市伏見区","向島善阿弥町"],"6128015":[26,"京都市伏見区","桃山町和泉"],"6128439":[26,"京都市伏見区","深草五反田町"],"6128371":[26,"京都市伏見区","竹田松林町"],"6128461":[26,"京都市伏見区","中島流作町"],"6120041":[26,"京都市伏見区","深草北鍵屋町"],"6128261":[26,"京都市伏見区","横大路西海道"],"6120865":[26,"京都市伏見区","深草藤森玄蕃町"],"6120837":[26,"京都市伏見区","深草稲荷山町"],"6128246":[26,"京都市伏見区","横大路芝生"],"6128208":[26,"京都市伏見区","下鳥羽但馬町"],"6120025":[26,"京都市伏見区","深草キトロ町"],"6128477":[26,"京都市伏見区","下鳥羽中三町"],"6128415":[26,"京都市伏見区","竹田中島町"],"6128476":[26,"京都市伏見区","下鳥羽北三町"],"6120051":[26,"京都市伏見区","墨染町"],"6128125":[26,"京都市伏見区","向島東泉寺町"],"6128076":[26,"京都市伏見区","南尼崎町"],"6128004":[26,"京都市伏見区","桃山町町並"],"6128471":[26,"京都市伏見区","下鳥羽長田町"],"6128488":[26,"京都市伏見区","下鳥羽東柳長町"],"6128011":[26,"京都市伏見区","桃山町伊庭"],"6128347":[26,"京都市伏見区","成町"],"6128357":[26,"京都市伏見区","帯屋町"],"6128493":[26,"京都市伏見区","久我御旅町"],"6128036":[26,"京都市伏見区","桃山町立売"],"6128064":[26,"京都市伏見区","紺屋町"],"6128153":[26,"京都市伏見区","向島二本柳"],"6128013":[26,"京都市伏見区","桃山町西町"],"6128026":[26,"京都市伏見区","桃山町伊賀"],"6128296":[26,"京都市伏見区","横大路柿ノ本町"],"6128241":[26,"京都市伏見区","横大路下三栖辻堂町"],"6120823":[26,"京都市伏見区","深草東軸町"],"6128053":[26,"京都市伏見区","東大手町"],"6128443":[26,"京都市伏見区","竹田藁屋町"],"6120888":[26,"京都市伏見区","深草大門町"],"6128361":[26,"京都市伏見区","片原町"],"6128433":[26,"京都市伏見区","深草善導寺町"],"6128152":[26,"京都市伏見区","向島新上林"],"6128297":[26,"京都市伏見区","横大路貴船"],"6128218":[26,"京都市伏見区","北浜町"],"6128245":[26,"京都市伏見区","横大路下三栖宮ノ後"],"6128108":[26,"京都市伏見区","奉行前町"],"6120807":[26,"京都市伏見区","深草稲荷中之町"],"6128022":[26,"京都市伏見区","桃山町駿河"],"6120089":[26,"京都市伏見区","深草佐野屋敷町"],"6120042":[26,"京都市伏見区","深草芳永町"],"6128019":[26,"京都市伏見区","桃山町新町"],"6128402":[26,"京都市伏見区","深草川久保町"],"6120003":[26,"京都市伏見区","深草藤田坪町"],"6120804":[26,"京都市伏見区","稲荷山官有地"],"6120052":[26,"京都市伏見区","深草墨染町"],"6120068":[26,"京都市伏見区","桃山福島太夫西町"],"6128265":[26,"京都市伏見区","葭島渡場島町"],"6120833":[26,"京都市伏見区","深草大亀谷岩山町"],"6128254":[26,"京都市伏見区","横大路北ノ口町"],"6128301":[26,"京都市伏見区","加賀屋町"],"6128042":[26,"京都市伏見区","柿木浜町"],"6120822":[26,"京都市伏見区","深草鞍ケ谷"],"6128343":[26,"京都市伏見区","聚楽町"],"6128134":[26,"京都市伏見区","向島清水町"],"6128414":[26,"京都市伏見区","竹田段川原町"],"6128205":[26,"京都市伏見区","横大路三栖大黒町"],"6128038":[26,"京都市伏見区","鍋島町"],"6128419":[26,"京都市伏見区","竹田北三ツ杭町"],"6120013":[26,"京都市伏見区","深草祓川町"],"6128221":[26,"京都市伏見区","弾正町"],"6128051":[26,"京都市伏見区","今町"],"6128331":[26,"京都市伏見区","菊屋町"],"6128365":[26,"京都市伏見区","車町"],"6120826":[26,"京都市伏見区","深草兜山町"],"6128084":[26,"京都市伏見区","京町８丁目横町"],"6128213":[26,"京都市伏見区","東浜南町"],"6128293":[26,"京都市伏見区","横大路橋本"],"6128403":[26,"京都市伏見区","深草ヲカヤ町"],"6120017":[26,"京都市伏見区","深草今在家町"],"6120812":[26,"京都市伏見区","深草坊山町"],"6120058":[26,"京都市伏見区","桃山長岡越中南町"],"6128262":[26,"京都市伏見区","横大路神宮寺"],"6128073":[26,"京都市伏見区","下板橋町"],"6128434":[26,"京都市伏見区","深草加賀屋敷町"],"6120882":[26,"京都市伏見区","深草薮之内町"],"6128115":[26,"京都市伏見区","向島中之町"],"6120074":[26,"京都市伏見区","桃山井伊掃部西町"],"6128279":[26,"京都市伏見区","納所北城堀"],"6128275":[26,"京都市伏見区","納所町"],"6128445":[26,"京都市伏見区","竹田浄菩提院町"],"6128105":[26,"京都市伏見区","東奉行町"],"6120007":[26,"京都市伏見区","深草下横縄町"],"6120861":[26,"京都市伏見区","深草向畑町"],"6120806":[26,"京都市伏見区","深草開土町"],"6128065":[26,"京都市伏見区","御駕篭町"],"6128354":[26,"京都市伏見区","西町"],"6120879":[26,"京都市伏見区","深草西出町"],"6128131":[26,"京都市伏見区","向島丸町"],"6128495":[26,"京都市伏見区","久我森の宮町"],"6120018":[26,"京都市伏見区","深草フケノ内町"],"6128313":[26,"京都市伏見区","西鍵屋町"],"6120035":[26,"京都市伏見区","深草北蓮池町"],"6128276":[26,"京都市伏見区","納所薬師堂"],"6128464":[26,"京都市伏見区","中島前山町"],"6128421":[26,"京都市伏見区","竹田桶ノ井町"],"6128327":[26,"京都市伏見区","西朱雀町"],"6128029":[26,"京都市伏見区","桃山町三河"],"6128305":[26,"京都市伏見区","上神泉苑町"],"6120889":[26,"京都市伏見区","深草直違橋"],"6128001":[26,"京都市伏見区","桃山町日向"],"6128483":[26,"京都市伏見区","横大路草津町"],"6120876":[26,"京都市伏見区","深草西伊達町"],"6128490":[26,"京都市伏見区","下鳥羽南柳長町"],"6128155":[26,"京都市伏見区","向島東定請"],"6128057":[26,"京都市伏見区","平野町"],"6128222":[26,"京都市伏見区","平戸町"],"6120054":[26,"京都市伏見区","桃山最上町"],"6120086":[26,"京都市伏見区","桃山町真斉"],"6128016":[26,"京都市伏見区","桃山町養斉"],"6128047":[26,"京都市伏見区","上油掛町"],"6120841":[26,"京都市伏見区","深草大亀谷東久宝寺町"],"6128303":[26,"京都市伏見区","菱屋町"],"6128272":[26,"京都市伏見区","納所中河原"],"6120875":[26,"京都市伏見区","深草枯木町"],"6128112":[26,"京都市伏見区","向島本丸町"],"6128284":[26,"京都市伏見区","横大路畔ノ内"],"6128494":[26,"京都市伏見区","久我東町"],"6128106":[26,"京都市伏見区","豊後橋町"],"6128202":[26,"京都市伏見区","過書町"],"6128442":[26,"京都市伏見区","竹田狩賀町"],"6128078":[26,"京都市伏見区","大宮町"],"6120832":[26,"京都市伏見区","深草大亀谷東安信町"],"6128043":[26,"京都市伏見区","本材木町"],"6128067":[26,"京都市伏見区","城通町"],"6128223":[26,"京都市伏見区","桃山町弾正島"],"6128211":[26,"京都市伏見区","東柳町"],"6120881":[26,"京都市伏見区","深草稲荷御前町"],"6120064":[26,"京都市伏見区","桃山毛利長門西町"],"6128219":[26,"京都市伏見区","表町"],"6128316":[26,"京都市伏見区","上板橋町"],"6128431":[26,"京都市伏見区","深草越後屋敷町"],"6128482":[26,"京都市伏見区","横大路中ノ庄町"],"6128418":[26,"京都市伏見区","竹田向代町"],"6128233":[26,"京都市伏見区","三栖町"],"6120835":[26,"京都市伏見区","桃山紅雪町"],"6128081":[26,"京都市伏見区","新町"],"6128005":[26,"京都市伏見区","桃山町中島町"],"6128352":[26,"京都市伏見区","肥後町"],"6128386":[26,"京都市伏見区","下鳥羽澱女町"],"6120884":[26,"京都市伏見区","深草西出山町"],"6128375":[26,"京都市伏見区","川東町"],"6128151":[26,"京都市伏見区","向島上林町"],"6128122":[26,"京都市伏見区","向島庚申町"],"6128287":[26,"京都市伏見区","横大路中ノ島町"],"6128253":[26,"京都市伏見区","横大路八反田"],"6120887":[26,"京都市伏見区","深草野手町"],"6128478":[26,"京都市伏見区","下鳥羽南三町"],"6128032":[26,"京都市伏見区","桃山筑前台町"],"6128487":[26,"京都市伏見区","羽束師菱川町"],"6128263":[26,"京都市伏見区","横大路下ノ坪"],"6128333":[26,"京都市伏見区","白銀町"],"6120043":[26,"京都市伏見区","深草芳本町"],"6120816":[26,"京都市伏見区","深草馬谷町"],"6128326":[26,"京都市伏見区","東朱雀町"],"6128429":[26,"京都市伏見区","竹田西段川原町"],"6128426":[26,"京都市伏見区","竹田青池町"],"6128249":[26,"京都市伏見区","横大路沼"],"6128462":[26,"京都市伏見区","中島秋ノ山町"],"6120856":[26,"京都市伏見区","桃山町正宗"],"6120073":[26,"京都市伏見区","桃山筒井伊賀西町"],"6128023":[26,"京都市伏見区","桃山町美濃"],"6128362":[26,"京都市伏見区","西大手町"],"6120001":[26,"京都市伏見区","深草下高松町"],"6128242":[26,"京都市伏見区","横大路下三栖梶原町"],"6128046":[26,"京都市伏見区","塩屋町"],"6128235":[26,"京都市伏見区","横大路下三栖東ノ口"],"6120036":[26,"京都市伏見区","深草南蓮池町"],"6128209":[26,"京都市伏見区","下鳥羽南六反長町"],"6128014":[26,"京都市伏見区","桃山町大津町"],"6128257":[26,"京都市伏見区","横大路富ノ森町"],"6128491":[26,"京都市伏見区","久我石原町"],"6128212":[26,"京都市伏見区","西柳町"],"6120023":[26,"京都市伏見区","深草町通町"],"6128234":[26,"京都市伏見区","横大路三栖木下屋敷町"],"6120057":[26,"京都市伏見区","桃山長岡越中東町"],"6120825":[26,"京都市伏見区","深草鐙ケ谷町"],"6128141":[26,"京都市伏見区","向島二ノ丸町"],"6128294":[26,"京都市伏見区","横大路天王前"],"6128277":[26,"京都市伏見区","納所妙徳寺"],"6120878":[26,"京都市伏見区","深草田谷町"],"6120848":[26,"京都市伏見区","深草大亀谷東寺町"],"6128459":[26,"京都市伏見区","中島鳥羽離宮町"],"6128312":[26,"京都市伏見区","津知橋町"],"6128441":[26,"京都市伏見区","竹田醍醐田町"],"6120029":[26,"京都市伏見区","深草西浦町"],"6120813":[26,"京都市伏見区","深草極楽寺山町"],"6128334":[26,"京都市伏見区","東大文字町"],"6128413":[26,"京都市伏見区","竹田三ツ杭町"],"6128018":[26,"京都市伏見区","桃山町丹後"],"6120004":[26,"京都市伏見区","深草相深町"],"6128077":[26,"京都市伏見区","北尼崎町"],"6120845":[26,"京都市伏見区","深草大亀谷敦賀町"],"6128034":[26,"京都市伏見区","桃山町泰長老"],"6128109":[26,"京都市伏見区","讃岐町"],"6128252":[26,"京都市伏見区","横大路一本木"],"6128264":[26,"京都市伏見区","横大路松林"],"6128432":[26,"京都市伏見区","深草柴田屋敷町"],"6120019":[26,"京都市伏見区","深草平田町"],"6120015":[26,"京都市伏見区","深草ススハキ町"],"6120049":[26,"京都市伏見区","深草中ノ島町"],"6128404":[26,"京都市伏見区","深草向川原町"],"6128087":[26,"京都市伏見区","京町大黒町"],"6128358":[26,"京都市伏見区","西尼崎町"],"6128322":[26,"京都市伏見区","桝屋町"],"6128056":[26,"京都市伏見区","中油掛町"],"6120863":[26,"京都市伏見区","深草藤森町"],"6120817":[26,"京都市伏見区","深草向ケ原町"],"6128379":[26,"京都市伏見区","南寝小屋町"],"6128059":[26,"京都市伏見区","南部町"],"6128157":[26,"京都市伏見区","向島大黒"],"6128393":[26,"京都市伏見区","下鳥羽渡瀬町"],"6120866":[26,"京都市伏見区","深草十九軒町"],"6128039":[26,"京都市伏見区","御香宮門前町"],"6128206":[26,"京都市伏見区","下鳥羽六反長町"],"6120087":[26,"京都市伏見区","深草紺屋町"],"6128133":[26,"京都市伏見区","向島鷹場町"],"6120045":[26,"京都市伏見区","深草石橋町"],"6120046":[26,"京都市伏見区","深草大亀谷八島町"],"6120012":[26,"京都市伏見区","深草一ノ坪町"],"6128387":[26,"京都市伏見区","下鳥羽平塚町"],"6120853":[26,"京都市伏見区","桃山町大蔵"],"6128467":[26,"京都市伏見区","下鳥羽前田町"],"6120801":[26,"京都市伏見区","深草正覚町"],"6128236":[26,"京都市伏見区","横大路下三栖里ノ内"],"6128446":[26,"京都市伏見区","竹田中内畑町"],"6128344":[26,"京都市伏見区","大津町"],"6128489":[26,"京都市伏見区","下鳥羽西柳長町"],"6128226":[26,"京都市伏見区","桃山町金井戸島"],"6120033":[26,"京都市伏見区","深草寺内町"],"6128008":[26,"京都市伏見区","桃山町東町"],"6128116":[26,"京都市伏見区","向島西堤町"],"6128156":[26,"京都市伏見区","向島西定請"],"6128304":[26,"京都市伏見区","榎町"],"6120063":[26,"京都市伏見区","桃山毛利長門東町"],"6128271":[26,"京都市伏見区","納所岸ノ下"],"6128465":[26,"京都市伏見区","中島樋ノ上町"],"6128251":[26,"京都市伏見区","横大路菅本"],"6128353":[26,"京都市伏見区","東町"],"6128267":[26,"京都市伏見区","納所下野"],"6128451":[26,"京都市伏見区","中島北ノ口町"],"6128454":[26,"京都市伏見区","竹田泓ノ川町"],"6120838":[26,"京都市伏見区","深草神明講谷町"],"6128438":[26,"京都市伏見区","深草フチ町"],"6120024":[26,"京都市伏見区","深草野田町"],"6120067":[26,"京都市伏見区","桃山羽柴長吉西町"]}
