{"6050926":[26,"京都市東山区","今熊野北日吉町"],"6050027":[26,"京都市東山区","八軒町"],"6050051":[26,"京都市東山区","粟田口鍛冶町"],"6050846":[26,"京都市東山区","五条橋東"],"6050875":[26,"京都市東山区","鐘鋳町"],"6050063":[26,"京都市東山区","松原町"],"6050828":[26,"京都市東山区","金園町"],"6050947":[26,"京都市東山区","西之門町"],"6050952":[26,"京都市東山区","今熊野宝蔵町"],"6050018":[26,"京都市東山区","巽町"],"6050931":[26,"京都市東山区","茶屋町"],"6050075":[26,"京都市東山区","中之町"],"6050993":[26,"京都市東山区","日吉町"],"6050012":[26,"京都市東山区","西海子町"],"6050961":[26,"京都市東山区","新瓦町西組"],"6050045":[26,"京都市東山区","谷川町"],"6050991":[26,"京都市東山区","上堀詰町"],"6050971":[26,"京都市東山区","今熊野椥ノ森町"],"6050838":[26,"京都市東山区","西川原町"],"6050842":[26,"京都市東山区","三盛町"],"6050034":[26,"京都市東山区","中之町"],"6050984":[26,"京都市東山区","福稲高原町"],"6050837":[26,"京都市東山区","山田町"],"6050874":[26,"京都市東山区","常盤町"],"6050873":[26,"京都市東山区","下馬町"],"6050802":[26,"京都市東山区","大和町"],"6050079":[26,"京都市東山区","常盤町"],"6050975":[26,"京都市東山区","泉涌寺雀ケ森町"],"6050073":[26,"京都市東山区","祇園町北側"],"6050904":[26,"京都市東山区","大阪町"],"6050009":[26,"京都市東山区","大橋町"],"6050025":[26,"京都市東山区","堤町"],"6050811":[26,"京都市東山区","小松町"],"6050974":[26,"京都市東山区","泉涌寺五葉ノ辻町"],"6050871":[26,"京都市東山区","慈法院庵町"],"6050081":[26,"京都市東山区","三吉町"],"6050021":[26,"京都市東山区","石泉院町"],"6050985":[26,"京都市東山区","福稲柿本町"],"6050908":[26,"京都市東山区","正面町"],"6050922":[26,"京都市東山区","清閑寺山ノ内町"],"6050832":[26,"京都市東山区","大黒町"],"6050083":[26,"京都市東山区","橋本町"],"6050963":[26,"京都市東山区","本瓦町"],"6050835":[26,"京都市東山区","田中町"],"6050804":[26,"京都市東山区","井手町"],"6050863":[26,"京都市東山区","梅林町"],"6050862":[26,"京都市東山区","清水"],"6050852":[26,"京都市東山区","上田町"],"6050061":[26,"京都市東山区","梅宮町"],"6050973":[26,"京都市東山区","泉涌寺門前町"],"6050812":[26,"京都市東山区","毘沙門町"],"6050824":[26,"京都市東山区","南町"],"6050844":[26,"京都市東山区","多門町"],"6050954":[26,"京都市東山区","今熊野小松山町"],"6050831":[26,"京都市東山区","山城町"],"6050923":[26,"京都市東山区","清閑寺池田町"],"6050016":[26,"京都市東山区","進之町"],"6050936":[26,"京都市東山区","蛭子町南組"],"6050941":[26,"京都市東山区","三十三間堂廻り町"],"6050956":[26,"京都市東山区","今熊野梅ケ谷町"],"6050017":[26,"京都市東山区","高畑町"],"6050002":[26,"京都市東山区","教業町"],"6050834":[26,"京都市東山区","金屋町"],"6050877":[26,"京都市東山区","上新シ町"],"6050977":[26,"京都市東山区","泉涌寺山内町"],"6050966":[26,"京都市東山区","下池田町"],"6050008":[26,"京都市東山区","大黒町"],"6050981":[26,"京都市東山区","本町"],"6050826":[26,"京都市東山区","桝屋町"],"6050028":[26,"京都市東山区","分木町"],"6050007":[26,"京都市東山区","五軒町"],"6050901":[26,"京都市東山区","朱雀町"],"6050858":[26,"京都市東山区","小島町"],"6050943":[26,"京都市東山区","七軒町"],"6050962":[26,"京都市東山区","新瓦町東組"],"6050821":[26,"京都市東山区","清井町"],"6050968":[26,"京都市東山区","上池田町"],"6050814":[26,"京都市東山区","薬師町"],"6050912":[26,"京都市東山区","石垣町西側"],"6050076":[26,"京都市東山区","川端町"],"6050917":[26,"京都市東山区","蛭子町北組"],"6050808":[26,"京都市東山区","下柳町"],"6050085":[26,"京都市東山区","末吉町"],"6050827":[26,"京都市東山区","八坂上町"],"6050979":[26,"京都市東山区","今熊野南谷町"],"6050937":[26,"京都市東山区","下棟梁町"],"6050942":[26,"京都市東山区","蒔田町"],"6050983":[26,"京都市東山区","福稲上高松町"],"6050067":[26,"京都市東山区","稲荷町南組"],"6050806":[26,"京都市東山区","六軒町"],"6050000":[26,"京都市東山区",""],"6050037":[26,"京都市東山区","西町"],"6050855":[26,"京都市東山区","辰巳町"],"6050989":[26,"京都市東山区","本町新"],"6050006":[26,"京都市東山区","新五軒町"],"6050044":[26,"京都市東山区","東小物座町"],"6050987":[26,"京都市東山区","福稲御所ノ内町"],"6050052":[26,"京都市東山区","粟田口華頂町"],"6050065":[26,"京都市東山区","古西町"],"6050087":[26,"京都市東山区","元吉町"],"6050089":[26,"京都市東山区","元町"],"6050043":[26,"京都市東山区","西小物座町"],"6050071":[26,"京都市東山区","円山町"],"6050011":[26,"京都市東山区","七軒町"],"6050004":[26,"京都市東山区","若松町"],"6050915":[26,"京都市東山区","下梅屋町"],"6050902":[26,"京都市東山区","鞘町"],"6050933":[26,"京都市東山区","大和大路"],"6050815":[26,"京都市東山区","北御門町"],"6050856":[26,"京都市東山区","新シ町"],"6050848":[26,"京都市東山区","池殿町"],"6050913":[26,"京都市東山区","石垣町東側"],"6050925":[26,"京都市東山区","今熊野日吉町"],"6050032":[26,"京都市東山区","柚之木町"],"6050014":[26,"京都市東山区","北木之元町"],"6050853":[26,"京都市東山区","星野町"],"6050069":[26,"京都市東山区","唐戸鼻町"],"6050841":[26,"京都市東山区","山崎町"],"6050964":[26,"京都市東山区","南瓦町"],"6050035":[26,"京都市東山区","粟田口三条坊町"],"6050019":[26,"京都市東山区","長光町"],"6050921":[26,"京都市東山区","瓦役町"],"6050074":[26,"京都市東山区","祇園町南側"],"6050878":[26,"京都市東山区","芳野町"],"6050967":[26,"京都市東山区","本池田町"],"6050001":[26,"京都市東山区","二町目"],"6050932":[26,"京都市東山区","妙法院前側町"],"6050945":[26,"京都市東山区","辰巳町"],"6050813":[26,"京都市東山区","轆轤町"],"6050876":[26,"京都市東山区","上梅屋町"],"6050994":[26,"京都市東山区","一橋宮ノ内町"],"6050801":[26,"京都市東山区","宮川筋"],"6050957":[26,"京都市東山区","今熊野泉山町"],"6050938":[26,"京都市東山区","南梅屋町"],"6050817":[26,"京都市東山区","弓矢町"],"6050927":[26,"京都市東山区","上馬町"],"6050825":[26,"京都市東山区","下河原町"],"6050062":[26,"京都市東山区","林下町"],"6050924":[26,"京都市東山区","今熊野阿弥陀ケ峰町"],"6050078":[26,"京都市東山区","富永町"],"6050823":[26,"京都市東山区","下弁天町"],"6050022":[26,"京都市東山区","大井手町"],"6050836":[26,"京都市東山区","森下町"],"6050839":[26,"京都市東山区","東川原町"],"6050903":[26,"京都市東山区","上人町"],"6050084":[26,"京都市東山区","清本町"],"6050864":[26,"京都市東山区","遊行前町"],"6050038":[26,"京都市東山区","堀池町"],"6050918":[26,"京都市東山区","北棟梁町"],"6050042":[26,"京都市東山区","今道町"],"6050992":[26,"京都市東山区","下堀詰町"],"6050946":[26,"京都市東山区","北斗町"],"6050944":[26,"京都市東山区","南棟梁町"],"6050003":[26,"京都市東山区","若竹町"],"6050872":[26,"京都市東山区","東音羽町"],"6050013":[26,"京都市東山区","南西海子町"],"6050026":[26,"京都市東山区","古川町"],"6050064":[26,"京都市東山区","梅本町"],"6050803":[26,"京都市東山区","亀井町"],"6050907":[26,"京都市東山区","西橘町"],"6050951":[26,"京都市東山区","東瓦町"],"6050861":[26,"京都市東山区","清閑寺霊山町"],"6050965":[26,"京都市東山区","今熊野池田町"],"6050029":[26,"京都市東山区","東姉小路町"],"6050046":[26,"京都市東山区","東分木町"],"6050905":[26,"京都市東山区","豊浦町"],"6050031":[26,"京都市東山区","定法寺町"],"6050857":[26,"京都市東山区","興善町"],"6050972":[26,"京都市東山区","今熊野剣宮町"],"6050041":[26,"京都市東山区","東町"],"6050953":[26,"京都市東山区","今熊野南日吉町"],"6050955":[26,"京都市東山区","今熊野総山町"],"6050976":[26,"京都市東山区","泉涌寺東林町"],"6050833":[26,"京都市東山区","音羽町"],"6050988":[26,"京都市東山区","福稲川原町"],"6050847":[26,"京都市東山区","東橋詰町"],"6050072":[26,"京都市東山区","鷲尾町"],"6050005":[26,"京都市東山区","三町目"],"6050854":[26,"京都市東山区","月輪町"],"6050023":[26,"京都市東山区","今小路町"],"6050843":[26,"京都市東山区","門脇町"],"6050935":[26,"京都市東山区","西棟梁町"],"6050086":[26,"京都市東山区","弁財天町"],"6050851":[26,"京都市東山区","玉水町"],"6050978":[26,"京都市東山区","今熊野本多山町"],"6050822":[26,"京都市東山区","上弁天町"],"6050982":[26,"京都市東山区","福稲下高松町"],"6050995":[26,"京都市東山区","一橋野本町"],"6050066":[26,"京都市東山区","石橋町"],"6050845":[26,"京都市東山区","竹村町"],"6050036":[26,"京都市東山区","五軒町"],"6050816":[26,"京都市東山区","西御門町"],"6050015":[26,"京都市東山区","南木之元町"],"6050082":[26,"京都市東山区","中之町"],"6050914":[26,"京都市東山区","下新シ町"],"6050068":[26,"京都市東山区","稲荷町北組"],"6050911":[26,"京都市東山区","袋町"],"6050805":[26,"京都市東山区","博多町"],"6050865":[26,"京都市東山区","白糸町"],"6050909":[26,"京都市東山区","鍵屋町"],"6050934":[26,"京都市東山区","塗師屋町"],"6050829":[26,"京都市東山区","月見町"],"6050986":[26,"京都市東山区","福稲岸ノ上町"],"6050916":[26,"京都市東山区","上棟梁町"],"6050807":[26,"京都市東山区","上柳町"],"6050906":[26,"京都市東山区","東橘町"],"6050088":[26,"京都市東山区","西之町"],"6050077":[26,"京都市東山区","廿一軒町"],"6050033":[26,"京都市東山区","夷町"],"6050024":[26,"京都市東山区","土居之内町"]}
