{"4270037":[22,"島田市","河原"],"4270059":[22,"島田市","新田町"],"4270058":[22,"島田市","祇園町"],"4270043":[22,"島田市","中溝"],"4270036":[22,"島田市","三ツ合町"],"4270009":[22,"島田市","尾川"],"4270101":[22,"島田市","大柳"],"4270061":[22,"島田市","ばらの丘"],"4270107":[22,"島田市","船木"],"4270108":[22,"島田市","牧之原"],"4270052":[22,"島田市","松葉町"],"4270019":[22,"島田市","道悦"],"4270034":[22,"島田市","伊太"],"4270011":[22,"島田市","東町"],"4270014":[22,"島田市","道悦島"],"4270054":[22,"島田市","高砂町"],"4270055":[22,"島田市","新町通"],"4270102":[22,"島田市","大柳南"],"4270105":[22,"島田市","南原"],"4270008":[22,"島田市","落合"],"4270025":[22,"島田市","大井町"],"4270051":[22,"島田市","元島田東町"],"4270039":[22,"島田市","向谷"],"4270028":[22,"島田市","栄町"],"4270046":[22,"島田市","若松町"],"4270024":[22,"島田市","横井"],"4270232":[22,"島田市","伊久美"],"4270026":[22,"島田市","扇町"],"4270047":[22,"島田市","中溝町"],"4270104":[22,"島田市","井口"],"4270022":[22,"島田市","本通"],"4270006":[22,"島田市","阿知ケ谷"],"4270015":[22,"島田市","高島町"],"4270033":[22,"島田市","相賀"],"4270233":[22,"島田市","身成"],"4270016":[22,"島田市","宝来町"],"4270023":[22,"島田市","大川町"],"4270041":[22,"島田市","中河町"],"4270018":[22,"島田市","旭"],"4270027":[22,"島田市","幸町"],"4270044":[22,"島田市","宮川町"],"4270007":[22,"島田市","野田"],"4270112":[22,"島田市","月坂"],"4270031":[22,"島田市","鵜網"],"4270048":[22,"島田市","旗指"],"4270045":[22,"島田市","向島町"],"4270021":[22,"島田市","柳町"],"4270035":[22,"島田市","向谷元町"],"4270053":[22,"島田市","御仮屋町"],"4270057":[22,"島田市","元島田"],"4270032":[22,"島田市","神座"],"4270029":[22,"島田市","日之出町"],"4270005":[22,"島田市","岸町"],"4270002":[22,"島田市","大草"],"4270013":[22,"島田市","御請"],"4270103":[22,"島田市","中河"],"4270111":[22,"島田市","阪本"],"4270042":[22,"島田市","中央町"],"4270106":[22,"島田市","岡田"],"4270004":[22,"島田市","岸"],"4270056":[22,"島田市","大津通"],"4270231":[22,"島田市","笹間下"],"4270003":[22,"島田市","東光寺"],"4270000":[22,"島田市",""],"4270012":[22,"島田市","細島"],"4270017":[22,"島田市","南"],"4270001":[22,"島田市","千葉"],"4270038":[22,"島田市","稲荷"],"4270113":[22,"島田市","湯日"]}
