{"7620017":[37,"坂出市","高屋町"],"7620083":[37,"丸亀市","飯山町下法軍寺"],"7620081":[37,"丸亀市","飯山町東坂元"],"7620004":[37,"坂出市","昭和町"],"7620054":[37,"坂出市","西大浜南"],"7620024":[37,"坂出市","府中町"],"7620065":[37,"坂出市","番の州緑町"],"7620037":[37,"坂出市","青葉町"],"7620056":[37,"坂出市","中央町"],"7620066":[37,"坂出市","沙弥島"],"7620085":[37,"丸亀市","飯山町東小川"],"7620002":[37,"坂出市","入船町"],"7620044":[37,"坂出市","本町"],"7620042":[37,"坂出市","白金町"],"7620047":[37,"坂出市","新浜町"],"7620021":[37,"坂出市","西庄町"],"7620027":[37,"坂出市","大池町"],"7620012":[37,"坂出市","林田町"],"7620000":[37,"坂出市",""],"7620013":[37,"坂出市","王越町乃生"],"7620053":[37,"坂出市","西大浜北"],"7620025":[37,"坂出市","川津町"],"7620038":[37,"坂出市","笠指町"],"7620046":[37,"坂出市","富士見町"],"7620006":[37,"坂出市","旭町"],"7620058":[37,"坂出市","常盤町"],"7620082":[37,"丸亀市","飯山町川原"],"7620064":[37,"坂出市","番の州町"],"7620023":[37,"坂出市","加茂町"],"7620036":[37,"坂出市","花町"],"7620067":[37,"坂出市","瀬居町"],"7620014":[37,"坂出市","王越町木沢"],"7620063":[37,"坂出市","番の州公園"],"7620003":[37,"坂出市","久米町"],"7620072":[37,"坂出市","岩黒"],"7620035":[37,"坂出市","池園町"],"7620055":[37,"坂出市","築港町"],"7620051":[37,"坂出市","御供所町"],"7620022":[37,"坂出市","加茂町甲"],"7620016":[37,"坂出市","青海町"],"7620086":[37,"丸亀市","飯山町真時"],"7620073":[37,"坂出市","櫃石"],"7620057":[37,"坂出市","宮下町"],"7620062":[37,"坂出市","川崎町"],"7620043":[37,"坂出市","寿町"],"7620087":[37,"丸亀市","飯山町西坂元"],"7620071":[37,"坂出市","与島町"],"7620026":[37,"坂出市","小山町"],"7620015":[37,"坂出市","大屋冨町"],"7620005":[37,"坂出市","横津町"],"7620034":[37,"坂出市","福江町"],"7620052":[37,"坂出市","沖の浜"],"7620041":[37,"坂出市","八幡町"],"7620032":[37,"坂出市","駒止町"],"7620084":[37,"丸亀市","飯山町上法軍寺"],"7620011":[37,"坂出市","江尻町"],"7620033":[37,"坂出市","谷町"],"7620007":[37,"坂出市","室町"],"7620001":[37,"坂出市","京町"],"7620045":[37,"坂出市","元町"],"7620018":[37,"坂出市","神谷町"],"7620061":[37,"坂出市","坂出町"],"7620031":[37,"坂出市","文京町"]}
