{"8510301":[42,"長崎市","深堀町"],"8513507":[42,"西海市","西海町天久保郷"],"8512105":[42,"西彼杵郡時津町","浦郷"],"8510121":[42,"長崎市","宿町"],"8510111":[42,"長崎市","上戸石町"],"8511133":[42,"長崎市","小江町"],"8513214":[42,"長崎市","琴海大平町"],"8510133":[42,"長崎市","矢上町"],"8512327":[42,"長崎市","東出津町"],"8510131":[42,"長崎市","松原町"],"8511315":[42,"長崎市","高島町"],"8510405":[42,"長崎市","為石町"],"8512405":[42,"長崎市","神浦向町"],"8510505":[42,"長崎市","野母町"],"8512204":[42,"長崎市","三重町"],"8510114":[42,"長崎市","牧島町"],"8512424":[42,"長崎市","神浦上道徳町"],"8512207":[42,"長崎市","さくらの里"],"8512111":[42,"西彼杵郡時津町","子々川郷"],"8512129":[42,"西彼杵郡長与町","斉藤郷"],"8512322":[42,"長崎市","西出津町"],"8510136":[42,"長崎市","平間町"],"8510252":[42,"長崎市","田手原町"],"8513501":[42,"西海市","西海町丹納郷"],"8513303":[42,"西海市","西彼町亀浦郷"],"8510135":[42,"長崎市","現川町"],"8513304":[42,"西海市","西彼町上岳郷"],"8512102":[42,"西彼杵郡時津町","浜田郷"],"8512403":[42,"長崎市","神浦江川町"],"8511122":[42,"長崎市","相川町"],"8510401":[42,"長崎市","蚊焼町"],"8513211":[42,"長崎市","琴海戸根原町"],"8512123":[42,"西彼杵郡長与町","平木場郷"],"8510506":[42,"長崎市","脇岬町"],"8513315":[42,"西海市","西彼町平原郷"],"8510123":[42,"長崎市","網場町"],"8511124":[42,"長崎市","牧野町"],"8513213":[42,"長崎市","琴海形上町"],"8512211":[42,"長崎市","京泊"],"8513101":[42,"長崎市","西海町"],"8513505":[42,"西海市","西海町太田和郷"],"8513425":[42,"西海市","西彼町平山郷"],"8510102":[42,"長崎市","つつじが丘"],"8511134":[42,"長崎市","柿泊町"],"8512426":[42,"長崎市","上大野町"],"8510112":[42,"長崎市","川内町"],"8512108":[42,"西彼杵郡時津町","日並郷"],"8510137":[42,"長崎市","高城台"],"8512124":[42,"西彼杵郡長与町","丸田郷"],"8513314":[42,"西海市","西彼町白似田郷"],"8512121":[42,"西彼杵郡長与町","岡郷"],"8512321":[42,"長崎市","赤首町"],"8510132":[42,"長崎市","鶴の尾町"],"8510243":[42,"長崎市","宮摺町"],"8511123":[42,"長崎市","四杖町"],"8513504":[42,"西海市","西海町木場郷"],"8512325":[42,"長崎市","永田町"],"8513305":[42,"西海市","西彼町喰場郷"],"8510134":[42,"長崎市","田中町"],"8510245":[42,"長崎市","千々町"],"8511121":[42,"長崎市","見崎町"],"8512216":[42,"長崎市","豊洋台"],"8510254":[42,"長崎市","飯香浦町"],"8512205":[42,"長崎市","松崎町"],"8512401":[42,"長崎市","神浦口福町"],"8513306":[42,"西海市","西彼町鳥加郷"],"8512423":[42,"長崎市","神浦下大中尾町"],"8512421":[42,"長崎市","神浦北大中尾町"],"8513406":[42,"西海市","西彼町鳥加郷"],"8513422":[42,"西海市","西彼町小迎郷"],"8512103":[42,"西彼杵郡時津町","元村郷"],"8510251":[42,"長崎市","田上"],"8512201":[42,"長崎市","畦町"],"8510408":[42,"長崎市","宮崎町"],"8511131":[42,"長崎市","上浦町"],"8511137":[42,"長崎市","式見町"],"8510104":[42,"長崎市","船石町"],"8510507":[42,"長崎市","野母崎樺島町"],"8513301":[42,"西海市","西彼町宮浦郷"],"8512126":[42,"西彼杵郡長与町","吉無田郷"],"8510503":[42,"長崎市","高浜町"],"8512404":[42,"長崎市","神浦丸尾町"],"8513506":[42,"西海市","西海町黒口郷"],"8510302":[42,"長崎市","大籠町"],"8510310":[42,"長崎市","香焼町"],"8512106":[42,"西彼杵郡時津町","左底郷"],"8513311":[42,"西海市","西彼町下岳郷"],"8512130":[42,"西彼杵郡長与町","まなび野"],"8510502":[42,"長崎市","以下宿町"],"8512203":[42,"長崎市","三重田町"],"8513508":[42,"西海市","西海町面高郷"],"8512214":[42,"長崎市","鳴見町"],"8511201":[42,"長崎市","伊王島町"],"8510126":[42,"長崎市","芒塚町"],"8511132":[42,"長崎市","小江原"],"8513500":[42,"西海市",""],"8510501":[42,"長崎市","黒浜町"],"8510406":[42,"長崎市","椿が丘町"],"8510253":[42,"長崎市","早坂町"],"8513423":[42,"西海市","西彼町八木原郷"],"8512323":[42,"長崎市","新牧野町"],"8513103":[42,"長崎市","琴海戸根町"],"8510116":[42,"長崎市","東町"],"8510124":[42,"長崎市","春日町"],"8510402":[42,"長崎市","晴海台町"],"8512104":[42,"西彼杵郡時津町","野田郷"],"8511135":[42,"長崎市","手熊町"],"8510244":[42,"長崎市","大崎町"],"8513302":[42,"西海市","西彼町中山郷"],"8513502":[42,"西海市","西海町川内郷"],"8510255":[42,"長崎市","太田尾町"],"8512101":[42,"西彼杵郡時津町","西時津郷"],"8513511":[42,"西海市","西海町水浦郷"],"8513102":[42,"長崎市","琴海村松町"],"8510101":[42,"長崎市","古賀町"],"8512422":[42,"長崎市","神浦上大中尾町"],"8512107":[42,"西彼杵郡時津町","久留里郷"],"8513215":[42,"長崎市","琴海尾戸町"],"8512324":[42,"長崎市","上黒崎町"],"8510122":[42,"長崎市","界"],"8512212":[42,"長崎市","畝刈町"],"8512411":[42,"長崎市","神浦扇山町"],"8510103":[42,"長崎市","中里町"],"8512213":[42,"長崎市","多以良町"],"8513424":[42,"西海市","西彼町大串郷"],"8512122":[42,"西彼杵郡長与町","本川内郷"],"8512425":[42,"長崎市","神浦下道徳町"],"8512206":[42,"長崎市","三京町"],"8510403":[42,"長崎市","布巻町"],"8512326":[42,"長崎市","下黒崎町"],"8512427":[42,"長崎市","下大野町"],"8510404":[42,"長崎市","藤田尾町"],"8512100":[42,"西彼杵郡長与町",""],"8512202":[42,"長崎市","樫山町"],"8513503":[42,"西海市","西海町太田原郷"],"8512127":[42,"西彼杵郡長与町","高田郷"],"8512215":[42,"長崎市","鳴見台"],"8513313":[42,"西海市","西彼町風早郷"],"8510504":[42,"長崎市","南越町"],"8510241":[42,"長崎市","茂木町"],"8513212":[42,"長崎市","長浦町"],"8511125":[42,"長崎市","園田町"],"8513509":[42,"西海市","西海町横瀬郷"],"8513312":[42,"西海市","西彼町白崎郷"],"8510407":[42,"長崎市","川原町"],"8511136":[42,"長崎市","向町"],"8510125":[42,"長崎市","潮見町"],"8513421":[42,"西海市","西彼町伊ノ浦郷"],"8510115":[42,"長崎市","かき道"],"8510242":[42,"長崎市","北浦町"],"8512413":[42,"長崎市","神浦夏井町"],"8512125":[42,"西彼杵郡長与町","三根郷"],"8510113":[42,"長崎市","戸石町"],"8512128":[42,"西彼杵郡長与町","嬉里郷"]}
