{"8060053":[40,"北九州市八幡西区","大畑町"],"8060034":[40,"北九州市八幡西区","岸の浦"],"8060021":[40,"北九州市八幡西区","黒崎"],"8060061":[40,"北九州市八幡西区","京良城町"],"8060059":[40,"北九州市八幡西区","萩原"],"8060015":[40,"北九州市八幡西区","元城町"],"8060052":[40,"北九州市八幡西区","鳴水町"],"8060022":[40,"北九州市八幡西区","藤田"],"8060025":[40,"北九州市八幡西区","東神原町"],"8060038":[40,"北九州市八幡西区","南王子町"],"8060014":[40,"北九州市八幡西区","東川頭町"],"8060033":[40,"北九州市八幡西区","岡田町"],"8060028":[40,"北九州市八幡西区","熊手"],"8060002":[40,"北九州市八幡西区","東浜町"],"8060042":[40,"北九州市八幡西区","桜ケ丘町"],"8060017":[40,"北九州市八幡西区","西川頭町"],"8060057":[40,"北九州市八幡西区","鉄王"],"8060046":[40,"北九州市八幡西区","森下町"],"8060048":[40,"北九州市八幡西区","樋口町"],"8060069":[40,"北九州市八幡西区","茶売町"],"8060026":[40,"北九州市八幡西区","西神原町"],"8060004":[40,"北九州市八幡西区","黒崎城石"],"8060031":[40,"北九州市八幡西区","熊西"],"8060043":[40,"北九州市八幡西区","青山"],"8060051":[40,"北九州市八幡西区","東鳴水"],"8060032":[40,"北九州市八幡西区","筒井町"],"8060058":[40,"北九州市八幡西区","鉄竜"],"8060062":[40,"北九州市八幡西区","別当町"],"8060024":[40,"北九州市八幡西区","南八千代町"],"8060049":[40,"北九州市八幡西区","穴生"],"8060023":[40,"北九州市八幡西区","八千代町"],"8060030":[40,"北九州市八幡西区","山寺町"],"8060067":[40,"北九州市八幡西区","引野"],"8060006":[40,"北九州市八幡西区","屋敷"],"8060041":[40,"北九州市八幡西区","皇后崎町"],"8060036":[40,"北九州市八幡西区","西曲里町"],"8060054":[40,"北九州市八幡西区","西鳴水"],"8060035":[40,"北九州市八幡西区","東曲里町"],"8060066":[40,"北九州市八幡西区","若葉"],"8060016":[40,"北九州市八幡西区","河桃町"],"8060000":[40,"北九州市八幡西区",""],"8060068":[40,"北九州市八幡西区","別所町"],"8060027":[40,"北九州市八幡西区","菅原町"],"8060045":[40,"北九州市八幡西区","竹末"],"8060056":[40,"北九州市八幡西区","小鷺田町"],"8060005":[40,"北九州市八幡西区","舟町"],"8060003":[40,"北九州市八幡西区","田町"],"8060047":[40,"北九州市八幡西区","鷹の巣"],"8060011":[40,"北九州市八幡西区","紅梅"],"8060063":[40,"北九州市八幡西区","市瀬"],"8060012":[40,"北九州市八幡西区","陣山"],"8060064":[40,"北九州市八幡西区","割子川"],"8060065":[40,"北九州市八幡西区","養福寺町"],"8060039":[40,"北九州市八幡西区","西王子町"],"8060055":[40,"北九州市八幡西区","幸神"],"8060001":[40,"北九州市八幡西区","築地町"],"8060044":[40,"北九州市八幡西区","相生町"],"8060018":[40,"北九州市八幡西区","平尾町"],"8060037":[40,"北九州市八幡西区","東王子町"],"8060013":[40,"北九州市八幡西区","清納"]}
