{"9970363":[6,"鶴岡市","寿"],"9971312":[6,"東田川郡三川町","善阿弥"],"9970367":[6,"鶴岡市","上山谷"],"9970342":[6,"鶴岡市","三千刈"],"9970361":[6,"鶴岡市","民田"],"9970754":[6,"鶴岡市","少連寺"],"9970401":[6,"鶴岡市","中野新田"],"9970000":[6,"鶴岡市",""],"9971115":[6,"鶴岡市","辻興屋"],"9970152":[6,"鶴岡市","羽黒町猪俣新田"],"9970621":[6,"鶴岡市","荒沢"],"9971121":[6,"鶴岡市","大山"],"9970833":[6,"鶴岡市","柳田"],"9970049":[6,"鶴岡市","大部町"],"9971205":[6,"鶴岡市","油戸"],"9970032":[6,"鶴岡市","上畑町"],"9970413":[6,"鶴岡市","行沢"],"9970403":[6,"鶴岡市","越中山"],"9970854":[6,"鶴岡市","大淀川"],"9970142":[6,"鶴岡市","羽黒町上野新田"],"9970021":[6,"鶴岡市","宝町"],"9971132":[6,"鶴岡市","栃屋"],"9970053":[6,"鶴岡市","北京田"],"9970105":[6,"鶴岡市","羽黒町川行"],"9970852":[6,"鶴岡市","新斎部"],"9970157":[6,"鶴岡市","羽黒町後田"],"9970303":[6,"鶴岡市","たらのき代"],"9970044":[6,"鶴岡市","新海町"],"9970823":[6,"鶴岡市","海老島町"],"9970752":[6,"鶴岡市","湯田川"],"9970018":[6,"鶴岡市","茅原町"],"9971125":[6,"鶴岡市","馬町"],"9970822":[6,"鶴岡市","双葉町"],"9970027":[6,"鶴岡市","昭和町"],"9970103":[6,"鶴岡市","羽黒町戸野"],"9970158":[6,"鶴岡市","羽黒町松ケ岡"],"9971321":[6,"東田川郡三川町","押切新田"],"9970122":[6,"鶴岡市","羽黒町大口"],"9970623":[6,"鶴岡市","上田沢"],"9970758":[6,"鶴岡市","関根"],"9970108":[6,"鶴岡市","羽黒町金森目"],"9970035":[6,"鶴岡市","馬場町"],"9970825":[6,"鶴岡市","小真木原町"],"9970838":[6,"鶴岡市","淀川町"],"9970012":[6,"鶴岡市","道形"],"9970131":[6,"鶴岡市","羽黒町川代"],"9971112":[6,"鶴岡市","西沼"],"9970842":[6,"鶴岡市","井岡"],"9970155":[6,"鶴岡市","羽黒町石野新田"],"9970622":[6,"鶴岡市","大鳥"],"9970332":[6,"鶴岡市","西荒屋"],"9970056":[6,"鶴岡市","中野京田"],"9970019":[6,"鶴岡市","茅原"],"9970006":[6,"鶴岡市","福田"],"9971134":[6,"鶴岡市","下小中"],"9970844":[6,"鶴岡市","森片"],"9970037":[6,"鶴岡市","若葉町"],"9970836":[6,"鶴岡市","寺田"],"9971206":[6,"鶴岡市","今泉"],"9970051":[6,"鶴岡市","荒井京田"],"9970831":[6,"鶴岡市","大西町"],"9970323":[6,"鶴岡市","西片屋"],"9970009":[6,"鶴岡市","中京田"],"9971338":[6,"東田川郡三川町","横川"],"9970121":[6,"鶴岡市","羽黒町玉川"],"9970802":[6,"鶴岡市","伊勢原町"],"9970369":[6,"鶴岡市","高坂"],"9970143":[6,"鶴岡市","羽黒町野田"],"9970014":[6,"鶴岡市","大宝寺町"],"9970007":[6,"鶴岡市","豊田"],"9970808":[6,"鶴岡市","苗津"],"9970124":[6,"鶴岡市","羽黒町増川新田"],"9970811":[6,"鶴岡市","神明町"],"9970004":[6,"鶴岡市","本田"],"9971333":[6,"東田川郡三川町","横内"],"9970026":[6,"鶴岡市","大東町"],"9970102":[6,"鶴岡市","羽黒町中里"],"9970405":[6,"鶴岡市","上名川"],"9970806":[6,"鶴岡市","遠賀原"],"9970625":[6,"鶴岡市","下田沢"],"9971201":[6,"鶴岡市","湯野浜"],"9970023":[6,"鶴岡市","鳥居町"],"9970817":[6,"鶴岡市","睦町"],"9970042":[6,"鶴岡市","新形町"],"9970345":[6,"鶴岡市","中田"],"9970107":[6,"鶴岡市","羽黒町小増川"],"9970002":[6,"鶴岡市","播磨"],"9971203":[6,"鶴岡市","金沢"],"9970402":[6,"鶴岡市","東岩本"],"9971314":[6,"東田川郡三川町","東沼"],"9970047":[6,"鶴岡市","大塚町"],"9971336":[6,"東田川郡三川町","加藤"],"9970834":[6,"鶴岡市","稲生"],"9970815":[6,"鶴岡市","外内島"],"9971156":[6,"鶴岡市","平成町"],"9970054":[6,"鶴岡市","高田"],"9970856":[6,"鶴岡市","山田"],"9970809":[6,"鶴岡市","苗津町"],"9970162":[6,"鶴岡市","羽黒町細谷"],"9970001":[6,"鶴岡市","湯野沢"],"9971117":[6,"鶴岡市","下川"],"9970862":[6,"鶴岡市","ほなみ町"],"9970346":[6,"鶴岡市","上山添"],"9970412":[6,"鶴岡市","本郷"],"9970839":[6,"鶴岡市","砂田町"],"9970756":[6,"鶴岡市","東目"],"9970334":[6,"鶴岡市","丸岡"],"9971316":[6,"東田川郡三川町","猪子"],"9970851":[6,"鶴岡市","布目"],"9970827":[6,"鶴岡市","陽光町"],"9970755":[6,"鶴岡市","砂谷"],"9971204":[6,"鶴岡市","加茂"],"9970125":[6,"鶴岡市","羽黒町仙道"],"9970057":[6,"鶴岡市","安丹"],"9970847":[6,"鶴岡市","上清水"],"9970414":[6,"鶴岡市","大針"],"9970853":[6,"鶴岡市","小淀川"],"9970029":[6,"鶴岡市","日吉町"],"9970123":[6,"鶴岡市","羽黒町市野山"],"9970819":[6,"鶴岡市","のぞみ町"],"9970031":[6,"鶴岡市","錦町"],"9970343":[6,"鶴岡市","桂荒俣"],"9970861":[6,"鶴岡市","桜新町"],"9971122":[6,"鶴岡市","友江"],"9970366":[6,"鶴岡市","谷定"],"9971114":[6,"鶴岡市","千安京田"],"9970365":[6,"鶴岡市","金谷"],"9970362":[6,"鶴岡市","中橋"],"9970751":[6,"鶴岡市","藤沢"],"9971315":[6,"東田川郡三川町","神花"],"9971331":[6,"東田川郡三川町","助川"],"9970052":[6,"鶴岡市","覚岸寺"],"9970166":[6,"鶴岡市","羽黒町三ツ橋"],"9970801":[6,"鶴岡市","東原町"],"9970156":[6,"鶴岡市","羽黒町松尾"],"9970351":[6,"鶴岡市","勝福寺"],"9970531":[6,"鶴岡市","大網"],"9970837":[6,"鶴岡市","道田町"],"9970033":[6,"鶴岡市","泉町"],"9970104":[6,"鶴岡市","羽黒町坂ノ下"],"9970101":[6,"鶴岡市","羽黒町町屋"],"9970804":[6,"鶴岡市","斎藤川原"],"9970036":[6,"鶴岡市","家中新町"],"9970624":[6,"鶴岡市","倉沢"],"9970753":[6,"鶴岡市","田川"],"9970008":[6,"鶴岡市","平田"],"9970010":[6,"鶴岡市","余慶町"],"9971322":[6,"東田川郡三川町","土口"],"9970028":[6,"鶴岡市","山王町"],"9970813":[6,"鶴岡市","千石町"],"9971335":[6,"東田川郡三川町","菱沼"],"9970845":[6,"鶴岡市","下清水"],"9970141":[6,"鶴岡市","羽黒町荒川"],"9970046":[6,"鶴岡市","みどり町"],"9970017":[6,"鶴岡市","大宝寺"],"9970816":[6,"鶴岡市","文園町"],"9970331":[6,"鶴岡市","板井川"],"9970011":[6,"鶴岡市","宝田"],"9970841":[6,"鶴岡市","白山"],"9970161":[6,"鶴岡市","羽黒町押口"],"9970341":[6,"鶴岡市","下山添"],"9970301":[6,"鶴岡市","馬渡"],"9970154":[6,"鶴岡市","羽黒町馬渡ノ内下"],"9970805":[6,"鶴岡市","我老林"],"9970127":[6,"鶴岡市","羽黒町十文字"],"9970106":[6,"鶴岡市","羽黒町染興屋"],"9970043":[6,"鶴岡市","東新斎町"],"9970126":[6,"鶴岡市","羽黒町野荒町"],"9971133":[6,"鶴岡市","下興屋"],"9970015":[6,"鶴岡市","末広町"],"9971317":[6,"東田川郡三川町","成田新田"],"9970005":[6,"鶴岡市","小京田"],"9971116":[6,"鶴岡市","面野山"],"9971337":[6,"東田川郡三川町","小尺"],"9970814":[6,"鶴岡市","城南町"],"9970826":[6,"鶴岡市","美原町"],"9970013":[6,"鶴岡市","道形町"],"9970302":[6,"鶴岡市","田代"],"9971113":[6,"鶴岡市","長崎"],"9970025":[6,"鶴岡市","日出"],"9970821":[6,"鶴岡市","三光町"],"9970411":[6,"鶴岡市","熊出"],"9970843":[6,"鶴岡市","岡山"],"9970322":[6,"鶴岡市","松根"],"9970045":[6,"鶴岡市","西新斎町"],"9970164":[6,"鶴岡市","羽黒町昼田"],"9970368":[6,"鶴岡市","青龍寺"],"9970835":[6,"鶴岡市","番田"],"9970832":[6,"鶴岡市","青柳町"],"9971135":[6,"鶴岡市","中楯"],"9971313":[6,"東田川郡三川町","角田二口"],"9971332":[6,"東田川郡三川町","堤野"],"9970803":[6,"鶴岡市","伊勢横内"],"9970034":[6,"鶴岡市","本町"],"9970532":[6,"鶴岡市","田麦俣"],"9970058":[6,"鶴岡市","林崎"],"9971131":[6,"鶴岡市","菱津"],"9970016":[6,"鶴岡市","日和田町"],"9971334":[6,"東田川郡三川町","竹原田"],"9970024":[6,"鶴岡市","朝暘町"],"9970163":[6,"鶴岡市","羽黒町狩谷野目"],"9970364":[6,"鶴岡市","滝沢"],"9970022":[6,"鶴岡市","切添町"],"9970165":[6,"鶴岡市","羽黒町富沢"],"9970855":[6,"鶴岡市","矢馳"],"9970344":[6,"鶴岡市","東荒屋"],"9970846":[6,"鶴岡市","中清水"],"9971124":[6,"鶴岡市","大山"],"9971111":[6,"鶴岡市","茨新田"],"9970055":[6,"鶴岡市","西京田"],"9970211":[6,"鶴岡市","羽黒町手向"],"9970807":[6,"鶴岡市","八ツ興屋"],"9970812":[6,"鶴岡市","長者町"],"9970757":[6,"鶴岡市","坂野下"],"9970048":[6,"鶴岡市","平京田"],"9970824":[6,"鶴岡市","日枝"],"9971300":[6,"東田川郡三川町",""],"9970151":[6,"鶴岡市","羽黒町黒瀬"],"9971301":[6,"東田川郡三川町","横山"],"9970153":[6,"鶴岡市","羽黒町高寺"],"9971311":[6,"東田川郡三川町","青山"],"9970415":[6,"鶴岡市","砂川"],"9971202":[6,"鶴岡市","宮沢"],"9970404":[6,"鶴岡市","下名川"],"9970003":[6,"鶴岡市","文下"],"9971339":[6,"東田川郡三川町","横川新田"],"9970117":[6,"鶴岡市","大宝寺"],"9970311":[6,"鶴岡市","黒川"],"9970626":[6,"鶴岡市","松沢"],"9970818":[6,"鶴岡市","三和町"],"9971123":[6,"鶴岡市","友江町"],"9970857":[6,"鶴岡市","美咲町"],"9970321":[6,"鶴岡市","宝谷"],"9970848":[6,"鶴岡市","清水新田"],"9970167":[6,"鶴岡市","羽黒町赤川"],"9970333":[6,"鶴岡市","常盤木"],"9970041":[6,"鶴岡市","城北町"]}
