{"8240004":[40,"行橋市","金屋"],"8240101":[40,"京都郡みやこ町","徳永"],"8240211":[40,"京都郡みやこ町","今里"],"8240005":[40,"行橋市","中央"],"8240002":[40,"行橋市","東大橋"],"8240036":[40,"行橋市","南泉"],"8240818":[40,"京都郡みやこ町","勝山池田"],"8240253":[40,"京都郡みやこ町","犀川帆柱"],"8240058":[40,"行橋市","長木"],"8240046":[40,"行橋市","西谷"],"8240007":[40,"行橋市","神田町"],"8240041":[40,"行橋市","大野井"],"8240242":[40,"京都郡みやこ町","犀川犬丸"],"8240233":[40,"京都郡みやこ町","犀川花熊"],"8240103":[40,"京都郡みやこ町","下原"],"8240048":[40,"行橋市","宝山"],"8240077":[40,"行橋市","入覚"],"8240511":[40,"田川郡大任町","今任原"],"8240063":[40,"行橋市","中津熊"],"8240031":[40,"行橋市","西宮市"],"8240079":[40,"行橋市","矢山"],"8240400":[40,"田川郡赤村",""],"8240202":[40,"京都郡みやこ町","犀川上高屋"],"8240024":[40,"行橋市","袋迫"],"8240053":[40,"行橋市","中川"],"8240813":[40,"京都郡みやこ町","勝山宮原"],"8240124":[40,"京都郡みやこ町","惣社"],"8240231":[40,"京都郡みやこ町","犀川本庄"],"8240815":[40,"京都郡みやこ町","勝山上矢山"],"8240251":[40,"京都郡みやこ町","犀川下伊良原"],"8240817":[40,"京都郡みやこ町","勝山岩熊"],"8240017":[40,"行橋市","真菰"],"8240043":[40,"行橋市","流末"],"8240204":[40,"京都郡みやこ町","犀川末江"],"8240811":[40,"京都郡みやこ町","勝山箕田"],"8240721":[40,"田川郡添田町","英彦山"],"8240049":[40,"行橋市","福原"],"8240215":[40,"京都郡みやこ町","犀川生立"],"8240601":[40,"田川郡添田町","庄"],"8240026":[40,"行橋市","道場寺"],"8240025":[40,"行橋市","東徳永"],"8240821":[40,"京都郡みやこ町","勝山上田"],"8240033":[40,"行橋市","北泉"],"8240123":[40,"京都郡みやこ町","国分"],"8240244":[40,"京都郡みやこ町","犀川横瀬"],"8240068":[40,"行橋市","延永"],"8240062":[40,"行橋市","下津熊"],"8240603":[40,"田川郡添田町","中元寺"],"8240432":[40,"田川郡赤村","内田"],"8240802":[40,"京都郡みやこ町","勝山松田"],"8240723":[40,"田川郡添田町","桝田"],"8240065":[40,"行橋市","長音寺"],"8240122":[40,"京都郡みやこ町","彦徳"],"8240814":[40,"京都郡みやこ町","勝山浦河内"],"8240107":[40,"京都郡みやこ町","田中"],"8240252":[40,"京都郡みやこ町","犀川上伊良原"],"8240021":[40,"行橋市","馬場"],"8240221":[40,"京都郡みやこ町","犀川山鹿"],"8240512":[40,"田川郡大任町","大行事"],"8240112":[40,"京都郡みやこ町","上原"],"8240061":[40,"行橋市","草野"],"8240223":[40,"京都郡みやこ町","犀川柳瀬"],"8240047":[40,"行橋市","津積"],"8240234":[40,"京都郡みやこ町","下高屋団地"],"8240206":[40,"京都郡みやこ町","犀川八ツ溝"],"8240011":[40,"行橋市","蓑島"],"8240055":[40,"行橋市","上稗田"],"8240114":[40,"京都郡みやこ町","節丸"],"8240013":[40,"行橋市","沓尾"],"8240217":[40,"京都郡みやこ町","犀川古川"],"8240016":[40,"行橋市","津留"],"8240225":[40,"京都郡みやこ町","犀川大坂"],"8240003":[40,"行橋市","大橋"],"8240076":[40,"行橋市","下崎"],"8240023":[40,"行橋市","松原"],"8240232":[40,"京都郡みやこ町","桜台"],"8240500":[40,"田川郡大任町",""],"8240243":[40,"京都郡みやこ町","犀川木井馬場"],"8240044":[40,"行橋市","天生田"],"8240111":[40,"京都郡みやこ町","上坂"],"8240057":[40,"行橋市","宮の杜"],"8240104":[40,"京都郡みやこ町","綾野"],"8240051":[40,"行橋市","下検地"],"8240037":[40,"行橋市","矢留"],"8240064":[40,"行橋市","上津熊"],"8240038":[40,"行橋市","西泉"],"8240078":[40,"行橋市","高来"],"8240054":[40,"行橋市","下稗田"],"8240102":[40,"京都郡みやこ町","呰見"],"8240035":[40,"行橋市","東泉"],"8240411":[40,"田川郡添田町","津野"],"8240226":[40,"京都郡みやこ町","松坂"],"8240072":[40,"行橋市","須磨園"],"8240006":[40,"行橋市","門樋町"],"8240032":[40,"行橋市","南大橋"],"8240203":[40,"京都郡みやこ町","犀川続命院"],"8240001":[40,"行橋市","行事"],"8240052":[40,"行橋市","上検地"],"8240018":[40,"行橋市","今井"],"8240800":[40,"京都郡みやこ町",""],"8240045":[40,"行橋市","大谷"],"8240028":[40,"行橋市","辻垣"],"8240241":[40,"京都郡みやこ町","犀川内垣"],"8240042":[40,"行橋市","寺畔"],"8240067":[40,"行橋市","二塚"],"8240106":[40,"京都郡みやこ町","有久"],"8240722":[40,"田川郡添田町","落合"],"8240431":[40,"田川郡赤村","赤"],"8240212":[40,"京都郡みやこ町","犀川大熊"],"8240008":[40,"行橋市","宮市町"],"8240214":[40,"京都郡みやこ町","犀川鐙畑"],"8240015":[40,"行橋市","元永"],"8240812":[40,"京都郡みやこ町","勝山長川"],"8240034":[40,"行橋市","泉中央"],"8240205":[40,"京都郡みやこ町","犀川久冨"],"8240604":[40,"田川郡添田町","野田"],"8240074":[40,"行橋市","常松"],"8240816":[40,"京都郡みやこ町","勝山矢山"],"8240115":[40,"京都郡みやこ町","光冨"],"8240125":[40,"京都郡みやこ町","国作"],"8240075":[40,"行橋市","長尾"],"8240600":[40,"田川郡添田町",""],"8240801":[40,"京都郡みやこ町","勝山大久保"],"8240602":[40,"田川郡添田町","添田"],"8240822":[40,"京都郡みやこ町","勝山黒田"],"8240073":[40,"行橋市","福丸"],"8240235":[40,"京都郡みやこ町","犀川木山"],"8240105":[40,"京都郡みやこ町","徳政"],"8240216":[40,"京都郡みやこ町","犀川谷口"],"8240207":[40,"京都郡みやこ町","蔵持"],"8240014":[40,"行橋市","長井"],"8240222":[40,"京都郡みやこ町","犀川大村"],"8240056":[40,"行橋市","前田"],"8240254":[40,"京都郡みやこ町","犀川扇谷"],"8240012":[40,"行橋市","文久"],"8240213":[40,"京都郡みやこ町","犀川喜多良"],"8240022":[40,"行橋市","稲童"],"8240224":[40,"京都郡みやこ町","犀川崎山"],"8240000":[40,"行橋市",""],"8240113":[40,"京都郡みやこ町","吉岡"],"8240027":[40,"行橋市","高瀬"],"8240071":[40,"行橋市","徳永"],"8240121":[40,"京都郡みやこ町","豊津"],"8240066":[40,"行橋市","吉国"],"8240201":[40,"京都郡みやこ町","犀川下高屋"]}
