{"7370123":[34,"呉市","広両谷"],"7370904":[34,"呉市","焼山"],"7370303":[34,"呉市","下蒲刈町下島"],"7370833":[34,"呉市","晴海町"],"7370846":[34,"呉市","吉浦町"],"7372514":[34,"呉市","安浦町中央ハイツ"],"7372303":[34,"江田島市","能美町高田"],"7372606":[34,"呉市","川尻町久筋"],"7370133":[34,"呉市","広末広"],"7370802":[34,"呉市","南辰川町"],"7370024":[34,"呉市","宮原"],"7372501":[34,"呉市","安浦町女子畑"],"7370812":[34,"呉市","西三津田町"],"7370822":[34,"呉市","築地町"],"7370045":[34,"呉市","本通"],"7370806":[34,"呉市","西片山町"],"7370125":[34,"呉市","広本町"],"7371216":[34,"呉市","音戸町田原"],"7370923":[34,"呉市","神山"],"7370871":[34,"呉市","長谷町"],"7370104":[34,"呉市","広町田"],"7370162":[34,"呉市","郷原学びの丘"],"7370907":[34,"呉市","焼山町"],"7370105":[34,"呉市","広中迫町"],"7370079":[34,"呉市","上平原町"],"7370807":[34,"呉市","江原町"],"7370872":[34,"呉市","梅木町"],"7370864":[34,"呉市","吉浦西城町"],"7370062":[34,"呉市","西惣付町"],"7370932":[34,"呉市","焼山松ケ丘"],"7371207":[34,"呉市","音戸町波多見"],"7372101":[34,"江田島市","大柿町飛渡瀬"],"7370002":[34,"呉市","広町"],"7370146":[34,"呉市","仁方宮上町"],"7370028":[34,"呉市","幸町"],"7370075":[34,"呉市","西畑町"],"7370875":[34,"呉市","天応大浜"],"7372636":[34,"呉市","川尻町才野谷"],"7370876":[34,"呉市","天応宮町"],"7370908":[34,"呉市","焼山宮ケ迫"],"7370132":[34,"呉市","広名田"],"7370025":[34,"呉市","室瀬町"],"7370137":[34,"呉市","広小坪"],"7372603":[34,"呉市","川尻町西"],"7370001":[34,"呉市","阿賀北"],"7372211":[34,"江田島市","大柿町柿浦"],"7370834":[34,"呉市","瀬戸見町"],"7370817":[34,"呉市","上二河町"],"7370837":[34,"呉市","東塩屋町"],"7372519":[34,"呉市","安浦町内海南"],"7370914":[34,"呉市","押込西平町"],"7372126":[34,"江田島市","江田島町津久茂"],"7370157":[34,"呉市","仁方町"],"7372507":[34,"呉市","安浦町内海"],"7370035":[34,"呉市","長迫町"],"7370885":[34,"呉市","天応福浦町"],"7370935":[34,"呉市","焼山中央"],"7370821":[34,"呉市","三条"],"7372608":[34,"呉市","川尻町小用"],"7372132":[34,"江田島市","江田島町江南"],"7370033":[34,"呉市","寺本町"],"7371203":[34,"呉市","音戸町鰯浜"],"7371215":[34,"呉市","音戸町早瀬"],"7372113":[34,"江田島市","江田島町大須"],"7370041":[34,"呉市","和庄"],"7372315":[34,"江田島市","沖美町高祖"],"7370111":[34,"呉市","広大広"],"7372616":[34,"呉市","川尻町水落"],"7370838":[34,"呉市","西塩屋町"],"7372602":[34,"呉市","川尻町森"],"7372302":[34,"江田島市","能美町鹿川"],"7370832":[34,"呉市","若葉町"],"7370826":[34,"呉市","両城"],"7372617":[34,"呉市","川尻町小畑"],"7370811":[34,"呉市","西中央"],"7370152":[34,"呉市","仁方本町"],"7370882":[34,"呉市","天応東久保"],"7370134":[34,"呉市","広多賀谷"],"7370803":[34,"呉市","郷町"],"7370051":[34,"呉市","中央"],"7370933":[34,"呉市","焼山桜ケ丘"],"7370103":[34,"呉市","広塩焼"],"7372123":[34,"江田島市","江田島町国有無番地"],"7370865":[34,"呉市","吉浦岩神町"],"7370906":[34,"呉市","焼山町"],"7370029":[34,"呉市","宝町"],"7372215":[34,"江田島市","大柿町小古江"],"7372515":[34,"呉市","安浦町中央北"],"7370071":[34,"呉市","上畑町"],"7370922":[34,"呉市","栃原町"],"7372502":[34,"呉市","安浦町三津口"],"7372505":[34,"呉市","安浦町内平"],"7370141":[34,"呉市","広大新開"],"7370022":[34,"呉市","清水"],"7370402":[34,"呉市","蒲刈町大浦"],"7371217":[34,"呉市","音戸町渡子"],"7371201":[34,"呉市","音戸町坪井"],"7370122":[34,"呉市","広杭本町"],"7372605":[34,"呉市","川尻町久俊"],"7370843":[34,"呉市","吉浦潭鼓町"],"7372635":[34,"呉市","川尻町柳迫"],"7370114":[34,"呉市","広文化町"],"7370915":[34,"呉市","押込"],"7371214":[34,"呉市","音戸町藤脇"],"7370005":[34,"呉市","阿賀町"],"7370844":[34,"呉市","吉浦池ノ浦町"],"7370063":[34,"呉市","東惣付町"],"7370866":[34,"呉市","吉浦松葉町"],"7370911":[34,"呉市","焼山北"],"7370861":[34,"呉市","吉浦本町"],"7370145":[34,"呉市","仁方西神町"],"7370034":[34,"呉市","溝路町"],"7372122":[34,"江田島市","江田島町中央"],"7372509":[34,"呉市","安浦町下垣内"],"7370161":[34,"呉市","郷原町"],"7370032":[34,"呉市","本町"],"7372508":[34,"呉市","安浦町中畑"],"7370055":[34,"呉市","下山田町"],"7372131":[34,"江田島市","江田島町秋月"],"7372214":[34,"江田島市","大柿町深江"],"7370854":[34,"呉市","吉浦町"],"7371204":[34,"呉市","音戸町北隠渡"],"7370814":[34,"呉市","山手"],"7372607":[34,"呉市","川尻町東"],"7370026":[34,"呉市","神原町"],"7372314":[34,"江田島市","沖美町美能"],"7370074":[34,"呉市","西鹿田"],"7370901":[34,"呉市","焼山ひばりケ丘町"],"7370064":[34,"呉市","西谷町"],"7370851":[34,"呉市","吉浦新出町"],"7372615":[34,"呉市","川尻町真光地"],"7370804":[34,"呉市","内神町"],"7370862":[34,"呉市","狩留賀町"],"7370011":[34,"呉市","見晴"],"7370107":[34,"呉市","広弁天橋町"],"7370000":[34,"呉市",""],"7372517":[34,"呉市","安浦町水尻"],"7370003":[34,"呉市","阿賀中央"],"7370883":[34,"呉市","天応西条"],"7370912":[34,"呉市","焼山本庄"],"7370828":[34,"呉市","東愛宕町"],"7370102":[34,"呉市","広徳丸町"],"7370825":[34,"呉市","西川原石町"],"7371202":[34,"呉市","音戸町引地"],"7370142":[34,"呉市","広駅前"],"7370015":[34,"呉市","船見町"],"7372633":[34,"呉市","川尻町沖田"],"7370808":[34,"呉市","上内神町"],"7370138":[34,"呉市","広黄幡町"],"7370113":[34,"呉市","広横路"],"7370151":[34,"呉市","仁方中筋町"],"7370301":[34,"呉市","下蒲刈町三之瀬"],"7370072":[34,"呉市","東畑"],"7370052":[34,"呉市","東中央"],"7370144":[34,"呉市","広白岳"],"7370131":[34,"呉市","広中町"],"7372516":[34,"呉市","安浦町中央"],"7372637":[34,"呉市","川尻町後懸"],"7372604":[34,"呉市","川尻町小仁方"],"7370905":[34,"呉市","焼山町"],"7370031":[34,"呉市","上長迫町"],"7370852":[34,"呉市","吉浦東本町"],"7370824":[34,"呉市","東川原石町"],"7370902":[34,"呉市","焼山此原町"],"7372301":[34,"江田島市","能美町中町"],"7370815":[34,"呉市","荘山田村"],"7371377":[34,"呉市","倉橋町"],"7370841":[34,"呉市","吉浦神賀町"],"7372511":[34,"呉市","安浦町赤向坂"],"7370077":[34,"呉市","伏原"],"7370873":[34,"呉市","汐見町"],"7370043":[34,"呉市","和庄登町"],"7370931":[34,"呉市","焼山三ツ石町"],"7371205":[34,"呉市","音戸町南隠渡"],"7372503":[34,"呉市","安浦町安登"],"7370065":[34,"呉市","望地町"],"7370014":[34,"呉市","坪ノ内町"],"7370056":[34,"呉市","朝日町"],"7370121":[34,"呉市","広吉松"],"7372313":[34,"江田島市","沖美町是長"],"7370135":[34,"呉市","広津久茂町"],"7372634":[34,"呉市","川尻町岩戸"],"7372614":[34,"呉市","川尻町大原"],"7370867":[34,"呉市","吉浦上城町"],"7370801":[34,"呉市","東辰川町"],"7372111":[34,"江田島市","江田島町切串"],"7372601":[34,"呉市","川尻町原山"],"7370401":[34,"呉市","蒲刈町宮盛"],"7370054":[34,"呉市","上山田町"],"7371213":[34,"呉市","音戸町先奥"],"7370921":[34,"呉市","苗代町"],"7370831":[34,"呉市","光町"],"7370023":[34,"呉市","青山町"],"7372213":[34,"江田島市","大柿町大原"],"7370311":[34,"呉市","蒲刈町向"],"7370046":[34,"呉市","中通"],"7370813":[34,"呉市","東三津田町"],"7370106":[34,"呉市","広三芦"],"7372513":[34,"呉市","安浦町安登東"],"7370845":[34,"呉市","吉浦新町"],"7370884":[34,"呉市","天応伝十原町"],"7370878":[34,"呉市","大山町"],"7370143":[34,"呉市","広白石"],"7371206":[34,"呉市","音戸町高須"],"7370163":[34,"呉市","郷原野路の里"],"7370012":[34,"呉市","警固屋"],"7370913":[34,"呉市","焼山泉ケ丘"],"7370053":[34,"呉市","長ノ木町"],"7370112":[34,"呉市","広古新開"],"7372311":[34,"江田島市","沖美町岡大王"],"7370154":[34,"呉市","仁方桟橋通"],"7370818":[34,"呉市","二河町"],"7370004":[34,"呉市","阿賀南"],"7370823":[34,"呉市","海岸"],"7370924":[34,"呉市","焼山南"],"7370073":[34,"呉市","東鹿田町"],"7370078":[34,"呉市","平原町"],"7372100":[34,"江田島市",""],"7372631":[34,"呉市","川尻町板休"],"7370155":[34,"呉市","仁方錦町"],"7370805":[34,"呉市","東片山町"],"7370903":[34,"呉市","焼山西"],"7372506":[34,"呉市","安浦町原畑"],"7370853":[34,"呉市","吉浦中町"],"7370836":[34,"呉市","北塩屋町"],"7372121":[34,"江田島市","江田島町小用"],"7370021":[34,"呉市","三和町"],"7372316":[34,"江田島市","沖美町三吉"],"7370809":[34,"呉市","西辰川"],"7372504":[34,"呉市","安浦町中切"],"7370061":[34,"呉市","畝原町"],"7370816":[34,"呉市","二河峡町"],"7370835":[34,"呉市","新宮町"],"7372609":[34,"呉市","川尻町野呂山"],"7370076":[34,"呉市","吾妻"],"7370936":[34,"呉市","焼山東"],"7372312":[34,"江田島市","沖美町畑"],"7370153":[34,"呉市","仁方大歳町"],"7372632":[34,"呉市","川尻町上畑"],"7372512":[34,"呉市","安浦町安登西"],"7371211":[34,"呉市","音戸町畑"],"7370842":[34,"呉市","吉浦東町"],"7370302":[34,"呉市","下蒲刈町大地蔵"],"7370403":[34,"呉市","蒲刈町田戸"],"7370136":[34,"呉市","広長浜"],"7372212":[34,"江田島市","大柿町大君"],"7371212":[34,"呉市","音戸町有清"],"7372124":[34,"江田島市","江田島町宮ノ原"],"7370874":[34,"呉市","天応南町"],"7370115":[34,"呉市","広町"],"7370877":[34,"呉市","弥生町"],"7370101":[34,"呉市","広石内"],"7372133":[34,"江田島市","江田島町鷲部"],"7370027":[34,"呉市","昭和町"],"7370044":[34,"呉市","八幡町"],"7370827":[34,"呉市","西愛宕町"],"7370013":[34,"呉市","的場"],"7370881":[34,"呉市","天応塩谷町"],"7370156":[34,"呉市","仁方皆実町"],"7372518":[34,"呉市","安浦町内海北"],"7370124":[34,"呉市","広中新開"],"7370042":[34,"呉市","和庄本町"],"7370934":[34,"呉市","焼山政畝"],"7372125":[34,"江田島市","江田島町大原特借宿舎"],"7370863":[34,"呉市","吉浦宮花町"],"7372112":[34,"江田島市","江田島町幸之浦"]}
