{"4702307":[23,"知多郡武豊町","蛇ケ谷"],"4701141":[23,"豊明市","阿野町"],"4700104":[23,"日進市","岩藤町"],"4700133":[23,"日進市","梅森台"],"4702216":[23,"知多郡阿久比町","植大"],"4702332":[23,"知多郡武豊町","上ケ"],"4702411":[23,"知多郡美浜町","新浦戸"],"4700233":[23,"みよし市","三好丘あおば"],"4701107":[23,"豊明市","沓掛町"],"4702321":[23,"知多郡武豊町","七号地"],"4700363":[23,"豊田市","本徳町"],"4702207":[23,"知多郡阿久比町","陽なたの丘"],"4702388":[23,"知多郡武豊町","中山"],"4700327":[23,"豊田市","寺下町"],"4702211":[23,"知多郡阿久比町","草木"],"4700422":[23,"豊田市","下川口町"],"4700313":[23,"豊田市","城見町"],"4700309":[23,"豊田市","西広瀬町"],"4700555":[23,"豊田市","大平町"],"4701162":[23,"豊明市","栄町"],"4701124":[23,"豊明市","三崎町"],"4700205":[23,"みよし市","三好丘緑"],"4702407":[23,"知多郡美浜町","河和"],"4702304":[23,"知多郡武豊町","平井田"],"4702384":[23,"知多郡武豊町","青木ケ丘"],"4702352":[23,"知多郡武豊町","迎戸"],"4701121":[23,"豊明市","西川町"],"4701204":[23,"豊田市","配津町"],"4703502":[23,"知多郡南知多町","片名"],"4702512":[23,"知多郡武豊町","忠白田"],"4703412":[23,"知多郡南知多町","豊浜"],"4700534":[23,"豊田市","李町"],"4702515":[23,"知多郡武豊町","下田"],"4700352":[23,"豊田市","篠原町"],"4700316":[23,"豊田市","千鳥町"],"4700374":[23,"豊田市","伊保町"],"4701116":[23,"豊明市","新田町"],"4700153":[23,"愛知郡東郷町","和合"],"4702344":[23,"知多郡武豊町","金下"],"4700521":[23,"豊田市","西丹波町"],"4702356":[23,"知多郡武豊町","下起"],"4702102":[23,"知多郡東浦町","緒川"],"4700356":[23,"豊田市","八草町"],"4700111":[23,"日進市","米野木町"],"4700163":[23,"愛知郡東郷町","涼松"],"4700126":[23,"日進市","赤池町"],"4702302":[23,"知多郡武豊町","鹿ノ子田"],"4702546":[23,"知多郡武豊町","山起"],"4702385":[23,"知多郡武豊町","北中根"],"4700201":[23,"みよし市","黒笹町"],"4700208":[23,"みよし市","ひばりヶ丘"],"4700562":[23,"豊田市","永太郎町"],"4700346":[23,"豊田市","乙部ケ丘"],"4700100":[23,"日進市",""],"4700155":[23,"愛知郡東郷町","白鳥"],"4702100":[23,"知多郡東浦町",""],"4700101":[23,"日進市","三本木町"],"4702403":[23,"知多郡美浜町","北方"],"4702206":[23,"知多郡阿久比町","横松"],"4702501":[23,"知多郡武豊町","堀割"],"4700151":[23,"愛知郡東郷町","諸輪"],"4701147":[23,"豊明市","阿野町"],"4702389":[23,"知多郡武豊町","長宗"],"4702311":[23,"知多郡武豊町","石川"],"4700451":[23,"豊田市","藤岡飯野町"],"4703236":[23,"知多郡美浜町","小野浦"],"4700404":[23,"豊田市","西市野々町"],"4702334":[23,"知多郡武豊町","中根"],"4700304":[23,"豊田市","富田町"],"4701132":[23,"豊明市","間米町"],"4702531":[23,"知多郡武豊町","冨貴"],"4700575":[23,"豊田市","川下町"],"4700512":[23,"豊田市","東郷町"],"4701166":[23,"豊明市","栄町"],"4702324":[23,"知多郡武豊町","内鉋"],"4701105":[23,"豊明市","沓掛町"],"4701151":[23,"豊明市","前後町"],"4700513":[23,"豊田市","苅萱町"],"4700351":[23,"豊田市","広幡町"],"4702205":[23,"知多郡阿久比町","萩"],"4702406":[23,"知多郡美浜町","河和"],"4701152":[23,"豊明市","前後町"],"4700401":[23,"豊田市","大岩町"],"4700162":[23,"愛知郡東郷町","春木"],"4702341":[23,"知多郡武豊町","五号地"],"4700552":[23,"豊田市","乙ケ林町"],"4700319":[23,"豊田市","下室町"],"4700343":[23,"豊田市","浄水町"],"4700224":[23,"みよし市","三好町"],"4702555":[23,"知多郡武豊町","大門田"],"4701211":[23,"豊田市","畝部東町"],"4700525":[23,"豊田市","簗平町"],"4701216":[23,"豊田市","和会町"],"4700312":[23,"豊田市","中金町"],"4700308":[23,"豊田市","枝下町"],"4700501":[23,"豊田市","小原田代町"],"4700463":[23,"豊田市","石飛町"],"4700333":[23,"豊田市","荒井町"],"4701206":[23,"豊田市","永覚新町"],"4700572":[23,"豊田市","小原大倉町"],"4702325":[23,"知多郡武豊町","若宮"],"4700541":[23,"豊田市","西萩平町"],"4700114":[23,"日進市","南ケ丘"],"4702351":[23,"知多郡武豊町","南中根"],"4701142":[23,"豊明市","阿野町"],"4700132":[23,"日進市","梅森町"],"4702506":[23,"知多郡武豊町","後田"],"4700211":[23,"みよし市","天王台"],"4700544":[23,"豊田市","寺平町"],"4700334":[23,"豊田市","花本町"],"4700423":[23,"豊田市","田茂平町"],"4702333":[23,"知多郡武豊町","高野前"],"4700115":[23,"日進市","折戸町"],"4702516":[23,"知多郡武豊町","廻間"],"4700574":[23,"豊田市","市場町"],"4702105":[23,"知多郡東浦町","藤江"],"4700314":[23,"豊田市","野口町"],"4702339":[23,"知多郡武豊町","下門"],"4700471":[23,"豊田市","石畳町"],"4700342":[23,"豊田市","大清水町"],"4700373":[23,"豊田市","四郷町"],"4700324":[23,"豊田市","滝見町"],"4700105":[23,"日進市","五色園"],"4701115":[23,"豊明市","新田町"],"4702343":[23,"知多郡武豊町","小迎"],"4703503":[23,"知多郡南知多町","師崎"],"4702212":[23,"知多郡阿久比町","卯坂"],"4701126":[23,"豊明市","三崎町"],"4701203":[23,"豊田市","幸町"],"4700134":[23,"日進市","香久山"],"4702204":[23,"知多郡阿久比町","宮津"],"4702374":[23,"知多郡武豊町","原田"],"4700535":[23,"豊田市","百月町"],"4702371":[23,"知多郡武豊町","下原"],"4702547":[23,"知多郡武豊町","北新田"],"4701123":[23,"豊明市","西川町"],"4700232":[23,"みよし市","黒笹いずみ"],"4700112":[23,"日進市","藤枝町"],"4703235":[23,"知多郡美浜町","野間"],"4700328":[23,"豊田市","勘八町"],"4702349":[23,"知多郡武豊町","西田崎"],"4700353":[23,"豊田市","保見ケ丘"],"4700214":[23,"みよし市","明知町"],"4700225":[23,"みよし市","福田町"],"4702542":[23,"知多郡武豊町","土穴"],"4701213":[23,"豊田市","桝塚西町"],"4700563":[23,"豊田市","遊屋町"],"4702378":[23,"知多郡武豊町","南小松谷"],"4702363":[23,"知多郡武豊町","旭ケ丘"],"4702355":[23,"知多郡武豊町","向田"],"4701145":[23,"豊明市","阿野町"],"4700524":[23,"豊田市","日面町"],"4702201":[23,"知多郡阿久比町","白沢"],"4702507":[23,"知多郡武豊町","平海道"],"4702312":[23,"知多郡武豊町","北曲輪"],"4702383":[23,"知多郡武豊町","北長宗"],"4700503":[23,"豊田市","前洞町"],"4700154":[23,"愛知郡東郷町","和合ケ丘"],"4703411":[23,"知多郡南知多町","豊丘"],"4702502":[23,"知多郡武豊町","明神戸"],"4701214":[23,"豊田市","福受町"],"4701101":[23,"豊明市","沓掛町"],"4702319":[23,"知多郡武豊町","中蓮"],"4701202":[23,"豊田市","渡刈町"],"4700127":[23,"日進市","赤池南"],"4702554":[23,"知多郡武豊町","白山"],"4702366":[23,"知多郡武豊町","ヲヲガケ"],"4700505":[23,"豊田市","柏ケ洞町"],"4701146":[23,"豊明市","阿野町"],"4700152":[23,"愛知郡東郷町","北山台"],"4700364":[23,"豊田市","加納町"],"4702517":[23,"知多郡武豊町","長峰"],"4702386":[23,"知多郡武豊町","緑台"],"4700462":[23,"豊田市","上渡合町"],"4700207":[23,"みよし市","福谷町"],"4700464":[23,"豊田市","折平町"],"4701153":[23,"豊明市","前後町"],"4702375":[23,"知多郡武豊町","原屋敷"],"4702335":[23,"知多郡武豊町","谷口"],"4702380":[23,"知多郡武豊町","平井"],"4702359":[23,"知多郡武豊町","桜ケ丘"],"4700553":[23,"豊田市","大洞町"],"4700305":[23,"豊田市","国附町"],"4702101":[23,"知多郡東浦町","森岡"],"4702329":[23,"知多郡武豊町","池田"],"4700206":[23,"みよし市","莇生町"],"4702379":[23,"知多郡武豊町","北小松谷"],"4700335":[23,"豊田市","青木町"],"4703232":[23,"知多郡美浜町","美浜緑苑"],"4701133":[23,"豊明市","間米町"],"4703300":[23,"知多郡南知多町",""],"4700321":[23,"豊田市","山中町"],"4700102":[23,"日進市","藤島町"],"4702308":[23,"知多郡武豊町","二ツ峰"],"4702326":[23,"知多郡武豊町","平井畑"],"4701217":[23,"豊田市","大成町"],"4701106":[23,"豊明市","沓掛町"],"4700122":[23,"日進市","蟹甲町"],"4702551":[23,"知多郡武豊町","石田"],"4700317":[23,"豊田市","成合町"],"4700221":[23,"みよし市","西陣取山"],"4700202":[23,"みよし市","三好丘"],"4700526":[23,"豊田市","西細田町"],"4702303":[23,"知多郡武豊町","祠峯"],"4701165":[23,"豊明市","栄町"],"4700161":[23,"愛知郡東郷町","春木台"],"4702402":[23,"知多郡美浜町","時志"],"4701205":[23,"豊田市","永覚町"],"4702513":[23,"知多郡武豊町","一号地"],"4701167":[23,"豊明市","栄町"],"4703504":[23,"知多郡南知多町","日間賀島"],"4700511":[23,"豊田市","大ケ蔵連町"],"4700452":[23,"豊田市","迫町"],"4701127":[23,"豊明市","三崎町"],"4701144":[23,"豊明市","阿野町"],"4701215":[23,"豊田市","広美町"],"4700311":[23,"豊田市","芳友町"],"4700502":[23,"豊田市","小原北町"],"4700307":[23,"豊田市","東広瀬町"],"4702404":[23,"知多郡美浜町","河和"],"4702200":[23,"知多郡阿久比町",""],"4700135":[23,"日進市","岩崎台"],"4702203":[23,"知多郡阿久比町","板山"],"4700131":[23,"日進市","岩崎町"],"4700515":[23,"豊田市","岩下町"],"4702556":[23,"知多郡武豊町","南起"],"4700116":[23,"日進市","東山"],"4702508":[23,"知多郡武豊町","川脇"],"4702314":[23,"知多郡武豊町","浅水"],"4702213":[23,"知多郡阿久比町","阿久比"],"4702347":[23,"知多郡武豊町","道崎"],"4701164":[23,"豊明市","栄町"],"4702503":[23,"知多郡武豊町","後畑"],"4702346":[23,"知多郡武豊町","長尾山"],"4702313":[23,"知多郡武豊町","九号地"],"4700345":[23,"豊田市","東保見町"],"4700411":[23,"豊田市","木瀬町"],"4700318":[23,"豊田市","力石町"],"4700301":[23,"豊田市","松嶺町"],"4702413":[23,"知多郡美浜町","古布"],"4701109":[23,"豊明市","沓掛町"],"4700424":[23,"豊田市","御作町"],"4702214":[23,"知多郡阿久比町","椋岡"],"4702532":[23,"知多郡武豊町","竜宮"],"4700551":[23,"豊田市","三ツ久保町"],"4702323":[23,"知多郡武豊町","口田"],"4700222":[23,"みよし市","東陣取山"],"4702338":[23,"知多郡武豊町","前田"],"4702354":[23,"知多郡武豊町","川尻"],"4702362":[23,"知多郡武豊町","六貫山"],"4702317":[23,"知多郡武豊町","砂川"],"4702342":[23,"知多郡武豊町","沢田新田"],"4702543":[23,"知多郡武豊町","大屋敷"],"4700565":[23,"豊田市","下仁木町"],"4700215":[23,"みよし市","みなよし台"],"4700523":[23,"豊田市","平畑町"],"4702300":[23,"知多郡武豊町",""],"4702104":[23,"知多郡東浦町","生路"],"4700564":[23,"豊田市","沢田町"],"4702336":[23,"知多郡武豊町","山ノ神"],"4702328":[23,"知多郡武豊町","蛇渕"],"4702408":[23,"知多郡美浜町","河和"],"4700325":[23,"豊田市","手呂町"],"4702318":[23,"知多郡武豊町","豊成"],"4700128":[23,"日進市","浅田平子"],"4702358":[23,"知多郡武豊町","楠"],"4702544":[23,"知多郡武豊町","里中"],"4700531":[23,"豊田市","小原町"],"4701168":[23,"豊明市","栄町"],"4701102":[23,"豊明市","沓掛町"],"4702348":[23,"知多郡武豊町","瀬木"],"4700165":[23,"愛知郡東郷町","清水"],"4700348":[23,"豊田市","貝津町"],"4702401":[23,"知多郡美浜町","布土"],"4700322":[23,"豊田市","上高町"],"4700306":[23,"豊田市","小峯町"],"4701201":[23,"豊田市","豊栄町"],"4700123":[23,"日進市","野方町"],"4700554":[23,"豊田市","荷掛町"],"4700545":[23,"豊田市","千洗町"],"4702514":[23,"知多郡武豊町","旭"],"4701131":[23,"豊明市","二村台"],"4701122":[23,"豊明市","西川町"],"4700461":[23,"豊田市","北曽木町"],"4700331":[23,"豊田市","平戸橋町"],"4702305":[23,"知多郡武豊町","下山ノ田"],"4703505":[23,"知多郡南知多町","篠島"],"4700354":[23,"豊田市","田籾町"],"4700403":[23,"豊田市","白川町"],"4700441":[23,"豊田市","深見町"],"4702387":[23,"知多郡武豊町","上山"],"4700212":[23,"みよし市","東山台"],"4701111":[23,"豊明市","大久伝町"],"4701218":[23,"豊田市","上郷町"],"4702412":[23,"知多郡美浜町","浦戸"],"4700226":[23,"みよし市","西一色町"],"4701219":[23,"豊田市","畝部西町"],"4703321":[23,"知多郡南知多町","内海"],"4700543":[23,"豊田市","北篠平町"],"4700166":[23,"愛知郡東郷町","兵庫"],"4700506":[23,"豊田市","川見町"],"4701154":[23,"豊明市","新栄町"],"4703234":[23,"知多郡美浜町","新栄"],"4700203":[23,"みよし市","三好丘旭"],"4701148":[23,"豊明市","阿野町"],"4701114":[23,"豊明市","新田町"],"4702331":[23,"知多郡武豊町","ヒジリ田"],"4700376":[23,"豊田市","高町"],"4702327":[23,"知多郡武豊町","天神前"],"4701163":[23,"豊明市","栄町"],"4700431":[23,"豊田市","西中山町"],"4703322":[23,"知多郡南知多町","山海"],"4702504":[23,"知多郡武豊町","熊野"],"4702553":[23,"知多郡武豊町","四畝"],"4700125":[23,"日進市","赤池"],"4701125":[23,"豊明市","三崎町"],"4703200":[23,"知多郡美浜町",""],"4702103":[23,"知多郡東浦町","石浜"],"4700164":[23,"愛知郡東郷町","三ツ池"],"4700223":[23,"みよし市","東蜂ヶ池"],"4702322":[23,"知多郡武豊町","塩田"],"4702405":[23,"知多郡美浜町","河和台"],"4702316":[23,"知多郡武豊町","二ケ崎"],"4700216":[23,"みよし市","南台"],"4700573":[23,"豊田市","北大野町"],"4700315":[23,"豊田市","中切町"],"4702315":[23,"知多郡武豊町","中狭"],"4702414":[23,"知多郡美浜町","豊丘"],"4702309":[23,"知多郡武豊町","梨子ノ木"],"4702361":[23,"知多郡武豊町","多賀"],"4701161":[23,"豊明市","栄町"],"4700522":[23,"豊田市","榑俣町"],"4702345":[23,"知多郡武豊町","西門"],"4700542":[23,"豊田市","喜佐平町"],"4700571":[23,"豊田市","松名町"],"4702301":[23,"知多郡武豊町","壱町田"],"4702365":[23,"知多郡武豊町","壱畝町"],"4700227":[23,"みよし市","園原"],"4702541":[23,"知多郡武豊町","目堀"],"4700514":[23,"豊田市","平岩町"],"4701207":[23,"豊田市","鴛鴨町"],"4702353":[23,"知多郡武豊町","道崎田"],"4702215":[23,"知多郡阿久比町","矢高"],"4700302":[23,"豊田市","藤沢町"],"4700103":[23,"日進市","北新町"],"4702376":[23,"知多郡武豊町","上原"],"4702373":[23,"知多郡武豊町","嶋田"],"4700344":[23,"豊田市","保見町"],"4703231":[23,"知多郡美浜町","上野間"],"4700421":[23,"豊田市","上川口町"],"4700213":[23,"みよし市","打越町"],"4700136":[23,"日進市","竹の山"],"4701100":[23,"豊明市",""],"4702521":[23,"知多郡武豊町","東大高"],"4700453":[23,"豊田市","北一色町"],"4700561":[23,"豊田市","上仁木町"],"4700231":[23,"みよし市","黒笹"],"4700329":[23,"豊田市","石野町"],"4702409":[23,"知多郡美浜町","河和"],"4702505":[23,"知多郡武豊町","田崎"],"4701113":[23,"豊明市","新田町"],"4700117":[23,"日進市","藤塚"],"4701103":[23,"豊明市","沓掛町"],"4700402":[23,"豊田市","三箇町"],"4702337":[23,"知多郡武豊町","ヱケ屋敷"],"4700375":[23,"豊田市","亀首町"],"4703501":[23,"知多郡南知多町","大井"],"4700504":[23,"豊田市","雑敷町"],"4702357":[23,"知多郡武豊町","向陽"],"4702306":[23,"知多郡武豊町","上山ノ田"],"4702202":[23,"知多郡阿久比町","福住"],"4700124":[23,"日進市","浅田町"],"4700209":[23,"みよし市","潮見"],"4700361":[23,"豊田市","猿投町"],"4701112":[23,"豊明市","新田町"],"4703233":[23,"知多郡美浜町","奥田"],"4702364":[23,"知多郡武豊町","上起"],"4702382":[23,"知多郡武豊町","東長宗"],"4700303":[23,"豊田市","押沢町"],"4700113":[23,"日進市","栄"],"4702552":[23,"知多郡武豊町","草口"],"4700533":[23,"豊田市","鍛治屋敷町"],"4701212":[23,"豊田市","桝塚東町"],"4700121":[23,"日進市","本郷町"],"4700323":[23,"豊田市","小呂町"],"4700204":[23,"みよし市","三好丘桜"],"4700355":[23,"豊田市","大畑町"],"4700200":[23,"みよし市",""],"4700156":[23,"愛知郡東郷町","御岳"],"4701104":[23,"豊明市","沓掛町"],"4700532":[23,"豊田市","大坂町"],"4701108":[23,"豊明市","沓掛町"],"4702372":[23,"知多郡武豊町","甚田"],"4700326":[23,"豊田市","手呂町樋田"],"4700371":[23,"豊田市","御船町"],"4700347":[23,"豊田市","乙部町"],"4702511":[23,"知多郡武豊町","道仙田"],"4701143":[23,"豊明市","阿野町"],"4700332":[23,"豊田市","越戸町"],"4700341":[23,"豊田市","上原町"],"4700362":[23,"豊田市","舞木町"],"4702545":[23,"知多郡武豊町","前畑"],"4702377":[23,"知多郡武豊町","会下"],"4700372":[23,"豊田市","井上町"],"4700516":[23,"豊田市","宮代町"]}
