{"7400041":[35,"岩国市","黒磯町"],"7401428":[35,"岩国市","由宇町中央"],"7401224":[35,"岩国市","美和町佐坂"],"7401412":[35,"岩国市","由宇町"],"7400043":[35,"岩国市","保津町"],"7400326":[35,"岩国市","土生"],"7400025":[35,"岩国市","三角町"],"7400003":[35,"岩国市","飯田町"],"7400301":[35,"岩国市","行波"],"7401431":[35,"岩国市","由宇町"],"7401212":[35,"岩国市","美和町黒沢"],"7400034":[35,"岩国市","南岩国町"],"7400602":[35,"岩国市","本郷町本郷"],"7400722":[35,"岩国市","錦町中ノ瀬"],"7401402":[35,"岩国市","由宇町"],"7400316":[35,"岩国市","行正"],"7400061":[35,"玖珂郡和木町","和木"],"7400027":[35,"岩国市","中津町"],"7400812":[35,"岩国市","錦町深川"],"7400022":[35,"岩国市","山手町"],"7400304":[35,"岩国市","相ノ谷"],"7401232":[35,"岩国市","美和町西畑"],"7400725":[35,"岩国市","錦町野谷"],"7401202":[35,"岩国市","美和町北中山"],"7401425":[35,"岩国市","由宇町南沖"],"7400313":[35,"岩国市","保木"],"7401201":[35,"岩国市","美和町秋掛"],"7401411":[35,"岩国市","由宇町"],"7400902":[35,"岩国市","錦町宇佐郷"],"7400000":[35,"岩国市",""],"7400324":[35,"岩国市","伊房"],"7401452":[35,"岩国市","由宇町"],"7400306":[35,"岩国市","天尾"],"7400012":[35,"岩国市","元町"],"7400723":[35,"岩国市","錦町府谷"],"7400028":[35,"岩国市","楠町"],"7401451":[35,"岩国市","由宇町南"],"7401407":[35,"岩国市","由宇町"],"7400035":[35,"岩国市","海土路町"],"7400325":[35,"岩国市","竹安"],"7401426":[35,"岩国市","由宇町由宇崎"],"7400001":[35,"岩国市","装束町"],"7401405":[35,"岩国市","由宇町"],"7400724":[35,"岩国市","錦町広瀬"],"7400004":[35,"岩国市","昭和町"],"7401218":[35,"岩国市","美和町中垣内"],"7401225":[35,"岩国市","美和町渋前"],"7401404":[35,"岩国市","由宇町"],"7400322":[35,"岩国市","廿木"],"7401217":[35,"岩国市","美和町大根川"],"7400315":[35,"岩国市","近延"],"7401403":[35,"岩国市","由宇町"],"7401221":[35,"岩国市","美和町上駄床"],"7400023":[35,"岩国市","川下町"],"7400014":[35,"岩国市","日の出町"],"7401215":[35,"岩国市","美和町長谷"],"7400017":[35,"岩国市","今津町"],"7400312":[35,"岩国市","守内"],"7400327":[35,"岩国市","角"],"7401455":[35,"岩国市","由宇町北"],"7400032":[35,"岩国市","尾津町"],"7401214":[35,"岩国市","美和町百合谷"],"7400013":[35,"岩国市","桂町"],"7400015":[35,"岩国市","川口町"],"7400311":[35,"岩国市","瓦谷"],"7400045":[35,"岩国市","長野"],"7400011":[35,"岩国市","立石町"],"7401222":[35,"岩国市","美和町田ノ口"],"7400503":[35,"岩国市","美川町添谷"],"7400021":[35,"岩国市","室の木町"],"7401424":[35,"岩国市","由宇町港"],"7400605":[35,"岩国市","本郷町西黒沢"],"7401454":[35,"岩国市","由宇町西"],"7400063":[35,"玖珂郡和木町","関ケ浜"],"7400505":[35,"岩国市","美川町根笠"],"7400901":[35,"岩国市","錦町宇佐"],"7401401":[35,"岩国市","由宇町"],"7400024":[35,"岩国市","旭町"],"7401413":[35,"岩国市","由宇町"],"7400603":[35,"岩国市","本郷町波野"],"7401441":[35,"岩国市","由宇町千鳥ケ丘"],"7400037":[35,"岩国市","愛宕町"],"7400321":[35,"岩国市","入野"],"7400031":[35,"岩国市","門前町"],"7400018":[35,"岩国市","麻里布町"],"7400604":[35,"岩国市","本郷町宇塚"],"7400314":[35,"岩国市","寺山"],"7401223":[35,"岩国市","美和町滑"],"7401406":[35,"岩国市","由宇町"],"7400601":[35,"岩国市","本郷町本谷"],"7400042":[35,"岩国市","青木町"],"7401231":[35,"岩国市","美和町生見"],"7401488":[35,"岩国市","由宇町"],"7401213":[35,"岩国市","美和町岸根"],"7400811":[35,"岩国市","錦町須川"],"7401216":[35,"岩国市","美和町日宛"],"7400904":[35,"岩国市","錦町宇佐郷"],"7400501":[35,"岩国市","美川町小川"],"7400062":[35,"玖珂郡和木町","瀬田"],"7401219":[35,"岩国市","美和町瀬戸ノ内"],"7400721":[35,"岩国市","錦町大野"],"7400302":[35,"岩国市","下"],"7400002":[35,"岩国市","新港町"],"7400044":[35,"岩国市","通津"],"7400305":[35,"岩国市","二鹿"],"7400323":[35,"岩国市","大山"],"7400016":[35,"岩国市","三笠町"],"7400903":[35,"岩国市","錦町大原"],"7400033":[35,"岩国市","灘町"],"7401432":[35,"岩国市","由宇町神東"],"7400504":[35,"岩国市","美川町南桑"],"7400502":[35,"岩国市","美川町四馬神"],"7401241":[35,"岩国市","美和町阿賀"],"7400051":[35,"岩国市","柱島"],"7400317":[35,"岩国市","上田"],"7401242":[35,"岩国市","美和町下畑"],"7400303":[35,"岩国市","杭名"],"7400019":[35,"岩国市","砂山町"],"7401211":[35,"岩国市","美和町釜ケ原"],"7400036":[35,"岩国市","藤生町"],"7400026":[35,"岩国市","車町"]}
