{"8811301":[45,"児湯郡西米良村","越野尾"],"8810023":[45,"西都市","調殿"],"8811121":[45,"西都市","尾八重"],"8810022":[45,"西都市","桜川町"],"8810034":[45,"西都市","妻町"],"8810116":[45,"西都市","寒川"],"8810101":[45,"西都市","三納"],"8810112":[45,"西都市","山田"],"8811400":[45,"児湯郡西米良村",""],"8811231":[45,"西都市","上揚"],"8810003":[45,"西都市","右松"],"8810037":[45,"西都市","茶臼原"],"8810000":[45,"西都市",""],"8811123":[45,"西都市","中尾"],"8810114":[45,"西都市","藤田"],"8810006":[45,"西都市","新町"],"8810002":[45,"西都市","黒生野"],"8811233":[45,"西都市","八重"],"8811303":[45,"児湯郡西米良村","横野"],"8810024":[45,"西都市","中妻"],"8810004":[45,"西都市","清水"],"8810032":[45,"西都市","白馬町"],"8811122":[45,"西都市","片内"],"8810103":[45,"西都市","加勢"],"8810113":[45,"西都市","下三財"],"8810026":[45,"西都市","穂北"],"8810012":[45,"西都市","小野崎"],"8810102":[45,"西都市","平郡"],"8811413":[45,"児湯郡西米良村","上米良"],"8810011":[45,"西都市","有吉町"],"8810115":[45,"西都市","上三財"],"8810005":[45,"西都市","三宅"],"8811412":[45,"児湯郡西米良村","板谷"],"8810106":[45,"西都市","岩爪"],"8810104":[45,"西都市","鹿野田"],"8810035":[45,"西都市","中央町"],"8810016":[45,"西都市","御舟町"],"8810105":[45,"西都市","都於郡町"],"8811302":[45,"児湯郡西米良村","小川"],"8810033":[45,"西都市","妻"],"8810036":[45,"西都市","水流崎町"],"8810021":[45,"西都市","上町"],"8810001":[45,"西都市","岡富"],"8810027":[45,"西都市","南方"],"8811411":[45,"児湯郡西米良村","村所"],"8810025":[45,"西都市","童子丸"],"8810014":[45,"西都市","下妻"],"8810013":[45,"西都市","小野崎町"],"8810031":[45,"西都市","旭"],"8811414":[45,"児湯郡西米良村","竹原"],"8811232":[45,"西都市","銀鏡"],"8810111":[45,"西都市","荒武"],"8810015":[45,"西都市","聖陵町"]}
