{"9320832":[16,"小矢部市","野端"],"9320129":[16,"小矢部市","安養寺"],"9320003":[16,"小矢部市","北屋敷"],"9320116":[16,"小矢部市","西島"],"9320238":[16,"南砺市","下新町"],"9320061":[16,"小矢部市","道坪野"],"9320045":[16,"小矢部市","中央町"],"9320025":[16,"小矢部市","宮中"],"9320205":[16,"南砺市","井波軸屋"],"9320121":[16,"小矢部市","矢水町"],"9320047":[16,"小矢部市","城山町"],"9320071":[16,"小矢部市","荒間"],"9320313":[16,"砺波市","庄川町五ケ"],"9320103":[16,"小矢部市","経田"],"9320852":[16,"小矢部市","安養寺新"],"9320312":[16,"砺波市","庄川町高儀新"],"9320245":[16,"南砺市","清玄寺"],"9320808":[16,"小矢部市","石名田"],"9320011":[16,"小矢部市","原牧"],"9320236":[16,"南砺市","三日町"],"9320037":[16,"小矢部市","石王丸"],"9320254":[16,"南砺市","五領"],"9320223":[16,"南砺市","松島"],"9320826":[16,"小矢部市","茄子島"],"9320127":[16,"小矢部市","興法寺"],"9320001":[16,"小矢部市","久利須"],"9320303":[16,"砺波市","庄川町落シ"],"9320252":[16,"南砺市","高瀬"],"9320106":[16,"小矢部市","内御堂"],"9320126":[16,"小矢部市","下川崎"],"9320018":[16,"小矢部市","別所滝"],"9320823":[16,"小矢部市","福上"],"9320258":[16,"南砺市","三清東"],"9320206":[16,"南砺市","安室"],"9320033":[16,"小矢部市","芹川"],"9320248":[16,"南砺市","沖"],"9320371":[16,"南砺市","利賀村大牧"],"9320224":[16,"南砺市","藤橋"],"9320111":[16,"小矢部市","新西"],"9320251":[16,"南砺市","野能原"],"9320855":[16,"小矢部市","川開新"],"9320233":[16,"南砺市","堀道"],"9320016":[16,"小矢部市","糠子島"],"9320242":[16,"南砺市","谷"],"9320235":[16,"南砺市","六日町"],"9320015":[16,"小矢部市","矢波"],"9320806":[16,"小矢部市","水落"],"9320035":[16,"小矢部市","西中野"],"9320846":[16,"小矢部市","松永"],"9320004":[16,"小矢部市","二ノ滝"],"9320074":[16,"小矢部市","千石"],"9320058":[16,"小矢部市","小矢部町"],"9320861":[16,"小矢部市","八講田"],"9320237":[16,"南砺市","山見町並"],"9320856":[16,"小矢部市","フロンティアパーク"],"9320112":[16,"小矢部市","清沢"],"9320812":[16,"小矢部市","金屋本江"],"9320822":[16,"小矢部市","和沢"],"9320838":[16,"小矢部市","メルヘンランド"],"9320114":[16,"小矢部市","清水"],"9320055":[16,"小矢部市","西町"],"9320314":[16,"砺波市","庄川町青島"],"9320212":[16,"南砺市","山斐"],"9320815":[16,"小矢部市","高木出"],"9320000":[16,"小矢部市",""],"9320803":[16,"小矢部市","道明"],"9320226":[16,"南砺市","北川"],"9320315":[16,"砺波市","庄川町示野"],"9320013":[16,"小矢部市","清原"],"9320842":[16,"小矢部市","長"],"9320062":[16,"小矢部市","安楽寺"],"9320023":[16,"小矢部市","横谷"],"9320005":[16,"小矢部市","下屋敷"],"9320202":[16,"南砺市","清水明"],"9320053":[16,"小矢部市","石動町"],"9320056":[16,"小矢部市","小矢部"],"9320844":[16,"小矢部市","北一"],"9320132":[16,"小矢部市","杉谷内"],"9320841":[16,"小矢部市","道林寺"],"9320136":[16,"小矢部市","平田"],"9320031":[16,"小矢部市","岡"],"9320311":[16,"砺波市","庄川町古上野"],"9320231":[16,"南砺市","山見"],"9320221":[16,"南砺市","木崎野"],"9320834":[16,"小矢部市","蓮沼"],"9320255":[16,"南砺市","五領島"],"9320301":[16,"砺波市","庄川町三谷"],"9320247":[16,"南砺市","院瀬見"],"9320863":[16,"小矢部市","内山"],"9320824":[16,"小矢部市","下島"],"9320101":[16,"小矢部市","下後亟"],"9320021":[16,"小矢部市","田川"],"9320134":[16,"小矢部市","平桜"],"9320801":[16,"小矢部市","五社"],"9320124":[16,"小矢部市","蓑輪"],"9320225":[16,"南砺市","畑方"],"9320007":[16,"小矢部市","名ケ滝"],"9320052":[16,"小矢部市","泉町"],"9320104":[16,"小矢部市","西川原"],"9320063":[16,"小矢部市","峰坪野"],"9320817":[16,"小矢部市","小神"],"9320214":[16,"南砺市","今町"],"9320008":[16,"小矢部市","菅ケ原"],"9320243":[16,"南砺市","志観寺"],"9320022":[16,"小矢部市","桜町"],"9320836":[16,"小矢部市","埴生"],"9320244":[16,"南砺市","連代寺"],"9320072":[16,"小矢部市","峠"],"9320253":[16,"南砺市","戸板"],"9320833":[16,"小矢部市","綾子"],"9320122":[16,"小矢部市","浅地"],"9320201":[16,"南砺市","高屋"],"9320813":[16,"小矢部市","野寺"],"9320027":[16,"小矢部市","法楽寺"],"9320222":[16,"南砺市","坂ノ下"],"9320024":[16,"小矢部市","屋波牧"],"9320115":[16,"小矢部市","津沢"],"9320807":[16,"小矢部市","柳原"],"9320217":[16,"南砺市","本町"],"9320851":[16,"小矢部市","末友"],"9320207":[16,"南砺市","専勝寺"],"9320805":[16,"小矢部市","西中"],"9320002":[16,"小矢部市","森屋"],"9320257":[16,"南砺市","北市"],"9320032":[16,"小矢部市","地崎"],"9320125":[16,"小矢部市","鴨島"],"9320048":[16,"小矢部市","八和町"],"9320042":[16,"小矢部市","西福町"],"9320831":[16,"小矢部市","後谷"],"9320204":[16,"南砺市","飛騨屋"],"9320256":[16,"南砺市","今里"],"9320102":[16,"小矢部市","水島"],"9320123":[16,"小矢部市","高木"],"9320046":[16,"小矢部市","観音町"],"9320241":[16,"南砺市","川原崎"],"9320026":[16,"小矢部市","宮須"],"9320064":[16,"小矢部市","谷坪野"],"9320017":[16,"小矢部市","了輪"],"9320227":[16,"南砺市","北新町"],"9320036":[16,"小矢部市","宇治新"],"9320821":[16,"小矢部市","鷲島"],"9320215":[16,"南砺市","山下"],"9320845":[16,"小矢部市","松尾"],"9320811":[16,"小矢部市","水牧"],"9320814":[16,"小矢部市","赤倉"],"9320843":[16,"小矢部市","棚田"],"9320065":[16,"小矢部市","論田"],"9320816":[16,"小矢部市","福久"],"9320854":[16,"小矢部市","末沢新"],"9320043":[16,"小矢部市","畠中町"],"9320057":[16,"小矢部市","本町"],"9320113":[16,"小矢部市","岩武"],"9320862":[16,"小矢部市","五郎丸"],"9320305":[16,"砺波市","庄川町金屋"],"9320835":[16,"小矢部市","石坂"],"9320075":[16,"小矢部市","嘉例谷"],"9320802":[16,"小矢部市","七社"],"9320804":[16,"小矢部市","下中"],"9320041":[16,"小矢部市","東福町"],"9320044":[16,"小矢部市","新富町"],"9320316":[16,"砺波市","庄川町天正"],"9320213":[16,"南砺市","井波栄町"],"9320216":[16,"南砺市","井波末広町"],"9320014":[16,"小矢部市","岩崎"],"9320304":[16,"砺波市","庄川町小牧"],"9320128":[16,"小矢部市","戸久"],"9320006":[16,"小矢部市","高坂"],"9320131":[16,"小矢部市","名畑"],"9320073":[16,"小矢部市","岩尾滝"],"9320302":[16,"砺波市","庄川町庄"],"9320012":[16,"小矢部市","嶺"],"9320837":[16,"小矢部市","吉和台"],"9320105":[16,"小矢部市","胡麻島"],"9320232":[16,"南砺市","京願町"],"9320137":[16,"小矢部市","渋江"],"9320246":[16,"南砺市","東城寺"],"9320317":[16,"砺波市","庄川町筏"],"9320211":[16,"南砺市","井波"],"9320135":[16,"小矢部市","藤森"],"9320864":[16,"小矢部市","八伏"],"9320203":[16,"南砺市","岩屋"],"9320034":[16,"小矢部市","坂又"],"9320853":[16,"小矢部市","臼谷"],"9320228":[16,"南砺市","井波東町"],"9320218":[16,"南砺市","坪野"],"9320054":[16,"小矢部市","上野本"],"9320133":[16,"小矢部市","小森谷"],"9320051":[16,"小矢部市","今石動町"],"9320825":[16,"小矢部市","島"],"9320234":[16,"南砺市","八日町"]}
