{"5920002":[27,"高石市","羽衣"],"5920004":[27,"高石市","高師浜"],"5928331":[27,"堺市西区","築港新町"],"5920013":[27,"高石市","取石"],"5928343":[27,"堺市西区","浜寺元町"],"5928341":[27,"堺市西区","浜寺船尾町東"],"5928334":[27,"堺市西区","浜寺石津町中"],"5928333":[27,"堺市西区","浜寺石津町西"],"5928347":[27,"堺市西区","浜寺諏訪森町西"],"5920005":[27,"高石市","千代田"],"5928348":[27,"堺市西区","浜寺諏訪森町中"],"5928332":[27,"堺市西区","石津西町"],"5928342":[27,"堺市西区","浜寺船尾町西"],"5920006":[27,"高石市","高師浜丁"],"5920003":[27,"高石市","東羽衣"],"5920014":[27,"高石市","綾園"],"5928344":[27,"堺市西区","浜寺南町"],"5928349":[27,"堺市西区","浜寺諏訪森町東"],"5928335":[27,"堺市西区","浜寺石津町東"],"5928352":[27,"堺市西区","築港浜寺西町"],"5920001":[27,"高石市","高砂"],"5928351":[27,"堺市西区","築港浜寺町"],"5928346":[27,"堺市西区","浜寺公園町"],"5920011":[27,"高石市","加茂"],"5928345":[27,"堺市西区","浜寺昭和町"],"5920012":[27,"高石市","西取石"],"5920000":[27,"高石市",""]}
