{"2630033":[12,"千葉市稲毛区","稲丘町"],"2630000":[12,"千葉市稲毛区",""],"2630002":[12,"千葉市稲毛区","山王町"],"2630011":[12,"千葉市稲毛区","天台町"],"2630042":[12,"千葉市稲毛区","黒砂"],"2630051":[12,"千葉市稲毛区","園生町"],"2630054":[12,"千葉市稲毛区","宮野木町"],"2630034":[12,"千葉市稲毛区","稲毛"],"2630021":[12,"千葉市稲毛区","轟町"],"2630031":[12,"千葉市稲毛区","稲毛東"],"2630044":[12,"千葉市稲毛区","小中台町"],"2630032":[12,"千葉市稲毛区","稲毛台町"],"2630024":[12,"千葉市稲毛区","穴川"],"2630004":[12,"千葉市稲毛区","六方町"],"2630005":[12,"千葉市稲毛区","長沼町"],"2630003":[12,"千葉市稲毛区","小深町"],"2630043":[12,"千葉市稲毛区","小仲台"],"2630035":[12,"千葉市稲毛区","稲毛町"],"2630052":[12,"千葉市稲毛区","あやめ台"],"2630025":[12,"千葉市稲毛区","穴川町"],"2630015":[12,"千葉市稲毛区","作草部"],"2630016":[12,"千葉市稲毛区","天台"],"2630001":[12,"千葉市稲毛区","長沼原町"],"2630022":[12,"千葉市稲毛区","弥生町"],"2630053":[12,"千葉市稲毛区","柏台"],"2630012":[12,"千葉市稲毛区","萩台町"],"2630023":[12,"千葉市稲毛区","緑町"],"2630041":[12,"千葉市稲毛区","黒砂台"],"2630013":[12,"千葉市稲毛区","千草台"],"2630014":[12,"千葉市稲毛区","作草部町"]}
