{"9150887":[18,"越前市","下四目町"],"9150216":[18,"越前市","市野々町"],"9150033":[18,"越前市","蓑脇町"],"9150862":[18,"越前市","国兼町"],"9150235":[18,"越前市","不老町"],"9150845":[18,"越前市","三ツ口町"],"9150218":[18,"越前市","大谷町"],"9151225":[18,"越前市","湯谷町"],"9150091":[18,"越前市","高木町"],"9150815":[18,"越前市","深草"],"9150871":[18,"越前市","向が丘町"],"9150253":[18,"越前市","中津山町"],"9150243":[18,"越前市","千原町"],"9150016":[18,"越前市","岩内町"],"9150057":[18,"越前市","矢船町"],"9150045":[18,"越前市","荒谷町"],"9151223":[18,"越前市","中津原町"],"9150221":[18,"越前市","杉尾町"],"9150262":[18,"越前市","高岡町"],"9150207":[18,"越前市","東樫尾町"],"9150065":[18,"越前市","豊町"],"9151113":[18,"南条郡南越前町","甲楽城"],"9150864":[18,"越前市","上小松町"],"9150842":[18,"越前市","常久町"],"9150241":[18,"越前市","粟田部町中央"],"9150204":[18,"越前市","寺地町"],"9151212":[18,"越前市","米口町"],"9150231":[18,"越前市","定友町"],"9150891":[18,"越前市","余田町"],"9150812":[18,"越前市","桂町"],"9151104":[18,"南条郡南越前町","大良"],"9150014":[18,"越前市","西尾町"],"9150233":[18,"越前市","岩本町"],"9150825":[18,"越前市","南"],"9150897":[18,"越前市","北山町"],"9150895":[18,"越前市","三ツ俣町"],"9151231":[18,"越前市","千合谷町"],"9150833":[18,"越前市","沢町"],"9150802":[18,"越前市","北府"],"9150004":[18,"越前市","北町"],"9150205":[18,"越前市","波垣町"],"9150084":[18,"越前市","村国"],"9150255":[18,"越前市","新堂町"],"9150854":[18,"越前市","富士見が丘"],"9151242":[18,"越前市","粟野町"],"9150083":[18,"越前市","押田"],"9150095":[18,"越前市","稲寄町"],"9150893":[18,"越前市","片屋町"],"9150211":[18,"越前市","室谷町"],"9151233":[18,"越前市","菖蒲谷町"],"9150000":[18,"越前市",""],"9150074":[18,"越前市","蓬莱町"],"9151215":[18,"越前市","小野町"],"9150874":[18,"越前市","向陽町"],"9150803":[18,"越前市","平出"],"9150053":[18,"越前市","問屋町"],"9150068":[18,"越前市","天王町"],"9150037":[18,"越前市","萱谷町"],"9150225":[18,"越前市","別印町"],"9150851":[18,"越前市","畷町"],"9150222":[18,"越前市","轟井町"],"9150885":[18,"越前市","大虫町"],"9150031":[18,"越前市","余川町"],"9150201":[18,"越前市","西河内町"],"9150026":[18,"越前市","五分市町"],"9150847":[18,"越前市","東千福町"],"9150827":[18,"越前市","平和町"],"9150853":[18,"越前市","行松町"],"9150223":[18,"越前市","島町"],"9150097":[18,"越前市","長土呂町"],"9150888":[18,"越前市","高森町"],"9150092":[18,"越前市","塚町"],"9150214":[18,"越前市","赤谷町"],"9150023":[18,"越前市","池泉町"],"9151205":[18,"越前市","萩原町"],"9150021":[18,"越前市","北小山町"],"9151203":[18,"越前市","上杉本町"],"9150831":[18,"越前市","日野美"],"9150857":[18,"越前市","四郎丸町"],"9150051":[18,"越前市","帆山町"],"9151244":[18,"越前市","牧町"],"9150011":[18,"越前市","金屋町"],"9150896":[18,"越前市","横根町"],"9150861":[18,"越前市","今宿町"],"9150835":[18,"越前市","岡本町"],"9150254":[18,"越前市","国中町"],"9150881":[18,"越前市","下太田町"],"9150062":[18,"越前市","姫川"],"9150873":[18,"越前市","池ノ上町"],"9150227":[18,"越前市","中印町"],"9150209":[18,"越前市","藤木町"],"9150002":[18,"越前市","長尾町"],"9151224":[18,"越前市","下別所町"],"9150055":[18,"越前市","畑町"],"9150066":[18,"越前市","神明町"],"9150202":[18,"越前市","相木町"],"9150013":[18,"越前市","上真柄宮谷入会地"],"9150264":[18,"越前市","野岡町"],"9150822":[18,"越前市","元町"],"9150876":[18,"越前市","白崎町"],"9150814":[18,"越前市","中央"],"9150212":[18,"越前市","長谷町"],"9150073":[18,"越前市","錦町"],"9150044":[18,"越前市","平林町"],"9150894":[18,"越前市","丹生郷町"],"9150203":[18,"越前市","清根町"],"9151222":[18,"越前市","下中津原町"],"9151234":[18,"越前市","小谷町"],"9150228":[18,"越前市","大平町"],"9150075":[18,"越前市","幸町"],"9151214":[18,"越前市","勝蓮花町"],"9151243":[18,"越前市","小杉町"],"9150846":[18,"越前市","千福町"],"9150005":[18,"越前市","真柄町"],"9150046":[18,"越前市","西谷町"],"9150015":[18,"越前市","大手町"],"9150877":[18,"越前市","春日野町"],"9150826":[18,"越前市","御幸町"],"9150219":[18,"越前市","北坂下町"],"9151226":[18,"越前市","中山町"],"9150841":[18,"越前市","文京"],"9150256":[18,"越前市","赤坂町"],"9151201":[18,"越前市","安養寺町"],"9150064":[18,"越前市","あおば町"],"9150234":[18,"越前市","大滝町"],"9150082":[18,"越前市","国高"],"9150844":[18,"越前市","妙法寺町"],"9150217":[18,"越前市","水間町"],"9151204":[18,"越前市","都辺町"],"9150805":[18,"越前市","芝原"],"9150025":[18,"越前市","味真野町"],"9150035":[18,"越前市","入谷町"],"9151232":[18,"越前市","二階堂町"],"9150834":[18,"越前市","北千福町"],"9150094":[18,"越前市","横市町"],"9150824":[18,"越前市","武生柳町"],"9150032":[18,"越前市","檜尾谷町"],"9151241":[18,"越前市","曽原町"],"9150042":[18,"越前市","大屋町"],"9150252":[18,"越前市","西庄境町"],"9150865":[18,"越前市","瓜生野町"],"9150883":[18,"越前市","新町"],"9150007":[18,"越前市","三ツ屋町"],"9151101":[18,"南条郡南越前町","具谷"],"9151211":[18,"越前市","堀町"],"9150823":[18,"越前市","本町"],"9150855":[18,"越前市","下平吹町"],"9150232":[18,"越前市","新在家町"],"9150816":[18,"越前市","小松"],"9150813":[18,"越前市","京町"],"9150801":[18,"越前市","家久町"],"9150843":[18,"越前市","月見町"],"9150003":[18,"越前市","戸谷町"],"9150821":[18,"越前市","若松町"],"9150265":[18,"越前市","仲山"],"9150852":[18,"越前市","松森町"],"9150001":[18,"越前市","中新庄町"],"9150012":[18,"越前市","清水頭町"],"9150096":[18,"越前市","瓜生町"],"9151246":[18,"越前市","中野町"],"9150093":[18,"越前市","庄町"],"9150882":[18,"越前市","上太田町"],"9150034":[18,"越前市","中居町"],"9151202":[18,"越前市","黒川町"],"9150806":[18,"越前市","本保町"],"9150804":[18,"越前市","新保"],"9151213":[18,"越前市","丸岡町"],"9150263":[18,"越前市","山室町"],"9151114":[18,"南条郡南越前町","糠"],"9150052":[18,"越前市","矢放町"],"9151235":[18,"越前市","菅町"],"9151245":[18,"越前市","若須町"],"9150832":[18,"越前市","高瀬"],"9150863":[18,"越前市","大塩町"],"9150054":[18,"越前市","小野谷町"],"9150886":[18,"越前市","上四目町"],"9150856":[18,"越前市","中平吹町"],"9150069":[18,"越前市","吾妻町"],"9150261":[18,"越前市","朽飯町"],"9150244":[18,"越前市","西樫尾町"],"9150206":[18,"越前市","春山町"],"9150043":[18,"越前市","庄田町"],"9150071":[18,"越前市","府中"],"9150036":[18,"越前市","文室町"],"9150892":[18,"越前市","氷坂町"],"9151105":[18,"南条郡南越前町","赤萩"],"9150884":[18,"越前市","大虫本町"],"9150215":[18,"越前市","柳元町"],"9150085":[18,"越前市","八幡"],"9150072":[18,"越前市","万代町"],"9150063":[18,"越前市","若竹町"],"9150213":[18,"越前市","南中町"],"9151106":[18,"南条郡南越前町","河内"],"9150875":[18,"越前市","塚原町"],"9150024":[18,"越前市","上大坪町"],"9150226":[18,"越前市","南坂下町"],"9151112":[18,"南条郡南越前町","今泉"],"9150836":[18,"越前市","野上町"],"9150061":[18,"越前市","堀川町"],"9150056":[18,"越前市","向新保町"],"9150242":[18,"越前市","粟田部町"],"9150041":[18,"越前市","葛岡町"],"9150006":[18,"越前市","杉崎町"],"9150022":[18,"越前市","南小山町"],"9150067":[18,"越前市","住吉町"],"9150076":[18,"越前市","国府"],"9151103":[18,"南条郡南越前町","大谷"],"9151111":[18,"南条郡南越前町","河野"],"9150251":[18,"越前市","東庄境町"],"9150811":[18,"越前市","本多"],"9151221":[18,"越前市","勾当原町"],"9150081":[18,"越前市","馬上免町"],"9150872":[18,"越前市","広瀬町"],"9150224":[18,"越前市","八石町"],"9150208":[18,"越前市","領家町"],"9151102":[18,"南条郡南越前町","菅谷"]}
