{"8840001":[45,"児湯郡高鍋町","高鍋町"],"8840005":[45,"児湯郡高鍋町","持田"],"8840104":[45,"児湯郡木城町","石河内"],"8840103":[45,"児湯郡木城町","川原"],"8840100":[45,"児湯郡木城町",""],"8840101":[45,"児湯郡木城町","高城"],"8840006":[45,"児湯郡高鍋町","上江"],"8840002":[45,"児湯郡高鍋町","北高鍋"],"8840102":[45,"児湯郡木城町","椎木"],"8840003":[45,"児湯郡高鍋町","南高鍋"],"8840004":[45,"児湯郡高鍋町","蚊口浦"],"8840000":[45,"児湯郡高鍋町",""],"8840105":[45,"児湯郡木城町","中之又"]}
