{"1960012":[13,"昭島市","つつじが丘"],"1960013":[13,"昭島市","大神町"],"1960002":[13,"昭島市","拝島町"],"1960015":[13,"昭島市","昭和町"],"1960022":[13,"昭島市","中神町"],"1960000":[13,"昭島市",""],"1960025":[13,"昭島市","朝日町"],"1960024":[13,"昭島市","宮沢町"],"1960034":[13,"昭島市","玉川町"],"1960023":[13,"昭島市","築地町"],"1960031":[13,"昭島市","福島町"],"1960014":[13,"昭島市","田中町"],"1960003":[13,"昭島市","松原町"],"1960004":[13,"昭島市","緑町"],"1960021":[13,"昭島市","武蔵野"],"1960033":[13,"昭島市","東町"],"1960032":[13,"昭島市","郷地町"],"1960011":[13,"昭島市","上川原町"],"1960001":[13,"昭島市","美堀町"]}
