{"6028261":[26,"京都市上京区","多門町"],"6028158":[26,"京都市上京区","中務町"],"6028318":[26,"京都市上京区","老松町"],"6020819":[26,"京都市上京区","松之木町"],"6020947":[26,"京都市上京区","東町"],"6028034":[26,"京都市上京区","米屋町"],"6028303":[26,"京都市上京区","姥ケ寺之前町"],"6028004":[26,"京都市上京区","西鷹司町"],"6020808":[26,"京都市上京区","歓喜寺前町"],"6028306":[26,"京都市上京区","西五辻北町"],"6028484":[26,"京都市上京区","蛭子町"],"6028136":[26,"京都市上京区","中御門横町"],"6028224":[26,"京都市上京区","弾正町"],"6028425":[26,"京都市上京区","樋之口町"],"6028417":[26,"京都市上京区","東社町"],"6028023":[26,"京都市上京区","春日町"],"6028494":[26,"京都市上京区","新猪熊東町"],"6028409":[26,"京都市上京区","新美濃部町"],"6020024":[26,"京都市上京区","上立売町"],"6020891":[26,"京都市上京区","上御霊馬場町"],"6020045":[26,"京都市上京区","近衛殿北口町"],"6028047":[26,"京都市上京区","勘兵衛町"],"6028207":[26,"京都市上京区","北新在家町"],"6020841":[26,"京都市上京区","梶井町"],"6028427":[26,"京都市上京区","土田町"],"6020918":[26,"京都市上京区","薬屋町"],"6028497":[26,"京都市上京区","戌亥町"],"6028135":[26,"京都市上京区","三町目"],"6028465":[26,"京都市上京区","松屋町"],"6020000":[26,"京都市上京区",""],"6028412":[26,"京都市上京区","芝之町"],"6028148":[26,"京都市上京区","西丸太町"],"6028106":[26,"京都市上京区","秤口町"],"6028358":[26,"京都市上京区","三番町"],"6028108":[26,"京都市上京区","南清水町"],"6020834":[26,"京都市上京区","大原口突抜町"],"6028449":[26,"京都市上京区","横大宮町"],"6020847":[26,"京都市上京区","大宮町"],"6028472":[26,"京都市上京区","有馬町"],"6020938":[26,"京都市上京区","元図子町"],"6028431":[26,"京都市上京区","東石屋町"],"6028267":[26,"京都市上京区","高台院竪町"],"6028317":[26,"京都市上京区","東柳町"],"6020901":[26,"京都市上京区","北小路室町"],"6020814":[26,"京都市上京区","幸神町"],"6020851":[26,"京都市上京区","九軒町"],"6020018":[26,"京都市上京区","玄蕃町"],"6020838":[26,"京都市上京区","柳風呂町"],"6028355":[26,"京都市上京区","天満屋町"],"6028297":[26,"京都市上京区","伊勢殿構町"],"6020099":[26,"京都市上京区","竪社南半町"],"6028213":[26,"京都市上京区","徳屋町"],"6028074":[26,"京都市上京区","有春町"],"6028019":[26,"京都市上京区","近衛町"],"6028385":[26,"京都市上京区","観音寺門前町"],"6020086":[26,"京都市上京区","東若宮町"],"6028035":[26,"京都市上京区","六町目"],"6028202":[26,"京都市上京区","栄町"],"6020862":[26,"京都市上京区","出水町"],"6020057":[26,"京都市上京区","堀之上町"],"6020921":[26,"京都市上京区","正親町"],"6020073":[26,"京都市上京区","寺之内竪町"],"6028121":[26,"京都市上京区","家永町"],"6028176":[26,"京都市上京区","下丸屋町"],"6020055":[26,"京都市上京区","南舟橋町"],"6020827":[26,"京都市上京区","相生町"],"6028469":[26,"京都市上京区","中宮町"],"6028162":[26,"京都市上京区","東神明町"],"6028438":[26,"京都市上京区","芝大宮町"],"6020959":[26,"京都市上京区","革堂西町"],"6028346":[26,"京都市上京区","東町"],"6028112":[26,"京都市上京区","四町目"],"6020912":[26,"京都市上京区","龍前町"],"6028343":[26,"京都市上京区","利生町"],"6028342":[26,"京都市上京区","五番町"],"6020071":[26,"京都市上京区","扇町"],"6028223":[26,"京都市上京区","横神明町"],"6020083":[26,"京都市上京区","新ン町"],"6028363":[26,"京都市上京区","大宮町"],"6028235":[26,"京都市上京区","飛弾殿町"],"6020832":[26,"京都市上京区","大原口町"],"6028486":[26,"京都市上京区","姥ケ西町"],"6028294":[26,"京都市上京区","東西俵屋町"],"6020033":[26,"京都市上京区","今出川町"],"6028485":[26,"京都市上京区","姥ケ東西町"],"6020046":[26,"京都市上京区","西大路町"],"6028279":[26,"京都市上京区","新柳馬場頭町"],"6028168":[26,"京都市上京区","弁天町"],"6028326":[26,"京都市上京区","西上善寺町"],"6020803":[26,"京都市上京区","阿弥陀寺前町"],"6020939":[26,"京都市上京区","弁財天町"],"6020828":[26,"京都市上京区","二神町"],"6028109":[26,"京都市上京区","西天秤町"],"6028118":[26,"京都市上京区","蛭子町"],"6028266":[26,"京都市上京区","菱丸町"],"6028307":[26,"京都市上京区","閻魔前町"],"6028416":[26,"京都市上京区","東千本町"],"6020842":[26,"京都市上京区","栄町"],"6020923":[26,"京都市上京区","油橋詰町"],"6028218":[26,"京都市上京区","富小路町"],"6028426":[26,"京都市上京区","曼陀羅町"],"6028203":[26,"京都市上京区","鏡石町"],"6028464":[26,"京都市上京区","元四丁目"],"6020833":[26,"京都市上京区","真如堂突抜町"],"6028408":[26,"京都市上京区","古美濃部町"],"6020948":[26,"京都市上京区","針屋町"],"6020025":[26,"京都市上京区","裏風呂町"],"6028054":[26,"京都市上京区","丁子風呂町"],"6028073":[26,"京都市上京区","頭町"],"6028163":[26,"京都市上京区","田中町"],"6020848":[26,"京都市上京区","扇町"],"6028467":[26,"京都市上京区","西亀屋町"],"6028274":[26,"京都市上京区","山王町"],"6020056":[26,"京都市上京区","北舟橋町"],"6028296":[26,"京都市上京区","北伊勢殿構町"],"6020861":[26,"京都市上京区","新烏丸頭町"],"6020922":[26,"京都市上京区","讃州寺町"],"6028006":[26,"京都市上京区","元土御門町"],"6028347":[26,"京都市上京区","四番町"],"6028244":[26,"京都市上京区","菊屋町"],"6028016":[26,"京都市上京区","両御霊町"],"6028208":[26,"京都市上京区","智恵光院前之町"],"6028011":[26,"京都市上京区","桜鶴円町"],"6020849":[26,"京都市上京区","大猪熊町"],"6028022":[26,"京都市上京区","養安町"],"6020953":[26,"京都市上京区","元百万遍町"],"6028437":[26,"京都市上京区","西石屋町"],"6020898":[26,"京都市上京区","相国寺門前町"],"6020871":[26,"京都市上京区","俵屋町"],"6028281":[26,"京都市上京区","加賀屋町"],"6020005":[26,"京都市上京区","妙顕寺前町"],"6028113":[26,"京都市上京区","元福大明神町"],"6028471":[26,"京都市上京区","一色町"],"6020812":[26,"京都市上京区","本満寺前町"],"6028321":[26,"京都市上京区","南上善寺町"],"6020058":[26,"京都市上京区","水落町"],"6028403":[26,"京都市上京区","中社町"],"6028468":[26,"京都市上京区","東上善寺町"],"6028036":[26,"京都市上京区","西山崎町"],"6028007":[26,"京都市上京区","東長者町"],"6020074":[26,"京都市上京区","下天神町"],"6028302":[26,"京都市上京区","井田町"],"6028061":[26,"京都市上京区","甲斐守町"],"6028048":[26,"京都市上京区","西大路町"],"6020915":[26,"京都市上京区","三丁町"],"6028377":[26,"京都市上京区","東竪町"],"6028448":[26,"京都市上京区","元北小路町"],"6028057":[26,"京都市上京区","紹巴町"],"6028114":[26,"京都市上京区","荒神町"],"6028401":[26,"京都市上京区","薬師前町"],"6028147":[26,"京都市上京区","直家町"],"6020047":[26,"京都市上京区","近衛殿表町"],"6028435":[26,"京都市上京区","元伊佐町"],"6028441":[26,"京都市上京区","観世町"],"6020041":[26,"京都市上京区","中御霊図子町"],"6020805":[26,"京都市上京区","桜木町"],"6028311":[26,"京都市上京区","柏清盛町"],"6028042":[26,"京都市上京区","西裏辻町"],"6028255":[26,"京都市上京区","東堀町"],"6028067":[26,"京都市上京区","主計町"],"6028319":[26,"京都市上京区","溝前町"],"6028246":[26,"京都市上京区","杉本町"],"6028454":[26,"京都市上京区","今出川町"],"6028043":[26,"京都市上京区","五町目"],"6028031":[26,"京都市上京区","東裏辻町"],"6028334":[26,"京都市上京区","西今出川町"],"6020903":[26,"京都市上京区","観三橘町"],"6028026":[26,"京都市上京区","春帯町"],"6020857":[26,"京都市上京区","中御霊町"],"6028263":[26,"京都市上京区","須浜東町"],"6020091":[26,"京都市上京区","筋違橋町"],"6020034":[26,"京都市上京区","築山南半町"],"6028367":[26,"京都市上京区","堀川町"],"6028232":[26,"京都市上京区","堀川下之町"],"6028354":[26,"京都市上京区","西東町"],"6020053":[26,"京都市上京区","中小川町"],"6020817":[26,"京都市上京区","毘沙門横町"],"6028017":[26,"京都市上京区","西出水町"],"6028111":[26,"京都市上京区","桝屋町"],"6028178":[26,"京都市上京区","白銀町"],"6028226":[26,"京都市上京区","石薬師町"],"6020026":[26,"京都市上京区","古木町"],"6028436":[26,"京都市上京区","慈眼庵町"],"6028466":[26,"京都市上京区","南辻町"],"6028051":[26,"京都市上京区","中橋詰町"],"6028014":[26,"京都市上京区","勘解由小路町"],"6028447":[26,"京都市上京区","紋屋町"],"6028344":[26,"京都市上京区","二番町"],"6028298":[26,"京都市上京区","泰童町"],"6020945":[26,"京都市上京区","革堂仲之町"],"6028001":[26,"京都市上京区","元浄花院町"],"6028341":[26,"京都市上京区","三軒町"],"6028209":[26,"京都市上京区","橘町"],"6028487":[26,"京都市上京区","姥ケ北町"],"6020015":[26,"京都市上京区","下柳原南半町"],"6028165":[26,"京都市上京区","尼ケ崎横町"],"6020839":[26,"京都市上京区","下御輿町"],"6020823":[26,"京都市上京区","三芳町"],"6028284":[26,"京都市上京区","亀屋町"],"6020836":[26,"京都市上京区","常盤井殿町"],"6028137":[26,"京都市上京区","大黒町"],"6020094":[26,"京都市上京区","社横町"],"6028211":[26,"京都市上京区","村雲町"],"6028407":[26,"京都市上京区","伊佐町"],"6028276":[26,"京都市上京区","百万遍町"],"6028414":[26,"京都市上京区","西北小路町"],"6020061":[26,"京都市上京区","本法寺前町"],"6028324":[26,"京都市上京区","元観音町"],"6028351":[26,"京都市上京区","六番町"],"6020072":[26,"京都市上京区","百々町"],"6028357":[26,"京都市上京区","鳳瑞町"],"6020925":[26,"京都市上京区","西之口町"],"6028115":[26,"京都市上京区","北蟹屋町"],"6020946":[26,"京都市上京区","戒光寺町"],"6020801":[26,"京都市上京区","高徳寺町"],"6028033":[26,"京都市上京区","上鍛冶町"],"6020016":[26,"京都市上京区","畠中町"],"6028024":[26,"京都市上京区","大門町"],"6020893":[26,"京都市上京区","玄武町"],"6020872":[26,"京都市上京区","駒之町"],"6020858":[26,"京都市上京区","東桜町"],"6028455":[26,"京都市上京区","泰童片原町"],"6028428":[26,"京都市上京区","幸在町"],"6020042":[26,"京都市上京区","元新在家町"],"6028335":[26,"京都市上京区","一観音町"],"6020811":[26,"京都市上京区","十念寺前町"],"6028068":[26,"京都市上京区","松之下町"],"6028041":[26,"京都市上京区","藪之内町"],"6020856":[26,"京都市上京区","荒神町"],"6028243":[26,"京都市上京区","奈良物町"],"6020092":[26,"京都市上京区","北仲之町"],"6020035":[26,"京都市上京区","畠山町"],"6028141":[26,"京都市上京区","上堀川町"],"6028058":[26,"京都市上京区","二町目"],"6028025":[26,"京都市上京区","今薬屋町"],"6028237":[26,"京都市上京区","梨木町"],"6020934":[26,"京都市上京区","一条殿町"],"6028273":[26,"京都市上京区","長谷町"],"6028361":[26,"京都市上京区","西上之町"],"6028496":[26,"京都市上京区","木瓜原町"],"6028128":[26,"京都市上京区","二町目"],"6028406":[26,"京都市上京区","花開院町"],"6028201":[26,"京都市上京区","桝屋町"],"6028283":[26,"京都市上京区","仲御霊町"],"6028446":[26,"京都市上京区","五辻町"],"6028368":[26,"京都市上京区","北町"],"6020892":[26,"京都市上京区","新北小路町"],"6028331":[26,"京都市上京区","若松町"],"6020835":[26,"京都市上京区","革堂内町"],"6028345":[26,"京都市上京区","一番町"],"6020944":[26,"京都市上京区","一条横町"],"6028238":[26,"京都市上京区","糸屋町"],"6028225":[26,"京都市上京区","下石橋町"],"6028301":[26,"京都市上京区","西芦山寺町"],"6020007":[26,"京都市上京区","下清蔵口町"],"6028488":[26,"京都市上京区","真倉町"],"6020804":[26,"京都市上京区","上片原町"],"6028101":[26,"京都市上京区","東辰巳町"],"6028268":[26,"京都市上京区","山里町"],"6028463":[26,"京都市上京区","革堂町"],"6020818":[26,"京都市上京区","北横町"],"6028071":[26,"京都市上京区","仕丁町"],"6028286":[26,"京都市上京区","玉屋町"],"6028327":[26,"京都市上京区","南佐竹町"],"6020913":[26,"京都市上京区","東町"],"6028415":[26,"京都市上京区","前之町"],"6028044":[26,"京都市上京区","東橋詰町"],"6020867":[26,"京都市上京区","松蔭町"],"6028316":[26,"京都市上京区","片原町"],"6028384":[26,"京都市上京区","紙屋川町"],"6028366":[26,"京都市上京区","行衛町"],"6028304":[26,"京都市上京区","作庵町"],"6020085":[26,"京都市上京区","若宮竪町"],"6020054":[26,"京都市上京区","飛鳥井町"],"6028212":[26,"京都市上京区","橋詰町"],"6028299":[26,"京都市上京区","革堂之内町"],"6028478":[26,"京都市上京区","西五辻東町"],"6028391":[26,"京都市上京区","神明町"],"6028052":[26,"京都市上京区","鷹司町"],"6028177":[26,"京都市上京区","田村備前町"],"6028262":[26,"京都市上京区","須浜池町"],"6020062":[26,"京都市上京区","宝鏡院東町"],"6028138":[26,"京都市上京区","西橋詰町"],"6020063":[26,"京都市上京区","内藤町"],"6020911":[26,"京都市上京区","広橋殿町"],"6028356":[26,"京都市上京区","三助町"],"6028251":[26,"京都市上京区","榎町"],"6028434":[26,"京都市上京区","西船橋町"],"6028102":[26,"京都市上京区","東天秤町"],"6028028":[26,"京都市上京区","門跡町"],"6028278":[26,"京都市上京区","愛染寺町"],"6028248":[26,"京都市上京区","南俵町"],"6020081":[26,"京都市上京区","瑞光院前町"],"6028131":[26,"京都市上京区","長尾町"],"6028221":[26,"京都市上京区","堀川上之町"],"6028336":[26,"京都市上京区","滝ケ鼻町"],"6028421":[26,"京都市上京区","芝薬師町"],"6020815":[26,"京都市上京区","上塔之段町"],"6028461":[26,"京都市上京区","北小路中之町"],"6028291":[26,"京都市上京区","福本町"],"6020935":[26,"京都市上京区","大峰図子町"],"6028411":[26,"京都市上京区","東西町"],"6028153":[26,"京都市上京区","南伊勢屋町"],"6020878":[26,"京都市上京区","高島町"],"6028127":[26,"京都市上京区","櫛笥町"],"6028443":[26,"京都市上京区","元妙蓮寺町"],"6028055":[26,"京都市上京区","大黒屋町"],"6028173":[26,"京都市上京区","金馬場町"],"6028164":[26,"京都市上京区","十四軒町"],"6020027":[26,"京都市上京区","木下突抜町"],"6028116":[26,"京都市上京区","清元町"],"6028239":[26,"京都市上京区","下石橋南半町"],"6020029":[26,"京都市上京区","室町頭町"],"6028394":[26,"京都市上京区","西柳町"],"6020087":[26,"京都市上京区","天神北町"],"6020916":[26,"京都市上京区","西日野殿町"],"6028179":[26,"京都市上京区","坤高町"],"6020821":[26,"京都市上京区","後藤町"],"6020844":[26,"京都市上京区","染殿町"],"6028333":[26,"京都市上京区","三条殿町"],"6020855":[26,"京都市上京区","上生洲町"],"6028227":[26,"京都市上京区","毘沙門町"],"6028481":[26,"京都市上京区","聖天町"],"6020956":[26,"京都市上京区","西町"],"6020028":[26,"京都市上京区","納屋町"],"6020941":[26,"京都市上京区","南兼康町"],"6028139":[26,"京都市上京区","丸屋町"],"6028332":[26,"京都市上京区","烏丸町"],"6028012":[26,"京都市上京区","中出水町"],"6028167":[26,"京都市上京区","二本松町"],"6028322":[26,"京都市上京区","玉屋町"],"6020043":[26,"京都市上京区","元本満寺町"],"6020875":[26,"京都市上京区","信富町"],"6028462":[26,"京都市上京区","竪亀屋町"],"6028105":[26,"京都市上京区","天秤町"],"6020824":[26,"京都市上京区","一真町"],"6028292":[26,"京都市上京区","今新在家町"],"6020943":[26,"京都市上京区","革堂町"],"6028065":[26,"京都市上京区","突抜町"],"6020001":[26,"京都市上京区","竹園町"],"6028045":[26,"京都市上京区","四町目"],"6028491":[26,"京都市上京区","西社町"],"6028369":[26,"京都市上京区","川瀬町"],"6028383":[26,"京都市上京区","西今小路町"],"6020866":[26,"京都市上京区","真町"],"6028374":[26,"京都市上京区","西町"],"6028256":[26,"京都市上京区","神明町"],"6020006":[26,"京都市上京区","禅昌院町"],"6028305":[26,"京都市上京区","花車町"],"6028477":[26,"京都市上京区","姥ケ榎木町"],"6028313":[26,"京都市上京区","風呂屋町"],"6028498":[26,"京都市上京区","西熊町"],"6020096":[26,"京都市上京区","西若宮南半町"],"6028154":[26,"京都市上京区","四町目"],"6020013":[26,"京都市上京区","上柳原町"],"6028003":[26,"京都市上京区","清和院町"],"6028205":[26,"京都市上京区","新白水丸町"],"6020936":[26,"京都市上京区","西無車小路町"],"6020895":[26,"京都市上京区","上御霊前町"],"6028285":[26,"京都市上京区","西中筋町"],"6028077":[26,"京都市上京区","土御門町"],"6020051":[26,"京都市上京区","御三軒町"],"6028157":[26,"京都市上京区","小山町"],"6020907":[26,"京都市上京区","福長町"],"6028372":[26,"京都市上京区","下竪町"],"6020933":[26,"京都市上京区","武者小路町"],"6028066":[26,"京都市上京区","東橋詰町"],"6020093":[26,"京都市上京区","仲之町"],"6028132":[26,"京都市上京区","講堂町"],"6028245":[26,"京都市上京区","猪熊"],"6028027":[26,"京都市上京区","東立売町"],"6020816":[26,"京都市上京区","毘沙門町"],"6020011":[26,"京都市上京区","森之木町"],"6028381":[26,"京都市上京区","真盛町"],"6020021":[26,"京都市上京区","柳図子町"],"6020082":[26,"京都市上京区","上天神町"],"6028072":[26,"京都市上京区","仲之町"],"6028117":[26,"京都市上京区","吉野町"],"6020014":[26,"京都市上京区","下柳原北半町"],"6028404":[26,"京都市上京区","西千本町"],"6028442":[26,"京都市上京区","薬師町"],"6020942":[26,"京都市上京区","靭屋町"],"6028146":[26,"京都市上京区","木屋之町"],"6028433":[26,"京都市上京区","橋之上町"],"6028032":[26,"京都市上京区","夷川町"],"6028252":[26,"京都市上京区","北小大門町"],"6020957":[26,"京都市上京区","西今町"],"6028172":[26,"京都市上京区","天秤丸町"],"6020854":[26,"京都市上京区","亀屋町"],"6020031":[26,"京都市上京区","裏築地町"],"6028264":[26,"京都市上京区","須浜町"],"6020902":[26,"京都市上京区","梅屋町"],"6020019":[26,"京都市上京区","下木下町"],"6020868":[26,"京都市上京区","袋町"],"6020036":[26,"京都市上京区","蒔鳥屋町"],"6028056":[26,"京都市上京区","三町目"],"6028015":[26,"京都市上京区","常泉院町"],"6028231":[26,"京都市上京区","如水町"],"6020877":[26,"京都市上京区","桝屋町"],"6028103":[26,"京都市上京区","一町目"],"6028452":[26,"京都市上京区","元中之町"],"6020807":[26,"京都市上京区","不動前町"],"6028156":[26,"京都市上京区","聚楽町"],"6028126":[26,"京都市上京区","中書町"],"6020044":[26,"京都市上京区","北兼康町"],"6028382":[26,"京都市上京区","末之口町"],"6028288":[26,"京都市上京区","田丸町"],"6028275":[26,"京都市上京区","革堂前之町"],"6028364":[26,"京都市上京区","突抜町"],"6028325":[26,"京都市上京区","毘沙門町"],"6020881":[26,"京都市上京区","京都御苑"],"6020065":[26,"京都市上京区","挽木町"],"6028171":[26,"京都市上京区","山本町"],"6028206":[26,"京都市上京区","南新在家町"],"6028371":[26,"京都市上京区","西町"],"6028476":[26,"京都市上京区","桐木町"],"6020064":[26,"京都市上京区","安楽小路町"],"6020002":[26,"京都市上京区","継孝院町"],"6020865":[26,"京都市上京区","南町"],"6020894":[26,"京都市上京区","上御霊中町"],"6020924":[26,"京都市上京区","小川町"],"6020876":[26,"京都市上京区","錦砂町"],"6020052":[26,"京都市上京区","上小川町"],"6028293":[26,"京都市上京区","新桝屋町"],"6020059":[26,"京都市上京区","実相院町"],"6020022":[26,"京都市上京区","上立売東町"],"6028217":[26,"京都市上京区","南門前町"],"6020914":[26,"京都市上京区","花立町"],"6020084":[26,"京都市上京区","若宮横町"],"6028432":[26,"京都市上京区","北猪熊町"],"6028204":[26,"京都市上京区","下鏡石町"],"6028125":[26,"京都市上京区","菱屋町"],"6028271":[26,"京都市上京区","高台院町"],"6028142":[26,"京都市上京区","下堀川町"],"6020831":[26,"京都市上京区","立本寺前町"],"6028214":[26,"京都市上京区","北之御門町"],"6028119":[26,"京都市上京区","亀屋町"],"6020937":[26,"京都市上京区","常盤井図子町"],"6020825":[26,"京都市上京区","表町"],"6028063":[26,"京都市上京区","橋本町"],"6028018":[26,"京都市上京区","御霊町"],"6028046":[26,"京都市上京区","近衛町"],"6028393":[26,"京都市上京区","鳥居前町"],"6028107":[26,"京都市上京区","西辰巳町"],"6028037":[26,"京都市上京区","八幡町"],"6028002":[26,"京都市上京区","鷹司町"],"6028233":[26,"京都市上京区","福大明神町"],"6020003":[26,"京都市上京区","大心院町"],"6020032":[26,"京都市上京区","岡松町"],"6028104":[26,"京都市上京区","浮田町"],"6020932":[26,"京都市上京区","徳大寺殿町"],"6028253":[26,"京都市上京区","南小大門町"],"6028265":[26,"京都市上京区","下山里町"],"6028413":[26,"京都市上京区","大北小路東町"],"6020845":[26,"京都市上京区","真如堂前町"],"6028337":[26,"京都市上京区","新建町"],"6028287":[26,"京都市上京区","丹波屋町"],"6020012":[26,"京都市上京区","内構町"],"6028348":[26,"京都市上京区","白竹町"],"6028314":[26,"京都市上京区","佐竹町"],"6028405":[26,"京都市上京区","大猪熊町"],"6028493":[26,"京都市上京区","中猪熊町"],"6028445":[26,"京都市上京区","桜井町"],"6028133":[26,"京都市上京区","小伝馬町"],"6028013":[26,"京都市上京区","五町目町"],"6020806":[26,"京都市上京区","藪之下町"],"6028295":[26,"京都市上京区","東石橋町"],"6028241":[26,"京都市上京区","役人町"],"6028169":[26,"京都市上京区","西神明町"],"6028423":[26,"京都市上京区","藤木町"],"6020897":[26,"京都市上京区","新御霊口町"],"6028175":[26,"京都市上京区","中村町"],"6020952":[26,"京都市上京区","頭町"],"6028005":[26,"京都市上京区","元頂妙寺町"],"6028453":[26,"京都市上京区","笹屋"],"6028259":[26,"京都市上京区","常陸町"],"6020843":[26,"京都市上京区","新夷町"],"6028222":[26,"京都市上京区","晴明町"],"6028123":[26,"京都市上京区","橋西二町目"],"6028392":[26,"京都市上京区","北町"],"6020008":[26,"京都市上京区","岩栖院町"],"6020097":[26,"京都市上京区","西若宮北半町"],"6020954":[26,"京都市上京区","西川端町"],"6028315":[26,"京都市上京区","突抜町"],"6028386":[26,"京都市上京区","馬喰町"],"6020066":[26,"京都市上京区","射場町"],"6020037":[26,"京都市上京区","瓢箪図子町"],"6028376":[26,"京都市上京区","大東町"],"6028236":[26,"京都市上京区","庇町"],"6028144":[26,"京都市上京区","藁屋町"],"6028258":[26,"京都市上京区","和水町"],"6028495":[26,"京都市上京区","新猪熊町"],"6028482":[26,"京都市上京区","大黒町"],"6028373":[26,"京都市上京区","下横町"],"6028076":[26,"京都市上京区","菊屋町"],"6028475":[26,"京都市上京区","牡丹鉾町"],"6020874":[26,"京都市上京区","東土御門町"],"6028424":[26,"京都市上京区","阿弥陀寺町"],"6028143":[26,"京都市上京区","中之町"],"6028134":[26,"京都市上京区","一町目"],"6020906":[26,"京都市上京区","今図子町"],"6028365":[26,"京都市上京区","下之町"],"6028215":[26,"京都市上京区","寺今町"],"6028151":[26,"京都市上京区","西院町"],"6028247":[26,"京都市上京区","北俵町"],"6028155":[26,"京都市上京区","主税町"],"6028282":[26,"京都市上京区","西富仲町"],"6028375":[26,"京都市上京区","大上之町"],"6028152":[26,"京都市上京区","北伊勢屋町"],"6028402":[26,"京都市上京区","田畑町"],"6028038":[26,"京都市上京区","東魚屋町"],"6028338":[26,"京都市上京区","松永町"],"6028492":[26,"京都市上京区","歓喜町"],"6028353":[26,"京都市上京区","長門町"],"6028228":[26,"京都市上京区","竪神明町"],"6028029":[26,"京都市上京区","武衛陣町"],"6028359":[26,"京都市上京区","七番町"],"6028312":[26,"京都市上京区","末広町"],"6028308":[26,"京都市上京区","北玄蕃町"],"6028254":[26,"京都市上京区","藤五郎町"],"6020905":[26,"京都市上京区","一松町"],"6028395":[26,"京都市上京区","社家長屋町"],"6028483":[26,"京都市上京区","杉若町"],"6028234":[26,"京都市上京区","小寺町"],"6028422":[26,"京都市上京区","山名町"],"6028444":[26,"京都市上京区","西北小路町"],"6020004":[26,"京都市上京区","道正町"],"6020038":[26,"京都市上京区","築山北半町"],"6020864":[26,"京都市上京区","中之町"],"6020955":[26,"京都市上京区","竪富田町"],"6028021":[26,"京都市上京区","堀松町"],"6020822":[26,"京都市上京区","青龍町"],"6020917":[26,"京都市上京区","東日野殿町"],"6028161":[26,"京都市上京区","新御幸町"],"6020931":[26,"京都市上京区","堀出シ町"],"6028352":[26,"京都市上京区","稲葉町"],"6028122":[26,"京都市上京区","南蟹屋町"],"6028174":[26,"京都市上京区","分銅町"],"6028166":[26,"京都市上京区","福島町"],"6020951":[26,"京都市上京区","東今町"],"6020813":[26,"京都市上京区","上神輿町"],"6020853":[26,"京都市上京区","宮垣町"],"6028473":[26,"京都市上京区","般舟院前町"],"6028075":[26,"京都市上京区","下小川町"],"6028277":[26,"京都市上京区","信濃町"],"6020958":[26,"京都市上京区","仲之町"],"6020863":[26,"京都市上京区","上之町"],"6028257":[26,"京都市上京区","新元町"],"6020826":[26,"京都市上京区","三栄町"],"6028053":[26,"京都市上京区","茶屋町"],"6020896":[26,"京都市上京区","上御霊竪町"],"6020926":[26,"京都市上京区","元真如堂町"],"6020023":[26,"京都市上京区","御所八幡町"],"6020837":[26,"京都市上京区","下塔之段町"],"6020852":[26,"京都市上京区","北之辺町"],"6028451":[26,"京都市上京区","菱屋町"],"6020802":[26,"京都市上京区","鶴山町"],"6028418":[26,"京都市上京区","妙蓮寺前町"],"6028124":[26,"京都市上京区","森中町"],"6028242":[26,"京都市上京区","皀莢町"],"6020017":[26,"京都市上京区","上木下町"],"6028362":[26,"京都市上京区","仲之町"],"6028323":[26,"京都市上京区","大文字町"],"6028145":[26,"京都市上京区","左馬松町"],"6020095":[26,"京都市上京区","社突抜町"],"6028064":[26,"京都市上京区","一町目"],"6028387":[26,"京都市上京区","東今小路町"],"6028272":[26,"京都市上京区","亀木町"],"6028062":[26,"京都市上京区","亀屋町"],"6028474":[26,"京都市上京区","上善寺町"],"6020067":[26,"京都市上京区","竹屋町"],"6028216":[26,"京都市上京区","竪門前町"],"6020904":[26,"京都市上京区","小島町"],"6028439":[26,"京都市上京区","硯屋町"],"6020873":[26,"京都市上京区","伊勢屋町"],"6020846":[26,"京都市上京区","米屋町"],"6020098":[26,"京都市上京区","竪社北半町"]}
