{"8440012":[41,"西松浦郡有田町","桑古場"],"8440025":[41,"西松浦郡有田町","外尾山"],"8440008":[41,"西松浦郡有田町","稗古場"],"8440004":[41,"西松浦郡有田町","大樽"],"8440013":[41,"西松浦郡有田町","大野"],"8440024":[41,"西松浦郡有田町","赤坂"],"8440017":[41,"西松浦郡有田町","戸杓"],"8440005":[41,"西松浦郡有田町","幸平"],"8440015":[41,"西松浦郡有田町","古木場"],"8440007":[41,"西松浦郡有田町","白川"],"8440028":[41,"西松浦郡有田町","南山"],"8440001":[41,"西松浦郡有田町","泉山"],"8440014":[41,"西松浦郡有田町","戸矢"],"8440027":[41,"西松浦郡有田町","南原"],"8440002":[41,"西松浦郡有田町","中樽"],"8440016":[41,"西松浦郡有田町","境野"],"8440011":[41,"西松浦郡有田町","岩谷川内"],"8440021":[41,"西松浦郡有田町","応法"],"8440022":[41,"西松浦郡有田町","黒牟田"],"8440018":[41,"西松浦郡有田町","本町"],"8440023":[41,"西松浦郡有田町","丸尾"],"8440009":[41,"西松浦郡有田町","中の原"],"8440000":[41,"西松浦郡有田町",""],"8440003":[41,"西松浦郡有田町","上幸平"],"8440006":[41,"西松浦郡有田町","赤絵町"],"8440026":[41,"西松浦郡有田町","外尾町"]}
