{"9660811":[7,"喜多方市","上川向"],"9660826":[7,"喜多方市","町尻東"],"9660108":[7,"喜多方市","熱塩加納町相田"],"9660831":[7,"喜多方市","小田"],"9660803":[7,"喜多方市","落合"],"9660892":[7,"喜多方市","経壇"],"9660014":[7,"喜多方市","関柴町西勝"],"9660074":[7,"喜多方市","南町"],"9660836":[7,"喜多方市","大坪"],"9660874":[7,"喜多方市","窪屋敷"],"9660061":[7,"喜多方市","馬場"],"9660895":[7,"喜多方市","東小原"],"9660804":[7,"喜多方市","沼田"],"9660501":[7,"耶麻郡北塩原村","檜原"],"9660912":[7,"喜多方市","豊川町一井"],"9660004":[7,"喜多方市","岩月町喜多方"],"9660103":[7,"喜多方市","熱塩加納町加納"],"9660094":[7,"喜多方市","押切"],"9660848":[7,"喜多方市","一本木下"],"9660016":[7,"喜多方市","関柴町平林"],"9660904":[7,"喜多方市","大荒井"],"9660901":[7,"喜多方市","松山町鳥見山"],"9660862":[7,"喜多方市","常盤町"],"9660921":[7,"喜多方市","慶徳町松舞家"],"9660001":[7,"喜多方市","岩月町入田付"],"9660855":[7,"喜多方市","太子堂"],"9660032":[7,"喜多方市","梨子ノ木"],"9660041":[7,"喜多方市","蒔田"],"9660911":[7,"喜多方市","豊川町高堂太"],"9660865":[7,"喜多方市","寺田"],"9660072":[7,"喜多方市","北町"],"9660091":[7,"喜多方市","青葉台"],"9660914":[7,"喜多方市","豊川町米室"],"9660058":[7,"喜多方市","広面"],"9660815":[7,"喜多方市","谷地田"],"9660868":[7,"喜多方市","市道"],"9660866":[7,"喜多方市","古寺"],"9660043":[7,"喜多方市","上江"],"9660853":[7,"喜多方市","千苅"],"9660824":[7,"喜多方市","六百刈"],"9660821":[7,"喜多方市","梅竹"],"9660899":[7,"喜多方市","樋越"],"9660063":[7,"喜多方市","五ノ神"],"9660898":[7,"喜多方市","見頃道上"],"9660052":[7,"喜多方市","四百苅"],"9660851":[7,"喜多方市","北原"],"9660095":[7,"喜多方市","押切東"],"9660084":[7,"喜多方市","西井戸尻"],"9660825":[7,"喜多方市","御清水南"],"9660038":[7,"喜多方市","桜町"],"9660036":[7,"喜多方市","柳清水"],"9660857":[7,"喜多方市","町西"],"9660858":[7,"喜多方市","町北"],"9660006":[7,"喜多方市","北町上"],"9660838":[7,"喜多方市","永久"],"9660850":[7,"喜多方市","下川原"],"9660835":[7,"喜多方市","行作"],"9660012":[7,"喜多方市","関柴町下柴"],"9660813":[7,"喜多方市","小田付道下"],"9660403":[7,"耶麻郡北塩原村","関屋"],"9660827":[7,"喜多方市","沢ノ免"],"9660805":[7,"喜多方市","小田付道上"],"9660022":[7,"喜多方市","熊倉町雄国"],"9660405":[7,"耶麻郡北塩原村","下吉"],"9660024":[7,"喜多方市","熊倉町熊倉"],"9660107":[7,"喜多方市","熱塩加納町居廻"],"9660054":[7,"喜多方市","大谷地田"],"9660863":[7,"喜多方市","町尻西"],"9660923":[7,"喜多方市","慶徳町新宮"],"9660801":[7,"喜多方市","常盤台"],"9660924":[7,"喜多方市","慶徳町山科"],"9660841":[7,"喜多方市","さつきが丘"],"9660823":[7,"喜多方市","東川原田"],"9660887":[7,"喜多方市","飯田道上"],"9660822":[7,"喜多方市","柳原"],"9660847":[7,"喜多方市","町田"],"9660069":[7,"喜多方市","稲清水"],"9660882":[7,"喜多方市","中寺"],"9660843":[7,"喜多方市","東籠田"],"9660048":[7,"喜多方市","越巻"],"9660062":[7,"喜多方市","寺南"],"9660105":[7,"喜多方市","熱塩加納町宮川"],"9660817":[7,"喜多方市","３丁目"],"9660832":[7,"喜多方市","百苅田"],"9660065":[7,"喜多方市","中川原"],"9660044":[7,"喜多方市","沢ノ目"],"9660013":[7,"喜多方市","関柴町豊芦"],"9660854":[7,"喜多方市","千苅道上"],"9660872":[7,"喜多方市","慶徳道上"],"9660015":[7,"喜多方市","関柴町上高額"],"9660902":[7,"喜多方市","松山町村松"],"9660005":[7,"喜多方市","岩月町大都"],"9660039":[7,"喜多方市","加登"],"9660875":[7,"喜多方市","鶴巻"],"9660814":[7,"喜多方市","御清水"],"9660837":[7,"喜多方市","前田上"],"9660031":[7,"喜多方市","舞台田"],"9660845":[7,"喜多方市","長内"],"9660051":[7,"喜多方市","東町"],"9660861":[7,"喜多方市","寺町"],"9660867":[7,"喜多方市","扇田"],"9660913":[7,"喜多方市","豊川町沢部"],"9660864":[7,"喜多方市","七百苅"],"9660922":[7,"喜多方市","慶徳町豊岡"],"9660023":[7,"喜多方市","熊倉町新合"],"9660819":[7,"喜多方市","１丁目"],"9660086":[7,"喜多方市","西四ツ谷"],"9660894":[7,"喜多方市","御茶屋"],"9660087":[7,"喜多方市","稲荷宮"],"9660096":[7,"喜多方市","押切南"],"9660055":[7,"喜多方市","台"],"9660401":[7,"耶麻郡北塩原村","檜原"],"9660033":[7,"喜多方市","瀬戸"],"9660097":[7,"喜多方市","通船場"],"9660852":[7,"喜多方市","天満前"],"9660104":[7,"喜多方市","熱塩加納町米岡"],"9660071":[7,"喜多方市","山ノ神"],"9660915":[7,"喜多方市","大谷地"],"9660932":[7,"喜多方市","上三宮町吉川"],"9660400":[7,"耶麻郡北塩原村",""],"9660102":[7,"喜多方市","熱塩加納町山田"],"9660068":[7,"喜多方市","寺西"],"9660893":[7,"喜多方市","花園"],"9660083":[7,"喜多方市","六枚長"],"9660093":[7,"喜多方市","清水が丘"],"9660856":[7,"喜多方市","長源段"],"9660869":[7,"喜多方市","慶徳道下"],"9660082":[7,"喜多方市","南條"],"9660045":[7,"喜多方市","南原"],"9660903":[7,"喜多方市","松山町大飯坂"],"9660834":[7,"喜多方市","谷地田上"],"9660818":[7,"喜多方市","２丁目"],"9660000":[7,"喜多方市",""],"9660066":[7,"喜多方市","宮西"],"9660067":[7,"喜多方市","村西"],"9660844":[7,"喜多方市","西籠田"],"9660056":[7,"喜多方市","屋敷免"],"9660046":[7,"喜多方市","原田"],"9660007":[7,"喜多方市","東桜ガ丘"],"9660849":[7,"喜多方市","一本木上"],"9660057":[7,"喜多方市","井戸尻"],"9660034":[7,"喜多方市","二本木"],"9660011":[7,"喜多方市","関柴町関柴"],"9660106":[7,"喜多方市","熱塩加納町林際"],"9660402":[7,"耶麻郡北塩原村","大塩"],"9660871":[7,"喜多方市","寺町南"],"9660085":[7,"喜多方市","江中子"],"9660021":[7,"喜多方市","熊倉町都"],"9660806":[7,"喜多方市","水上"],"9660081":[7,"喜多方市","西町"],"9660101":[7,"喜多方市","熱塩加納町熱塩"],"9660092":[7,"喜多方市","清水台"],"9660037":[7,"喜多方市","大豆田"],"9660842":[7,"喜多方市","川下"],"9660933":[7,"喜多方市","上三宮町三谷"],"9660053":[7,"喜多方市","石田"],"9660931":[7,"喜多方市","上三宮町上三宮"],"9660859":[7,"喜多方市","番帳免"],"9660003":[7,"喜多方市","岩月町橿野"],"9660802":[7,"喜多方市","桜ガ丘"],"9660002":[7,"喜多方市","岩月町宮津"],"9660812":[7,"喜多方市","緑町"],"9660404":[7,"耶麻郡北塩原村","北山"],"9660064":[7,"喜多方市","惣座宮"],"9660042":[7,"喜多方市","下江"],"9660839":[7,"喜多方市","大道田"],"9660049":[7,"喜多方市","長面"],"9660891":[7,"喜多方市","蝦蟆渕"],"9660833":[7,"喜多方市","中島"],"9660816":[7,"喜多方市","細田"],"9660896":[7,"喜多方市","諏訪"],"9660017":[7,"喜多方市","関柴町三津井"],"9660047":[7,"喜多方市","銭田"],"9660035":[7,"喜多方市","中台"],"9660873":[7,"喜多方市","舘野"],"9660073":[7,"喜多方市","中町"],"9660846":[7,"喜多方市","町田下"],"9660881":[7,"喜多方市","中清水"],"9660884":[7,"喜多方市","壇ノ前"],"9660877":[7,"喜多方市","坂井道上"]}
