{"6930067":[32,"出雲市","矢尾町"],"6930056":[32,"出雲市","江田町"],"6930057":[32,"出雲市","常松町"],"6930011":[32,"出雲市","大津町"],"6930058":[32,"出雲市","矢野町"],"6930055":[32,"出雲市","八島町"],"6930041":[32,"出雲市","西園町"],"6930062":[32,"出雲市","中野町"],"6930082":[32,"出雲市","中野美保南"],"6930043":[32,"出雲市","長浜町"],"6930504":[32,"出雲市","佐田町大呂"],"6930037":[32,"出雲市","西新町"],"6930046":[32,"出雲市","下横町"],"6930106":[32,"出雲市","船津町"],"6930214":[32,"出雲市","所原町"],"6930002":[32,"出雲市","今市町北本町"],"6930506":[32,"出雲市","佐田町反辺"],"6930068":[32,"出雲市","姫原"],"6930071":[32,"出雲市","稲岡町"],"6930526":[32,"出雲市","佐田町上橋波"],"6930031":[32,"出雲市","古志町"],"6930004":[32,"出雲市","渡橋町"],"6930073":[32,"出雲市","西林木町"],"6930101":[32,"出雲市","上島町"],"6930523":[32,"出雲市","佐田町佐津目"],"6930024":[32,"出雲市","塩冶神前"],"6930017":[32,"出雲市","枝大津町"],"6930008":[32,"出雲市","駅南町"],"6930013":[32,"出雲市","荻杼町"],"6930216":[32,"出雲市","乙立町"],"6930015":[32,"出雲市","大津朝倉"],"6930044":[32,"出雲市","荒茅町"],"6930215":[32,"出雲市","見々久町"],"6930525":[32,"出雲市","佐田町下橋波"],"6930074":[32,"出雲市","東林木町"],"6930524":[32,"出雲市","佐田町高津屋"],"6930023":[32,"出雲市","塩冶有原町"],"6930022":[32,"出雲市","上塩冶町"],"6930021":[32,"出雲市","塩冶町"],"6930032":[32,"出雲市","下古志町"],"6930007":[32,"出雲市","駅北町"],"6930211":[32,"出雲市","馬木北町"],"6930027":[32,"出雲市","医大南町"],"6930012":[32,"出雲市","大津新崎町"],"6930045":[32,"出雲市","東園町"],"6930051":[32,"出雲市","小山町"],"6930066":[32,"出雲市","高岡町"],"6930081":[32,"出雲市","中野美保北"],"6930029":[32,"出雲市","築山新町"],"6930001":[32,"出雲市","今市町"],"6930026":[32,"出雲市","塩冶原町"],"6930503":[32,"出雲市","佐田町須佐"],"6930512":[32,"出雲市","佐田町東村"],"6930104":[32,"出雲市","稗原町"],"6930064":[32,"出雲市","里方町"],"6930212":[32,"出雲市","馬木町"],"6930000":[32,"出雲市",""],"6930502":[32,"出雲市","佐田町原田"],"6930034":[32,"出雲市","神門町"],"6930501":[32,"出雲市","佐田町朝原"],"6930005":[32,"出雲市","天神町"],"6930025":[32,"出雲市","塩冶町南町"],"6930522":[32,"出雲市","佐田町一窪田"],"6930052":[32,"出雲市","松寄下町"],"6930014":[32,"出雲市","武志町"],"6930063":[32,"出雲市","大塚町"],"6930003":[32,"出雲市","今市町南本町"],"6930213":[32,"出雲市","朝山町"],"6930511":[32,"出雲市","佐田町八幡原"],"6930072":[32,"出雲市","日下町"],"6930042":[32,"出雲市","外園町"],"6930061":[32,"出雲市","姫原町"],"6930036":[32,"出雲市","平成町"],"6930033":[32,"出雲市","知井宮町"],"6930521":[32,"出雲市","佐田町毛津"],"6930028":[32,"出雲市","塩冶善行町"],"6930505":[32,"出雲市","佐田町吉野"],"6930035":[32,"出雲市","芦渡町"],"6930065":[32,"出雲市","平野町"],"6930006":[32,"出雲市","白枝町"],"6930102":[32,"出雲市","西谷町"],"6930054":[32,"出雲市","浜町"],"6930053":[32,"出雲市","高松町"],"6930105":[32,"出雲市","宇那手町"],"6930103":[32,"出雲市","野尻町"]}
