{"9470023":[15,"小千谷市","日吉"],"9470002":[15,"小千谷市","横渡"],"9470044":[15,"小千谷市","坪野"],"9470052":[15,"小千谷市","千谷"],"9470003":[15,"小千谷市","ひ生"],"9470022":[15,"小千谷市","元町"],"9470202":[15,"長岡市","山古志南平"],"9470034":[15,"小千谷市","両新田"],"9470005":[15,"小千谷市","旭町"],"9470025":[15,"小千谷市","稲荷町"],"9470027":[15,"小千谷市","平成"],"9470000":[15,"小千谷市",""],"9470031":[15,"小千谷市","土川"],"9470026":[15,"小千谷市","上ノ山"],"9470043":[15,"小千谷市","山谷"],"9470014":[15,"小千谷市","西中"],"9470211":[15,"小千谷市","小栗山"],"9470102":[15,"小千谷市","高梨町"],"9470103":[15,"小千谷市","片貝山屋町"],"9470205":[15,"長岡市","山古志虫亀"],"9470011":[15,"小千谷市","栄町"],"9470041":[15,"小千谷市","小粟田"],"9470018":[15,"小千谷市","西吉谷"],"9470035":[15,"小千谷市","桜町"],"9470051":[15,"小千谷市","三仏生"],"9470053":[15,"小千谷市","千谷川"],"9470032":[15,"小千谷市","薮川"],"9470001":[15,"小千谷市","浦柄"],"9470024":[15,"小千谷市","船岡"],"9470033":[15,"小千谷市","時水"],"9470021":[15,"小千谷市","本町"],"9470204":[15,"長岡市","山古志竹沢"],"9470017":[15,"小千谷市","東吉谷"],"9470201":[15,"長岡市","山古志種苧原"],"9470213":[15,"小千谷市","塩谷"],"9470028":[15,"小千谷市","城内"],"9470045":[15,"小千谷市","鴻巣町"],"9470015":[15,"小千谷市","谷内"],"9470012":[15,"小千谷市","山本"],"9470042":[15,"小千谷市","平沢"],"9470013":[15,"小千谷市","上片貝"],"9470212":[15,"小千谷市","南荷頃"],"9470054":[15,"小千谷市","若葉"],"9470004":[15,"小千谷市","東栄"],"9470203":[15,"長岡市","山古志東竹沢"],"9470016":[15,"小千谷市","四ツ子"],"9470101":[15,"小千谷市","片貝町"]}
