{"5830874":[27,"羽曳野市","郡戸"],"5830005":[27,"藤井寺市","惣社"],"5830885":[27,"羽曳野市","南恵我之荘"],"5830022":[27,"藤井寺市","東藤井寺町"],"5830003":[27,"藤井寺市","船橋町"],"5830871":[27,"羽曳野市","野々上"],"5830018":[27,"藤井寺市","西古室"],"5830876":[27,"羽曳野市","伊賀"],"5830847":[27,"羽曳野市","大黒"],"5830992":[27,"南河内郡太子町","山田"],"5830861":[27,"羽曳野市","西浦"],"5830866":[27,"羽曳野市","埴生野"],"5830032":[27,"藤井寺市","小山藤美町"],"5830886":[27,"羽曳野市","恵我之荘"],"5830852":[27,"羽曳野市","古市"],"5830846":[27,"羽曳野市","東阪田"],"5830008":[27,"藤井寺市","大井"],"5830033":[27,"藤井寺市","小山"],"5830996":[27,"南河内郡太子町","聖和台"],"5830848":[27,"羽曳野市","川向"],"5830026":[27,"藤井寺市","春日丘"],"5830884":[27,"羽曳野市","野"],"5830017":[27,"藤井寺市","藤ケ丘"],"5830872":[27,"羽曳野市","はびきの"],"5830883":[27,"羽曳野市","向野"],"5830842":[27,"羽曳野市","飛鳥"],"5830036":[27,"藤井寺市","恵美坂"],"5830865":[27,"羽曳野市","羽曳が丘西"],"5830031":[27,"藤井寺市","小山新町"],"5830995":[27,"南河内郡太子町","太子"],"5830000":[27,"羽曳野市",""],"5830025":[27,"藤井寺市","春日丘新町"],"5830034":[27,"藤井寺市","小山藤の里町"],"5830843":[27,"羽曳野市","通法寺"],"5830016":[27,"藤井寺市","陵南町"],"5830845":[27,"羽曳野市","広瀬"],"5830014":[27,"藤井寺市","野中"],"5830844":[27,"羽曳野市","壺井"],"5830875":[27,"羽曳野市","樫山"],"5830013":[27,"藤井寺市","古室"],"5830991":[27,"南河内郡太子町","春日"],"5830862":[27,"羽曳野市","尺度"],"5830858":[27,"羽曳野市","南古市"],"5830004":[27,"藤井寺市","梅が園町"],"5830863":[27,"羽曳野市","蔵之内"],"5830867":[27,"羽曳野市","河原城"],"5830851":[27,"羽曳野市","碓井"],"5830873":[27,"羽曳野市","桃山台"],"5830857":[27,"羽曳野市","誉田"],"5830882":[27,"羽曳野市","高鷲"],"5830001":[27,"藤井寺市","川北"],"5830011":[27,"藤井寺市","沢田"],"5830002":[27,"藤井寺市","北條町"],"5830012":[27,"藤井寺市","道明寺"],"5830015":[27,"藤井寺市","青山"],"5830881":[27,"羽曳野市","島泉"],"5830864":[27,"羽曳野市","羽曳が丘"],"5830006":[27,"藤井寺市","国府"],"5830037":[27,"藤井寺市","津堂"],"5830855":[27,"羽曳野市","翠鳥園"],"5830854":[27,"羽曳野市","軽里"],"5830993":[27,"南河内郡太子町","畑"],"5830009":[27,"藤井寺市","西大井"],"5830853":[27,"羽曳野市","栄町"],"5830007":[27,"藤井寺市","林"],"5830023":[27,"藤井寺市","さくら町"],"5830024":[27,"藤井寺市","藤井寺"],"5830856":[27,"羽曳野市","白鳥"],"5830994":[27,"南河内郡太子町","葉室"],"5830021":[27,"藤井寺市","御舟町"],"5830027":[27,"藤井寺市","岡"],"5830868":[27,"羽曳野市","学園前"],"5830841":[27,"羽曳野市","駒ケ谷"],"5830035":[27,"藤井寺市","北岡"]}
