{"7460002":[35,"周南市","西千代田町"],"7460083":[35,"周南市","小畑"],"7460026":[35,"周南市","浜田"],"7460064":[35,"周南市","若山"],"7460031":[35,"周南市","坂根町"],"7460017":[35,"周南市","宮の前"],"7460016":[35,"周南市","中央町"],"7460003":[35,"周南市","道源町"],"7460102":[35,"周南市","夏切"],"7460044":[35,"周南市","西桝町"],"7460065":[35,"周南市","上迫町"],"7460042":[35,"周南市","福川南町"],"7460015":[35,"周南市","清水"],"7460018":[35,"周南市","大神"],"7460062":[35,"周南市","福川中市町"],"7460081":[35,"周南市","四熊"],"7460024":[35,"周南市","古泉"],"7460104":[35,"周南市","米光"],"7460006":[35,"周南市","開成町"],"7460034":[35,"周南市","富田"],"7460021":[35,"周南市","花園町"],"7460037":[35,"周南市","丸山町"],"7460001":[35,"周南市","川崎"],"7460008":[35,"周南市","椎木町"],"7460005":[35,"周南市","渚町"],"7460101":[35,"周南市","高瀬"],"7460082":[35,"周南市","下上"],"7460035":[35,"周南市","日地町"],"7460029":[35,"周南市","平野"],"7460055":[35,"周南市","かせ河原町"],"7460041":[35,"周南市","社地町"],"7460033":[35,"周南市","新堤町"],"7460063":[35,"周南市","本陣町"],"7460054":[35,"周南市","長田町"],"7460025":[35,"周南市","古市"],"7460009":[35,"周南市","川手"],"7460051":[35,"周南市","御姫町"],"7460105":[35,"周南市","馬神"],"7460011":[35,"周南市","土井"],"7460023":[35,"周南市","野村南町"],"7460056":[35,"周南市","羽島"],"7460103":[35,"周南市","垰"],"7460045":[35,"周南市","新地町"],"7460032":[35,"周南市","河内町"],"7460053":[35,"周南市","室尾"],"7460052":[35,"周南市","中畷町"],"7460027":[35,"周南市","小川屋町"],"7460036":[35,"周南市","温田"],"7460061":[35,"周南市","皿山町"],"7460013":[35,"周南市","桶川町"],"7460084":[35,"周南市","夜市"],"7460043":[35,"周南市","新田"],"7460004":[35,"周南市","三笹町"],"7460022":[35,"周南市","野村"],"7460012":[35,"周南市","政所"],"7460007":[35,"周南市","竹島町"],"7460038":[35,"周南市","福川"],"7460028":[35,"周南市","港町"],"7460019":[35,"周南市","臨海町"],"7460014":[35,"周南市","古川町"]}
