{"5340027":[27,"大阪市都島区","中野町"],"5340013":[27,"大阪市都島区","内代町"],"5340014":[27,"大阪市都島区","都島北通"],"5340026":[27,"大阪市都島区","網島町"],"5340012":[27,"大阪市都島区","御幸町"],"5340011":[27,"大阪市都島区","高倉町"],"5340021":[27,"大阪市都島区","都島本通"],"5340000":[27,"大阪市都島区",""],"5340015":[27,"大阪市都島区","善源寺町"],"5340001":[27,"大阪市都島区","毛馬町"],"5340025":[27,"大阪市都島区","片町"],"5340022":[27,"大阪市都島区","都島中通"],"5340023":[27,"大阪市都島区","都島南通"],"5340002":[27,"大阪市都島区","大東町"],"5340024":[27,"大阪市都島区","東野田町"],"5340016":[27,"大阪市都島区","友渕町"]}
