{"9840047":[4,"仙台市若林区","木ノ下"],"9840811":[4,"仙台市若林区","保春院前丁"],"9840062":[4,"仙台市若林区","弓ノ町"],"9840052":[4,"仙台市若林区","連坊"],"9840048":[4,"仙台市若林区","白萩町"],"9840834":[4,"仙台市若林区","六郷"],"9840826":[4,"仙台市若林区","若林"],"9840838":[4,"仙台市若林区","上飯田"],"9840056":[4,"仙台市若林区","成田町"],"9840837":[4,"仙台市若林区","日辺"],"9840845":[4,"仙台市若林区","二木"],"9840058":[4,"仙台市若林区","元茶畑"],"9840828":[4,"仙台市若林区","一本杉町"],"9840003":[4,"仙台市若林区","六丁の目北町"],"9840804":[4,"仙台市若林区","南石切町"],"9840822":[4,"仙台市若林区","かすみ町"],"9840841":[4,"仙台市若林区","三本塚"],"9840823":[4,"仙台市若林区","遠見塚"],"9840812":[4,"仙台市若林区","五十人町"],"9840031":[4,"仙台市若林区","六丁目"],"9840064":[4,"仙台市若林区","石垣町"],"9840072":[4,"仙台市若林区","東八番丁"],"9840022":[4,"仙台市若林区","五橋"],"9840055":[4,"仙台市若林区","表柴田町"],"9840833":[4,"仙台市若林区","飯田"],"9840041":[4,"仙台市若林区","志波町"],"9840045":[4,"仙台市若林区","西新丁"],"9840061":[4,"仙台市若林区","南鍛冶町"],"9840057":[4,"仙台市若林区","三百人町"],"9840042":[4,"仙台市若林区","大和町"],"9840816":[4,"仙台市若林区","河原町"],"9840842":[4,"仙台市若林区","井土"],"9840801":[4,"仙台市若林区","畳屋丁"],"9840001":[4,"仙台市若林区","鶴代町"],"9840825":[4,"仙台市若林区","古城"],"9840036":[4,"仙台市若林区","長喜城"],"9840013":[4,"仙台市若林区","六丁の目南町"],"9840038":[4,"仙台市若林区","伊在"],"9840805":[4,"仙台市若林区","南材木町"],"9840813":[4,"仙台市若林区","六十人町"],"9840065":[4,"仙台市若林区","土樋"],"9840827":[4,"仙台市若林区","南小泉"],"9840002":[4,"仙台市若林区","卸町東"],"9840033":[4,"仙台市若林区","荒浜"],"9840817":[4,"仙台市若林区","堰場"],"9840836":[4,"仙台市若林区","四郎丸"],"9840011":[4,"仙台市若林区","六丁の目西町"],"9840835":[4,"仙台市若林区","今泉"],"9840037":[4,"仙台市若林区","蒲町"],"9840832":[4,"仙台市若林区","下飯田"],"9840814":[4,"仙台市若林区","南染師町"],"9840806":[4,"仙台市若林区","舟丁"],"9840071":[4,"仙台市若林区","東九番丁"],"9840046":[4,"仙台市若林区","二軒茶屋"],"9840043":[4,"仙台市若林区","東新丁"],"9840051":[4,"仙台市若林区","新寺"],"9840074":[4,"仙台市若林区","東七番丁"],"9840075":[4,"仙台市若林区","清水小路"],"9840012":[4,"仙台市若林区","六丁の目中町"],"9840015":[4,"仙台市若林区","卸町"],"9840063":[4,"仙台市若林区","石名坂"],"9840053":[4,"仙台市若林区","連坊小路"],"9840034":[4,"仙台市若林区","荒浜新"],"9840802":[4,"仙台市若林区","八軒小路"],"9840073":[4,"仙台市若林区","荒町"],"9840035":[4,"仙台市若林区","霞目"],"9840815":[4,"仙台市若林区","文化町"],"9840032":[4,"仙台市若林区","荒井"],"9840014":[4,"仙台市若林区","六丁の目元町"],"9840000":[4,"仙台市若林区",""],"9840831":[4,"仙台市若林区","沖野"],"9840807":[4,"仙台市若林区","穀町"],"9840844":[4,"仙台市若林区","種次"],"9840054":[4,"仙台市若林区","裏柴田町"],"9840004":[4,"仙台市若林区","六丁の目東町"],"9840843":[4,"仙台市若林区","藤塚"],"9840821":[4,"仙台市若林区","中倉"],"9840803":[4,"仙台市若林区","新弓ノ町"],"9840824":[4,"仙台市若林区","遠見塚東"],"9840044":[4,"仙台市若林区","椌木通"]}
