{"8770067":[44,"日田市","高井町"],"8770063":[44,"日田市","串川町"],"8770006":[44,"日田市","港町"],"8770007":[44,"日田市","丸の内町"],"8771225":[44,"日田市","藤山町"],"8770302":[44,"日田市","中津江村合瀬"],"8771104":[44,"日田市","大鶴本町"],"8771105":[44,"日田市","大肥町"],"8770005":[44,"日田市","豆田町"],"8771371":[44,"日田市","諸留町"],"8770004":[44,"日田市","城町"],"8770052":[44,"日田市","銭渕町"],"8771113":[44,"日田市","夜明関町"],"8770071":[44,"日田市","玉川町"],"8771243":[44,"日田市","鈴連町"],"8770022":[44,"日田市","神来町"],"8770064":[44,"日田市","小山町"],"8771112":[44,"日田市","夜明中町"],"8770032":[44,"日田市","小ケ瀬町"],"8770017":[44,"日田市","三本松新町"],"8770014":[44,"日田市","本町"],"8771352":[44,"日田市","石松町"],"8770065":[44,"日田市","緑町"],"8771111":[44,"日田市","夜明上町"],"8770066":[44,"日田市","川下"],"8770058":[44,"日田市","南部町"],"8771374":[44,"日田市","松野町"],"8770111":[44,"日田市","天瀬町五馬市"],"8770075":[44,"日田市","中釣町"],"8770044":[44,"日田市","隈"],"8771372":[44,"日田市","上諸留町"],"8770202":[44,"日田市","大山町東大山"],"8770042":[44,"日田市","東町"],"8770057":[44,"日田市","八幡町"],"8770301":[44,"日田市","中津江村栃野"],"8770041":[44,"日田市","竹田新町"],"8770055":[44,"日田市","大宮町"],"8771361":[44,"日田市","有田町"],"8770077":[44,"日田市","南友田町"],"8770036":[44,"日田市","三芳小渕町"],"8770061":[44,"日田市","石井"],"8770002":[44,"日田市","城内新町"],"8770086":[44,"日田市","二串町"],"8770039":[44,"日田市","刃連町"],"8770076":[44,"日田市","亀川町"],"8770023":[44,"日田市","田島"],"8770088":[44,"日田市","小迫町"],"8770113":[44,"日田市","天瀬町塚田"],"8770031":[44,"日田市","古金町"],"8771101":[44,"日田市","鶴城町"],"8770072":[44,"日田市","新治町"],"8770201":[44,"日田市","大山町西大山"],"8770311":[44,"日田市","上津江町川原"],"8771103":[44,"日田市","鶴河内町"],"8771242":[44,"日田市","殿町"],"8770046":[44,"日田市","本庄町"],"8771365":[44,"日田市","水目町"],"8771106":[44,"日田市","大肥本町"],"8770011":[44,"日田市","中城町"],"8770038":[44,"日田市","下井手町"],"8770015":[44,"日田市","中央"],"8770051":[44,"日田市","京町"],"8771373":[44,"日田市","月出町"],"8771221":[44,"日田市","伏木町"],"8770026":[44,"日田市","田島本町"],"8770083":[44,"日田市","吹上町"],"8770035":[44,"日田市","日高町"],"8771102":[44,"日田市","上宮町"],"8770089":[44,"日田市","山田町"],"8770212":[44,"日田市","前津江町大野"],"8771232":[44,"日田市","清水町"],"8771381":[44,"日田市","東羽田町"],"8770034":[44,"日田市","桃山町"],"8770312":[44,"日田市","上津江町上野田"],"8771383":[44,"日田市","岩美町"],"8770087":[44,"日田市","君迫町"],"8770003":[44,"日田市","上城内町"],"8770045":[44,"日田市","亀山町"],"8770114":[44,"日田市","天瀬町出口"],"8771384":[44,"日田市","羽田町"],"8770013":[44,"日田市","元町"],"8770033":[44,"日田市","大部町"],"8770001":[44,"日田市","秋山町"],"8770043":[44,"日田市","川原町"],"8770056":[44,"日田市","誠和町"],"8771382":[44,"日田市","日の本町"],"8770085":[44,"日田市","朝日町"],"8771234":[44,"日田市","天神町"],"8770074":[44,"日田市","中ノ島町"],"8771241":[44,"日田市","源栄町"],"8770211":[44,"日田市","前津江町赤石"],"8770059":[44,"日田市","大日町"],"8770053":[44,"日田市","高瀬本町"],"8771121":[44,"日田市","源栄町"],"8770054":[44,"日田市","琴平町"],"8770047":[44,"日田市","中本町"],"8771107":[44,"日田市","大鶴町"],"8771353":[44,"日田市","上手町"],"8770000":[44,"日田市",""],"8770068":[44,"日田市","内河町"],"8770037":[44,"日田市","若宮町"],"8770012":[44,"日田市","淡窓"],"8770024":[44,"日田市","南元町"],"8771354":[44,"日田市","坂井町"],"8770221":[44,"日田市","前津江町柚木"],"8771351":[44,"日田市","三ノ宮町"],"8771362":[44,"日田市","尾当町"],"8770062":[44,"日田市","上野町"],"8771223":[44,"日田市","市ノ瀬町"],"8771363":[44,"日田市","中尾町"],"8770025":[44,"日田市","田島"],"8771375":[44,"日田市","池辺町"],"8771222":[44,"日田市","小河内町"],"8770016":[44,"日田市","三本松"],"8770112":[44,"日田市","天瀬町本城"],"8771364":[44,"日田市","三池町"],"8770078":[44,"日田市","北友田"],"8770008":[44,"日田市","丸山"],"8771244":[44,"日田市","三河町"],"8770021":[44,"日田市","求町"],"8770084":[44,"日田市","朝日ケ丘"],"8771233":[44,"日田市","三和団地"],"8771224":[44,"日田市","秋原町"],"8770082":[44,"日田市","日ノ出町"],"8771231":[44,"日田市","財津町"],"8770073":[44,"日田市","日ノ隈町"],"8770081":[44,"日田市","清岸寺町"]}
