{"4380022":[22,"磐田市","西島"],"4380127":[22,"磐田市","三家"],"4380811":[22,"磐田市","一言"],"4380008":[22,"磐田市","平松掛下入作"],"4380102":[22,"磐田市","虫生"],"4380816":[22,"磐田市","宮之一色"],"4380082":[22,"磐田市","元天神町"],"4380122":[22,"磐田市","惣兵衛下新田"],"4380077":[22,"磐田市","国府台"],"4380833":[22,"磐田市","弥藤太島"],"4380047":[22,"磐田市","豊島"],"4380112":[22,"磐田市","下野部"],"4380005":[22,"磐田市","匂坂上"],"4380821":[22,"磐田市","立野"],"4380831":[22,"磐田市","上新屋"],"4380031":[22,"磐田市","稗原"],"4380107":[22,"磐田市","大当所"],"4380026":[22,"磐田市","西貝塚"],"4380019":[22,"磐田市","明ケ島原"],"4380234":[22,"磐田市","掛塚"],"4380001":[22,"磐田市","藤上原"],"4380802":[22,"磐田市","東原"],"4380808":[22,"磐田市","豊田"],"4380813":[22,"磐田市","笹原島"],"4380084":[22,"磐田市","城之崎"],"4380836":[22,"磐田市","長森"],"4380051":[22,"磐田市","上大之郷"],"4380838":[22,"磐田市","小立野"],"4380216":[22,"磐田市","飛平松"],"4380066":[22,"磐田市","白拍子"],"4380824":[22,"磐田市","赤池"],"4380806":[22,"磐田市","東名"],"4380205":[22,"磐田市","堀之内"],"4380000":[22,"磐田市",""],"4380106":[22,"磐田市","敷地"],"4380206":[22,"磐田市","松本"],"4380014":[22,"磐田市","向笠西"],"4380056":[22,"磐田市","小島"],"4380834":[22,"磐田市","森下"],"4380822":[22,"磐田市","上本郷"],"4380804":[22,"磐田市","加茂"],"4380071":[22,"磐田市","今之浦"],"4380028":[22,"磐田市","東山"],"4380823":[22,"磐田市","下本郷"],"4380035":[22,"磐田市","東新屋"],"4380043":[22,"磐田市","大原"],"4380103":[22,"磐田市","大平"],"4380004":[22,"磐田市","匂坂中"],"4380231":[22,"磐田市","豊岡"],"4380211":[22,"磐田市","東平松"],"4380063":[22,"磐田市","真光寺"],"4380116":[22,"磐田市","壱貫地"],"4380012":[22,"磐田市","向笠新屋"],"4380113":[22,"磐田市","新開"],"4380212":[22,"磐田市","海老島"],"4380123":[22,"磐田市","平松"],"4380067":[22,"磐田市","草崎"],"4380015":[22,"磐田市","篠原"],"4380221":[22,"磐田市","南平松"],"4380054":[22,"磐田市","浜部"],"4380807":[22,"磐田市","富里"],"4380814":[22,"磐田市","気子島"],"4380023":[22,"磐田市","彦島"],"4380038":[22,"磐田市","鎌田"],"4380818":[22,"磐田市","下万能"],"4380213":[22,"磐田市","竜洋稗原"],"4380222":[22,"磐田市","須恵新田"],"4380233":[22,"磐田市","駒場"],"4380036":[22,"磐田市","大立野"],"4380125":[22,"磐田市","松之木島"],"4380203":[22,"磐田市","平間"],"4380085":[22,"磐田市","水堀"],"4380812":[22,"磐田市","海老塚"],"4380069":[22,"磐田市","長須賀"],"4380236":[22,"磐田市","十郎島"],"4380033":[22,"磐田市","新出"],"4380114":[22,"磐田市","合代島"],"4380057":[22,"磐田市","千手堂"],"4380018":[22,"磐田市","三ケ野台"],"4380121":[22,"磐田市","神増"],"4380073":[22,"磐田市","二之宮東"],"4380065":[22,"磐田市","野箱"],"4380021":[22,"磐田市","玉越"],"4380039":[22,"磐田市","東新町"],"4380204":[22,"磐田市","岡"],"4380078":[22,"磐田市","旭ケ丘"],"4380025":[22,"磐田市","新貝"],"4380108":[22,"磐田市","社山"],"4380002":[22,"磐田市","大久保"],"4380803":[22,"磐田市","富丘"],"4380215":[22,"磐田市","小中瀬"],"4380805":[22,"磐田市","池田"],"4380111":[22,"磐田市","上野部"],"4380224":[22,"磐田市","浜新田"],"4380013":[22,"磐田市","向笠竹之内"],"4380235":[22,"磐田市","白羽"],"4380218":[22,"磐田市","中平松"],"4380207":[22,"磐田市","宮本"],"4380105":[22,"磐田市","家田"],"4380835":[22,"磐田市","豊田西之島"],"4380011":[22,"磐田市","笠梅"],"4380801":[22,"磐田市","高見丘"],"4380832":[22,"磐田市","森岡"],"4380825":[22,"磐田市","森本"],"4380061":[22,"磐田市","刑部島"],"4380007":[22,"磐田市","寺谷新田"],"4380041":[22,"磐田市","西之島"],"4380044":[22,"磐田市","大泉町"],"4380075":[22,"磐田市","天龍"],"4380052":[22,"磐田市","下大之郷"],"4380046":[22,"磐田市","下岡田"],"4380101":[22,"磐田市","万瀬"],"4380115":[22,"磐田市","上神増"],"4380837":[22,"磐田市","源平新田"],"4380072":[22,"磐田市","鳥之瀬"],"4380104":[22,"磐田市","岩室"],"4380034":[22,"磐田市","和口"],"4380217":[22,"磐田市","西平松"],"4380126":[22,"磐田市","下神増"],"4380232":[22,"磐田市","川袋"],"4380223":[22,"磐田市","請負新田"],"4380124":[22,"磐田市","掛下"],"4380003":[22,"磐田市","匂坂新"],"4380068":[22,"磐田市","前野"],"4380027":[22,"磐田市","三ケ野"],"4380817":[22,"磐田市","上万能"],"4380088":[22,"磐田市","富士見台"],"4380053":[22,"磐田市","中野"],"4380045":[22,"磐田市","上岡田"],"4380062":[22,"磐田市","新島"],"4380086":[22,"磐田市","一番町"],"4380201":[22,"磐田市","竜洋中島"],"4380815":[22,"磐田市","中田"],"4380006":[22,"磐田市","寺谷"],"4380037":[22,"磐田市","東貝塚"],"4380042":[22,"磐田市","上南田"],"4380064":[22,"磐田市","北島"],"4380081":[22,"磐田市","緑ケ丘"],"4380032":[22,"磐田市","東脇"],"4380017":[22,"磐田市","安久路"],"4380024":[22,"磐田市","明ケ島"],"4380083":[22,"磐田市","富士見町"],"4380058":[22,"磐田市","万正寺"],"4380214":[22,"磐田市","大中瀬"],"4380074":[22,"磐田市","二之宮"],"4380202":[22,"磐田市","高木"],"4380055":[22,"磐田市","鮫島"],"4380016":[22,"磐田市","岩井"]}
