{"7520954":[35,"下関市","長府古城町"],"7520985":[35,"下関市","長府外浦町"],"7520958":[35,"下関市","長府金屋浜町"],"7520966":[35,"下関市","長府亀の甲"],"7520927":[35,"下関市","長府扇町"],"7520956":[35,"下関市","長府前八幡町"],"7520924":[35,"下関市","王司南町"],"7520961":[35,"下関市","長府珠の浦町"],"7520925":[35,"下関市","亀浜町"],"7520907":[35,"下関市","神田"],"7520962":[35,"下関市","長府安養寺"],"7520994":[35,"下関市","長府高場町"],"7520991":[35,"下関市","高畑"],"7520957":[35,"下関市","長府印内町"],"7520965":[35,"下関市","長府三島町"],"7520926":[35,"下関市","ゆめタウン"],"7520992":[35,"下関市","長府野久留米町"],"7520943":[35,"下関市","長府豊城町"],"7520955":[35,"下関市","長府八幡町"],"7520986":[35,"下関市","長府黒門東町"],"7520947":[35,"下関市","長府満珠町"],"7520903":[35,"下関市","員光町"],"7520975":[35,"下関市","長府中浜町"],"7520987":[35,"下関市","長府羽衣町"],"7520979":[35,"下関市","長府川端"],"7520944":[35,"下関市","長府中六波町"],"7520906":[35,"下関市","東観音町"],"7520945":[35,"下関市","長府豊浦町"],"7520971":[35,"下関市","長府逢坂町"],"7520913":[35,"下関市","乃木浜"],"7520978":[35,"下関市","長府侍町"],"7520914":[35,"下関市","千鳥浜町"],"7520921":[35,"下関市","才川"],"7520941":[35,"下関市","長府新四王司町"],"7520901":[35,"下関市","山田"],"7520968":[35,"下関市","長府紺屋町"],"7520948":[35,"下関市","長府満珠新町"],"7520963":[35,"下関市","長府中土居北町"],"7520996":[35,"下関市","長府向田町"],"7520922":[35,"下関市","千鳥ケ丘町"],"7520934":[35,"下関市","長府松小田東町"],"7520973":[35,"下関市","長府中之町"],"7520959":[35,"下関市","長府金屋町"],"7520976":[35,"下関市","長府南之町"],"7520916":[35,"下関市","王司上町"],"7520951":[35,"下関市","長府日の出町"],"7520983":[35,"下関市","長府松原町"],"7520970":[35,"下関市","長府惣社町"],"7520952":[35,"下関市","長府江下町"],"7520982":[35,"下関市","長府新松原町"],"7520905":[35,"下関市","西観音町"],"7520935":[35,"下関市","長府松小田中町"],"7520933":[35,"下関市","長府松小田本町"],"7520995":[35,"下関市","長府浜浦南町"],"7520977":[35,"下関市","長府東侍町"],"7520912":[35,"下関市","王司川端"],"7520911":[35,"下関市","王司神田"],"7520980":[35,"下関市","長府黒門町"],"7520972":[35,"下関市","長府古江小路町"],"7520998":[35,"下関市","長府浜浦西町"],"7520923":[35,"下関市","宇部"],"7520936":[35,"下関市","長府松小田南町"],"7520946":[35,"下関市","長府中尾町"],"7520974":[35,"下関市","長府土居の内町"],"7520902":[35,"下関市","赤池町"],"7520993":[35,"下関市","長府浜浦町"],"7520928":[35,"下関市","長府才川"],"7520989":[35,"下関市","長府黒門南町"],"7520904":[35,"下関市","員光"],"7520953":[35,"下関市","長府港町"],"7520915":[35,"下関市","王司本町"],"7520984":[35,"下関市","長府宮崎町"],"7520967":[35,"下関市","長府宮の内町"],"7520964":[35,"下関市","長府中土居本町"],"7520997":[35,"下関市","前田"],"7520931":[35,"下関市","松小田"],"7520942":[35,"下関市","長府四王司町"],"7520988":[35,"下関市","長府羽衣南町"],"7520932":[35,"下関市","長府松小田北町"],"7520981":[35,"下関市","豊浦村"],"7520937":[35,"下関市","長府松小田西町"]}
