{"2380003":[14,"横須賀市","稲岡町"],"2380032":[14,"横須賀市","平作"],"2380317":[14,"横須賀市","御幸浜"],"2380224":[14,"三浦市","三崎町諸磯"],"2380035":[14,"横須賀市","池上"],"2380005":[14,"横須賀市","新港町"],"2380242":[14,"三浦市","東岡町"],"2380115":[14,"三浦市","初声町高円坊"],"2380222":[14,"三浦市","岬陽町"],"2380047":[14,"横須賀市","吉倉町"],"2380015":[14,"横須賀市","田戸台"],"2380006":[14,"横須賀市","日の出町"],"2380022":[14,"横須賀市","公郷町"],"2380004":[14,"横須賀市","小川町"],"2380048":[14,"横須賀市","安針台"],"2380053":[14,"横須賀市","望洋台"],"2380102":[14,"三浦市","南下浦町菊名"],"2380237":[14,"三浦市","三崎町城ケ島"],"2380026":[14,"横須賀市","小矢部"],"2380012":[14,"横須賀市","安浦町"],"2380018":[14,"横須賀市","緑が丘"],"2380221":[14,"三浦市","三崎町六合"],"2380019":[14,"横須賀市","猿島"],"2380013":[14,"横須賀市","平成町"],"2380007":[14,"横須賀市","若松町"],"2380235":[14,"三浦市","城山町"],"2380246":[14,"三浦市","尾上町"],"2380052":[14,"横須賀市","佐野町"],"2380001":[14,"横須賀市","泊町"],"2380314":[14,"横須賀市","須軽谷"],"2380055":[14,"横須賀市","平和台"],"2380244":[14,"三浦市","白石町"],"2380008":[14,"横須賀市","大滝町"],"2380051":[14,"横須賀市","不入斗町"],"2380223":[14,"三浦市","原町"],"2380236":[14,"三浦市","栄町"],"2380113":[14,"三浦市","初声町入江"],"2380034":[14,"横須賀市","金谷"],"2380023":[14,"横須賀市","森崎"],"2380101":[14,"三浦市","南下浦町上宮田"],"2380225":[14,"三浦市","三崎町小網代"],"2380232":[14,"三浦市","晴海町"],"2380243":[14,"三浦市","三崎"],"2380103":[14,"三浦市","南下浦町金田"],"2380056":[14,"横須賀市","鶴が丘"],"2380114":[14,"三浦市","初声町和田"],"2380315":[14,"横須賀市","林"],"2380234":[14,"三浦市","諏訪町"],"2380000":[14,"横須賀市",""],"2380016":[14,"横須賀市","深田台"],"2380033":[14,"横須賀市","阿部倉"],"2380036":[14,"横須賀市","山中町"],"2380025":[14,"横須賀市","衣笠町"],"2380104":[14,"三浦市","南下浦町松輪"],"2380241":[14,"三浦市","天神町"],"2380313":[14,"横須賀市","武"],"2380231":[14,"三浦市","宮川町"],"2380017":[14,"横須賀市","上町"],"2380011":[14,"横須賀市","米が浜通"],"2380014":[14,"横須賀市","三春町"],"2380043":[14,"横須賀市","坂本町"],"2380112":[14,"三浦市","初声町三戸"],"2380044":[14,"横須賀市","逸見が丘"],"2380245":[14,"三浦市","海外町"],"2380045":[14,"横須賀市","東逸見町"],"2380021":[14,"横須賀市","富士見町"],"2380042":[14,"横須賀市","汐入町"],"2380233":[14,"三浦市","向ケ崎町"],"2380200":[14,"三浦市",""],"2380031":[14,"横須賀市","衣笠栄町"],"2380046":[14,"横須賀市","西逸見町"],"2380105":[14,"三浦市","南下浦町毘沙門"],"2380312":[14,"横須賀市","山科台"],"2380311":[14,"横須賀市","太田和"],"2380041":[14,"横須賀市","本町"],"2380024":[14,"横須賀市","大矢部"],"2380111":[14,"三浦市","初声町下宮田"],"2380002":[14,"横須賀市","楠ケ浦町"],"2380054":[14,"横須賀市","汐見台"],"2380316":[14,"横須賀市","長井"]}
