{"7750415":[36,"海部郡海陽町","相川"],"7750303":[36,"海部郡海陽町","高園"],"7750006":[36,"海部郡牟岐町","中村"],"7750200":[36,"海部郡海陽町",""],"7750005":[36,"海部郡牟岐町","灘"],"7750504":[36,"海部郡海陽町","尾崎"],"7750306":[36,"海部郡海陽町","櫛川"],"7750011":[36,"海部郡牟岐町","牟岐浦"],"7750511":[36,"海部郡海陽町","久尾"],"7750505":[36,"海部郡海陽町","芥附"],"7750202":[36,"海部郡海陽町","四方原"],"7750305":[36,"海部郡海陽町","中山"],"7750002":[36,"海部郡牟岐町","橘"],"7750204":[36,"海部郡海陽町","多良"],"7750007":[36,"海部郡牟岐町","内妻"],"7750010":[36,"海部郡牟岐町","牟岐浦"],"7750307":[36,"海部郡海陽町","芝"],"7750508":[36,"海部郡海陽町","小谷"],"7750501":[36,"海部郡海陽町","宍喰浦"],"7750013":[36,"海部郡牟岐町","牟岐浦"],"7750310":[36,"海部郡海陽町","大井"],"7750301":[36,"海部郡海陽町","鞆浦"],"7750205":[36,"海部郡海陽町","吉野"],"7750309":[36,"海部郡海陽町","富田"],"7750003":[36,"海部郡牟岐町","辺川"],"7750414":[36,"海部郡海陽町","若松"],"7750308":[36,"海部郡海陽町","吉田"],"7750503":[36,"海部郡海陽町","日比原"],"7750203":[36,"海部郡海陽町","大里"],"7750413":[36,"海部郡海陽町","神野"],"7750509":[36,"海部郡海陽町","塩深"],"7750502":[36,"海部郡海陽町","久保"],"7750000":[36,"海部郡牟岐町",""],"7750512":[36,"海部郡海陽町","宍喰浦"],"7750012":[36,"海部郡牟岐町","牟岐浦"],"7750507":[36,"海部郡海陽町","広岡"],"7750513":[36,"海部郡海陽町","宍喰浦"],"7750302":[36,"海部郡海陽町","奥浦"],"7750304":[36,"海部郡海陽町","野江"],"7750206":[36,"海部郡海陽町","熟田"],"7750101":[36,"海部郡海陽町","浅川"],"7750001":[36,"海部郡牟岐町","河内"],"7750004":[36,"海部郡牟岐町","川長"],"7750510":[36,"海部郡海陽町","船津"],"7750506":[36,"海部郡海陽町","角坂"],"7750412":[36,"海部郡海陽町","小川"],"7750411":[36,"海部郡海陽町","平井"]}
