{"5270071":[25,"東近江市","今堀町"],"5270126":[25,"東近江市","大清水町"],"5270037":[25,"東近江市","東今崎町"],"5270017":[25,"東近江市","昭和町"],"5270206":[25,"東近江市","杠葉尾町"],"5270209":[25,"東近江市","佐目町"],"5270051":[25,"東近江市","林田町"],"5270063":[25,"東近江市","大森町"],"5270142":[25,"東近江市","上山町"],"5270007":[25,"東近江市","建部瓦屋寺町"],"5270065":[25,"東近江市","下二俣町"],"5270042":[25,"東近江市","外町"],"5270162":[25,"東近江市","妹町"],"5270132":[25,"東近江市","下一色町"],"5270056":[25,"東近江市","御園町"],"5270061":[25,"東近江市","土器町"],"5270134":[25,"東近江市","平松町"],"5270144":[25,"東近江市","百済寺町"],"5270043":[25,"東近江市","神田町"],"5270015":[25,"東近江市","中野町"],"5270053":[25,"東近江市","今代町"],"5270171":[25,"東近江市","池之尻町"],"5270136":[25,"東近江市","南菩提寺町"],"5270031":[25,"東近江市","幸町"],"5270022":[25,"東近江市","八日市上之町"],"5270204":[25,"東近江市","政所町"],"5270029":[25,"東近江市","八日市町"],"5270173":[25,"東近江市","上岸本町"],"5270087":[25,"東近江市","平田町"],"5270111":[25,"東近江市","北花沢町"],"5270002":[25,"東近江市","建部上中町"],"5270157":[25,"東近江市","下中野町"],"5270011":[25,"東近江市","八日市浜野町"],"5270216":[25,"東近江市","茨川町"],"5270006":[25,"東近江市","建部日吉町"],"5270028":[25,"東近江市","八日市金屋"],"5270163":[25,"東近江市","曽根町"],"5270221":[25,"東近江市","上二俣町"],"5270019":[25,"東近江市","八日市松尾町"],"5270153":[25,"東近江市","平尾町"],"5270107":[25,"東近江市","今在家町"],"5270082":[25,"東近江市","上羽田町"],"5270137":[25,"東近江市","西菩提寺町"],"5270104":[25,"東近江市","読合堂町"],"5270127":[25,"東近江市","南清水町"],"5270103":[25,"東近江市","湯屋町"],"5270172":[25,"東近江市","鯰江町"],"5270122":[25,"東近江市","長町"],"5270135":[25,"東近江市","横溝町"],"5270003":[25,"東近江市","建部北町"],"5270166":[25,"東近江市","愛東外町"],"5270225":[25,"東近江市","新出町"],"5270066":[25,"東近江市","柴原南町"],"5270223":[25,"東近江市","高木町"],"5270054":[25,"東近江市","池田町"],"5270156":[25,"東近江市","上中野町"],"5270124":[25,"東近江市","下岸本町"],"5270041":[25,"東近江市","川合寺町"],"5270227":[25,"東近江市","石谷町"],"5270034":[25,"東近江市","沖野"],"5270151":[25,"東近江市","市ケ原町"],"5270026":[25,"東近江市","八日市野々宮町"],"5270012":[25,"東近江市","八日市本町"],"5270062":[25,"東近江市","上大森町"],"5270039":[25,"東近江市","青葉町"],"5270024":[25,"東近江市","札の辻"],"5270074":[25,"東近江市","市辺町"],"5270232":[25,"東近江市","青野町"],"5270161":[25,"東近江市","中戸町"],"5270211":[25,"東近江市","永源寺相谷町"],"5270033":[25,"東近江市","東沖野"],"5270000":[25,"東近江市",""],"5270214":[25,"東近江市","甲津畑町"],"5270004":[25,"東近江市","建部堺町"],"5270084":[25,"東近江市","中羽田町"],"5270113":[25,"東近江市","池庄町"],"5270036":[25,"東近江市","聖和町"],"5270072":[25,"東近江市","布引台"],"5270045":[25,"東近江市","中小路町"],"5270123":[25,"東近江市","中岸本町"],"5270014":[25,"東近江市","西中野町"],"5270083":[25,"東近江市","柏木町"],"5270115":[25,"東近江市","下里町"],"5270005":[25,"東近江市","建部南町"],"5270112":[25,"東近江市","南花沢町"],"5270213":[25,"東近江市","和南町"],"5270086":[25,"東近江市","上平木町"],"5270047":[25,"東近江市","野村町"],"5270091":[25,"東近江市","小脇町"],"5270224":[25,"東近江市","市原野町"],"5270143":[25,"東近江市","百済寺本町"],"5270174":[25,"東近江市","大萩町"],"5270145":[25,"東近江市","北坂町"],"5270021":[25,"東近江市","八日市東浜町"],"5270121":[25,"東近江市","小池町"],"5270052":[25,"東近江市","寺町"],"5270101":[25,"東近江市","祇園町"],"5270133":[25,"東近江市","中一色町"],"5270207":[25,"東近江市","蓼畑町"],"5270057":[25,"東近江市","岡田町"],"5270125":[25,"東近江市","小田苅町"],"5270013":[25,"東近江市","東中野町"],"5270205":[25,"東近江市","黄和田町"],"5270155":[25,"東近江市","大林町"],"5270106":[25,"東近江市","僧坊町"],"5270093":[25,"東近江市","糠塚町"],"5270202":[25,"東近江市","君ケ畑町"],"5270092":[25,"東近江市","小今町"],"5270131":[25,"東近江市","勝堂町"],"5270203":[25,"東近江市","箕川町"],"5270027":[25,"東近江市","栄町"],"5270212":[25,"東近江市","永源寺高野町"],"5270228":[25,"東近江市","如来町"],"5270032":[25,"東近江市","春日町"],"5270141":[25,"東近江市","百済寺甲町"],"5270129":[25,"東近江市","北清水町"],"5270105":[25,"東近江市","中里町"],"5270231":[25,"東近江市","山上町"],"5270081":[25,"東近江市","布施町"],"5270023":[25,"東近江市","八日市緑町"],"5270138":[25,"東近江市","北菩提寺町"],"5270114":[25,"東近江市","大沢町"],"5270128":[25,"東近江市","清水中町"],"5270222":[25,"東近江市","池之脇町"],"5270201":[25,"東近江市","蛭谷町"],"5270001":[25,"東近江市","建部下野町"],"5270165":[25,"東近江市","小倉町"],"5270215":[25,"東近江市","九居瀬町"],"5270108":[25,"東近江市","小八木町"],"5270102":[25,"東近江市","平柳町"],"5270067":[25,"東近江市","芝原町"],"5270175":[25,"東近江市","梅林町"],"5270016":[25,"東近江市","今崎町"],"5270152":[25,"東近江市","大覚寺町"],"5270085":[25,"東近江市","下羽田町"],"5270064":[25,"東近江市","尻無町"],"5270226":[25,"東近江市","一式町"],"5270038":[25,"東近江市","聖徳町"],"5270208":[25,"東近江市","萱尾町"],"5270044":[25,"東近江市","五智町"],"5270075":[25,"東近江市","三津屋町"],"5270025":[25,"東近江市","八日市東本町"],"5270154":[25,"東近江市","園町"],"5270018":[25,"東近江市","八日市清水"],"5270076":[25,"東近江市","野口町"],"5270164":[25,"東近江市","青山町"],"5270073":[25,"東近江市","蛇溝町"],"5270055":[25,"東近江市","瓜生津町"],"5270046":[25,"東近江市","妙法寺町"],"5270035":[25,"東近江市","ひばり丘町"]}
