{"6420014":[30,"海南市","小野田"],"6420031":[30,"海南市","築地"],"6420022":[30,"海南市","大野中"],"6420001":[30,"海南市","船尾"],"6420013":[30,"海南市","多田"],"6420000":[30,"海南市",""],"6420021":[30,"海南市","井田"],"6420033":[30,"海南市","鳥居"],"6420028":[30,"海南市","幡川"],"6420003":[30,"海南市","山崎町"],"6420015":[30,"海南市","且来"],"6420025":[30,"海南市","東畑"],"6420012":[30,"海南市","岡田"],"6420026":[30,"海南市","別所"],"6420024":[30,"海南市","阪井"],"6420023":[30,"海南市","重根"],"6420032":[30,"海南市","名高"],"6420035":[30,"海南市","冷水"],"6420027":[30,"海南市","扱沢"],"6420034":[30,"海南市","藤白"],"6420004":[30,"海南市","馬場町"],"6420017":[30,"海南市","南赤坂"],"6420029":[30,"海南市","山田"],"6420016":[30,"海南市","北赤坂"],"6420011":[30,"海南市","黒江"],"6420002":[30,"海南市","日方"]}
