{"8120002":[40,"福岡市博多区","空港前"],"8120897":[40,"福岡市博多区","半道橋"],"8120052":[40,"福岡市東区","貝塚団地"],"8120882":[40,"福岡市博多区","麦野"],"8120888":[40,"福岡市博多区","板付"],"8120872":[40,"福岡市博多区","春町"],"8120039":[40,"福岡市博多区","冷泉町"],"8120034":[40,"福岡市博多区","下呉服町"],"8120067":[40,"福岡市東区","筥松新町"],"8120013":[40,"福岡市博多区","博多駅東"],"8120854":[40,"福岡市博多区","東月隈"],"8120053":[40,"福岡市東区","箱崎"],"8120858":[40,"福岡市博多区","月隈"],"8120037":[40,"福岡市博多区","御供所町"],"8120861":[40,"福岡市博多区","浦田"],"8120853":[40,"福岡市博多区","東平尾"],"8120026":[40,"福岡市博多区","上川端町"],"8120006":[40,"福岡市博多区","上牟田"],"8120027":[40,"福岡市博多区","下川端町"],"8120879":[40,"福岡市博多区","銀天町"],"8120852":[40,"福岡市博多区","東平尾公園"],"8120855":[40,"福岡市博多区","下月隈"],"8120017":[40,"福岡市博多区","美野島"],"8120031":[40,"福岡市博多区","沖浜町"],"8120895":[40,"福岡市博多区","竹下"],"8120061":[40,"福岡市東区","筥松"],"8120884":[40,"福岡市博多区","寿町"],"8120020":[40,"福岡市博多区","対馬小路"],"8120064":[40,"福岡市東区","松田"],"8120005":[40,"福岡市博多区","上臼井"],"8120041":[40,"福岡市博多区","吉塚"],"8120885":[40,"福岡市博多区","相生町"],"8120018":[40,"福岡市博多区","住吉"],"8120896":[40,"福岡市博多区","東光寺町"],"8120877":[40,"福岡市博多区","元町"],"8120065":[40,"福岡市東区","二又瀬新町"],"8120863":[40,"福岡市博多区","金の隈"],"8120004":[40,"福岡市博多区","榎田"],"8120021":[40,"福岡市博多区","築港本町"],"8120038":[40,"福岡市博多区","祇園町"],"8120055":[40,"福岡市東区","東浜"],"8120025":[40,"福岡市博多区","店屋町"],"8120871":[40,"福岡市博多区","東雲町"],"8120014":[40,"福岡市博多区","比恵町"],"8120068":[40,"福岡市東区","社領"],"8120873":[40,"福岡市博多区","西春町"],"8120063":[40,"福岡市東区","原田"],"8120042":[40,"福岡市博多区","豊"],"8120007":[40,"福岡市博多区","東比恵"],"8120069":[40,"福岡市東区","郷口町"],"8120875":[40,"福岡市博多区","新和町"],"8120043":[40,"福岡市博多区","堅粕"],"8120032":[40,"福岡市博多区","石城町"],"8120012":[40,"福岡市博多区","博多駅中央街"],"8120000":[40,"福岡市博多区",""],"8120024":[40,"福岡市博多区","綱場町"],"8120893":[40,"福岡市博多区","那珂"],"8120045":[40,"福岡市博多区","東公園"],"8120022":[40,"福岡市博多区","神屋町"],"8120862":[40,"福岡市博多区","立花寺"],"8120001":[40,"福岡市博多区","大井"],"8120035":[40,"福岡市博多区","中呉服町"],"8120874":[40,"福岡市博多区","光丘町"],"8120054":[40,"福岡市東区","馬出"],"8120891":[40,"福岡市博多区","雀居"],"8120044":[40,"福岡市博多区","千代"],"8120892":[40,"福岡市博多区","東那珂"],"8120886":[40,"福岡市博多区","南八幡町"],"8120011":[40,"福岡市博多区","博多駅前"],"8120008":[40,"福岡市博多区","東光"],"8120062":[40,"福岡市東区","松島"],"8120046":[40,"福岡市博多区","吉塚本町"],"8120003":[40,"福岡市博多区","下臼井"],"8120029":[40,"福岡市博多区","古門戸町"],"8120028":[40,"福岡市博多区","須崎町"],"8120887":[40,"福岡市博多区","三筑"],"8120051":[40,"福岡市東区","箱崎ふ頭"],"8120878":[40,"福岡市博多区","竹丘町"],"8120851":[40,"福岡市博多区","青木"],"8120894":[40,"福岡市博多区","諸岡"],"8120066":[40,"福岡市東区","二又瀬"],"8120876":[40,"福岡市博多区","昭南町"],"8120036":[40,"福岡市博多区","上呉服町"],"8120023":[40,"福岡市博多区","奈良屋町"],"8120883":[40,"福岡市博多区","南本町"],"8120033":[40,"福岡市博多区","大博町"],"8120015":[40,"福岡市博多区","山王"],"8120857":[40,"福岡市博多区","西月隈"],"8120016":[40,"福岡市博多区","博多駅南"],"8120881":[40,"福岡市博多区","井相田"]}
