{"7700044":[36,"徳島市","庄町"],"7700904":[36,"徳島市","新町橋"],"7700004":[36,"徳島市","南田宮"],"7700806":[36,"徳島市","北前川町"],"7700037":[36,"徳島市","南佐古七番町"],"7700046":[36,"徳島市","鮎喰町"],"7708002":[36,"徳島市","津田町"],"7708052":[36,"徳島市","沖浜"],"7700865":[36,"徳島市","南末広町"],"7700033":[36,"徳島市","南佐古三番町"],"7700812":[36,"徳島市","北常三島町"],"7700938":[36,"徳島市","明神町"],"7708040":[36,"徳島市","上八万町"],"7700874":[36,"徳島市","南沖洲"],"7700867":[36,"徳島市","新南福島"],"7700022":[36,"徳島市","佐古二番町"],"7700908":[36,"徳島市","眉山町"],"7708071":[36,"徳島市","八万町"],"7700934":[36,"徳島市","秋田町"],"7700901":[36,"徳島市","西船場町"],"7700051":[36,"徳島市","北島田町"],"7700001":[36,"徳島市","春日町"],"7700053":[36,"徳島市","南島田町"],"7700062":[36,"徳島市","不動東町"],"7700935":[36,"徳島市","伊月町"],"7700811":[36,"徳島市","東吉野町"],"7700822":[36,"徳島市","東出来島町"],"7700941":[36,"徳島市","万代町"],"7700906":[36,"徳島市","東山手町"],"7708082":[36,"徳島市","八万町"],"7700832":[36,"徳島市","寺島本町東"],"7700061":[36,"徳島市","不動北町"],"7700923":[36,"徳島市","大道"],"7700928":[36,"徳島市","二軒屋町"],"7708074":[36,"徳島市","八万町"],"7700021":[36,"徳島市","佐古一番町"],"7700824":[36,"徳島市","南出来島町"],"7708005":[36,"徳島市","津田浜之町"],"7700012":[36,"徳島市","北佐古二番町"],"7700931":[36,"徳島市","富田浜"],"7700918":[36,"徳島市","紺屋町"],"7708008":[36,"徳島市","西新浜町"],"7700863":[36,"徳島市","安宅"],"7700939":[36,"徳島市","かちどき橋"],"7700816":[36,"徳島市","助任本町"],"7700917":[36,"徳島市","両国橋"],"7708073":[36,"徳島市","八万町"],"7700943":[36,"徳島市","中昭和町"],"7708078":[36,"徳島市","八万町"],"7700039":[36,"徳島市","佐古山町"],"7708021":[36,"徳島市","雑賀町"],"7700803":[36,"徳島市","上吉野町"],"7700855":[36,"徳島市","新蔵町"],"7708006":[36,"徳島市","新浜町"],"7700024":[36,"徳島市","佐古四番町"],"7708054":[36,"徳島市","山城西"],"7700002":[36,"徳島市","春日"],"7700913":[36,"徳島市","南新町"],"7700853":[36,"徳島市","中徳島町"],"7700856":[36,"徳島市","中洲町"],"7700845":[36,"徳島市","新内町"],"7700842":[36,"徳島市","通町"],"7700861":[36,"徳島市","住吉"],"7700921":[36,"徳島市","栄町"],"7700801":[36,"徳島市","上助任町"],"7708070":[36,"徳島市","八万町"],"7708032":[36,"徳島市","北山町"],"7700805":[36,"徳島市","下助任町"],"7708061":[36,"徳島市","西二軒屋町"],"7700813":[36,"徳島市","中常三島町"],"7708076":[36,"徳島市","八万町"],"7708023":[36,"徳島市","勝占町"],"7708001":[36,"徳島市","津田海岸町"],"7700035":[36,"徳島市","南佐古五番町"],"7700038":[36,"徳島市","南佐古八番町"],"7700843":[36,"徳島市","両国本町"],"7700005":[36,"徳島市","南矢三町"],"7700852":[36,"徳島市","徳島町"],"7700023":[36,"徳島市","佐古三番町"],"7700915":[36,"徳島市","富田町"],"7700911":[36,"徳島市","東船場町"],"7708079":[36,"徳島市","八万町"],"7700871":[36,"徳島市","金沢"],"7700036":[36,"徳島市","南佐古六番町"],"7700011":[36,"徳島市","北佐古一番町"],"7700903":[36,"徳島市","西大工町"],"7700835":[36,"徳島市","藍場町"],"7700807":[36,"徳島市","中前川町"],"7700833":[36,"徳島市","一番町"],"7708041":[36,"徳島市","上八万町西山"],"7700905":[36,"徳島市","東大工町"],"7700045":[36,"徳島市","南庄町"],"7708003":[36,"徳島市","津田本町"],"7700032":[36,"徳島市","南佐古二番町"],"7700902":[36,"徳島市","西新町"],"7700815":[36,"徳島市","助任橋"],"7700808":[36,"徳島市","南前川町"],"7708056":[36,"徳島市","問屋町"],"7700868":[36,"徳島市","福島"],"7700028":[36,"徳島市","佐古八番町"],"7700924":[36,"徳島市","幟町"],"7708024":[36,"徳島市","西須賀町"],"7700929":[36,"徳島市","西富田町"],"7708064":[36,"徳島市","城南町"],"7700041":[36,"徳島市","蔵本元町"],"7700000":[36,"徳島市",""],"7700027":[36,"徳島市","佐古七番町"],"7700031":[36,"徳島市","南佐古一番町"],"7700034":[36,"徳島市","南佐古四番町"],"7700047":[36,"徳島市","名東町"],"7708012":[36,"徳島市","大原町"],"7700821":[36,"徳島市","北出来島町"],"7700909":[36,"徳島市","寺町"],"7700907":[36,"徳島市","西山手町"],"7708081":[36,"徳島市","八万町"],"7708051":[36,"徳島市","沖浜町"],"7700937":[36,"徳島市","富田橋"],"7700064":[36,"徳島市","不動西町"],"7700873":[36,"徳島市","東沖洲"],"7700925":[36,"徳島市","弓町"],"7700933":[36,"徳島市","南仲之町"],"7700043":[36,"徳島市","南蔵本町"],"7700063":[36,"徳島市","不動本町"],"7700854":[36,"徳島市","徳島本町"],"7708072":[36,"徳島市","八万町"],"7700862":[36,"徳島市","城東町"],"7708063":[36,"徳島市","南二軒屋町"],"7708053":[36,"徳島市","沖浜東"],"7708025":[36,"徳島市","三軒屋町"],"7700942":[36,"徳島市","昭和町"],"7700927":[36,"徳島市","勢見町"],"7700814":[36,"徳島市","南常三島町"],"7700926":[36,"徳島市","伊賀町"],"7700936":[36,"徳島市","中央通"],"7700922":[36,"徳島市","鷹匠町"],"7700006":[36,"徳島市","北矢三町"],"7708083":[36,"徳島市","八万町"],"7708033":[36,"徳島市","方上町"],"7708004":[36,"徳島市","津田西町"],"7700831":[36,"徳島市","寺島本町西"],"7700042":[36,"徳島市","蔵本町"],"7700802":[36,"徳島市","吉野本町"],"7700823":[36,"徳島市","出来島本町"],"7700048":[36,"徳島市","加茂名町"],"7700847":[36,"徳島市","幸町"],"7700944":[36,"徳島市","南昭和町"],"7700841":[36,"徳島市","八百屋町"],"7700851":[36,"徳島市","徳島町城内"],"7708084":[36,"徳島市","八万町"],"7700914":[36,"徳島市","籠屋町"],"7700916":[36,"徳島市","銀座"],"7700864":[36,"徳島市","大和町"],"7708022":[36,"徳島市","大松町"],"7708075":[36,"徳島市","八万町"],"7700052":[36,"徳島市","中島田町"],"7700866":[36,"徳島市","末広"],"7700026":[36,"徳島市","佐古六番町"],"7708055":[36,"徳島市","山城町"],"7700003":[36,"徳島市","北田宮"],"7708077":[36,"徳島市","八万町"],"7700912":[36,"徳島市","東新町"],"7700025":[36,"徳島市","佐古五番町"],"7700844":[36,"徳島市","中通町"],"7700834":[36,"徳島市","元町"],"7700804":[36,"徳島市","中吉野町"],"7700846":[36,"徳島市","南内町"],"7700932":[36,"徳島市","仲之町"],"7700872":[36,"徳島市","北沖洲"],"7708031":[36,"徳島市","大谷町"],"7708007":[36,"徳島市","新浜本町"],"7708011":[36,"徳島市","論田町"]}
