{"7730018":[36,"小松島市","櫛淵町"],"7730015":[36,"小松島市","中田町"],"7730000":[36,"小松島市",""],"7730024":[36,"小松島市","間新田町"],"7730013":[36,"小松島市","前原町"],"7730002":[36,"小松島市","神田瀬町"],"7730025":[36,"小松島市","和田島町"],"7730005":[36,"小松島市","南小松島町"],"7730003":[36,"小松島市","松島町"],"7730012":[36,"小松島市","田浦町"],"7730010":[36,"小松島市","日開野町"],"7730004":[36,"小松島市","堀川町"],"7730031":[36,"小松島市","和田島町"],"7730021":[36,"小松島市","赤石町"],"7730023":[36,"小松島市","坂野町"],"7730020":[36,"小松島市","和田津開町"],"7730001":[36,"小松島市","小松島町"],"7730007":[36,"小松島市","金磯町"],"7730014":[36,"小松島市","江田町"],"7730009":[36,"小松島市","芝生町"],"7730070":[36,"徳島市","大原町"],"7730017":[36,"小松島市","立江町"],"7730016":[36,"小松島市","中郷町"],"7730008":[36,"小松島市","田野町"],"7730019":[36,"小松島市","豊浦町"],"7730006":[36,"小松島市","横須町"],"7730022":[36,"小松島市","大林町"],"7730011":[36,"小松島市","新居見町"]}
