{"2260017":[14,"横浜市緑区","新治町"],"2260029":[14,"横浜市緑区","森の台"],"2260001":[14,"横浜市緑区","東本郷町"],"2260016":[14,"横浜市緑区","霧が丘"],"2260004":[14,"横浜市緑区","鴨居町"],"2260000":[14,"横浜市緑区",""],"2260003":[14,"横浜市緑区","鴨居"],"2260018":[14,"横浜市緑区","長津田みなみ台"],"2260006":[14,"横浜市緑区","白山"],"2260028":[14,"横浜市緑区","いぶき野"],"2260021":[14,"横浜市緑区","北八朔町"],"2260011":[14,"横浜市緑区","中山町"],"2260002":[14,"横浜市緑区","東本郷"],"2260023":[14,"横浜市緑区","小山町"],"2260015":[14,"横浜市緑区","三保町"],"2260026":[14,"横浜市緑区","長津田町"],"2260013":[14,"横浜市緑区","寺山町"],"2260025":[14,"横浜市緑区","十日市場町"],"2260005":[14,"横浜市緑区","竹山"],"2260027":[14,"横浜市緑区","長津田"],"2260014":[14,"横浜市緑区","台村町"],"2260024":[14,"横浜市緑区","西八朔町"],"2260022":[14,"横浜市緑区","青砥町"],"2260012":[14,"横浜市緑区","上山"]}
