{"2330012":[14,"横浜市港南区","上永谷"],"2330011":[14,"横浜市港南区","東永谷"],"2330005":[14,"横浜市港南区","東芹が谷"],"2330013":[14,"横浜市港南区","丸山台"],"2330006":[14,"横浜市港南区","芹が谷"],"2330004":[14,"横浜市港南区","港南中央通"],"2330001":[14,"横浜市港南区","上大岡東"],"2330003":[14,"横浜市港南区","港南"],"2330014":[14,"横浜市港南区","上永谷町"],"2330007":[14,"横浜市港南区","大久保"],"2330000":[14,"横浜市港南区",""],"2330015":[14,"横浜市港南区","日限山"],"2330016":[14,"横浜市港南区","下永谷"],"2330008":[14,"横浜市港南区","最戸"],"2330002":[14,"横浜市港南区","上大岡西"]}
