{"8290111":[40,"築上郡築上町","安武"],"8290332":[40,"築上郡築上町","越路"],"8290106":[40,"築上郡築上町","船迫"],"8290125":[40,"築上郡築上町","寒田"],"8290343":[40,"築上郡築上町","西八田"],"8290322":[40,"築上郡築上町","日奈古"],"8290305":[40,"築上郡築上町","真如寺"],"8290301":[40,"築上郡築上町","椎田"],"8290331":[40,"築上郡築上町","高塚"],"8290303":[40,"築上郡築上町","山本"],"8290342":[40,"築上郡築上町","東八田"],"8290100":[40,"築上郡築上町",""],"8290101":[40,"築上郡築上町","東築城"],"8290112":[40,"築上郡築上町","赤幡"],"8290315":[40,"築上郡築上町","上り松"],"8290321":[40,"築上郡築上町","坂本"],"8290113":[40,"築上郡築上町","下香楽"],"8290116":[40,"築上郡築上町","下深野"],"8290104":[40,"築上郡築上町","小山田"],"8290117":[40,"築上郡築上町","袈裟丸"],"8290304":[40,"築上郡築上町","小原"],"8290122":[40,"築上郡築上町","伝法寺"],"8290311":[40,"築上郡築上町","湊"],"8290335":[40,"築上郡築上町","岩丸"],"8290123":[40,"築上郡築上町","本庄"],"8290102":[40,"築上郡築上町","築城"],"8290314":[40,"築上郡築上町","上ノ河内"],"8290124":[40,"築上郡築上町","櫟原"],"8290312":[40,"築上郡築上町","石堂"],"8290121":[40,"築上郡築上町","松丸"],"8290313":[40,"築上郡築上町","有安"],"8290115":[40,"築上郡築上町","上深野"],"8290108":[40,"築上郡築上町","下別府"],"8290151":[40,"築上郡築上町","西八田"],"8290103":[40,"築上郡築上町","広末"],"8290114":[40,"築上郡築上町","上香楽"],"8290105":[40,"築上郡築上町","上別府"],"8290323":[40,"築上郡築上町","極楽寺"],"8290334":[40,"築上郡築上町","奈古"],"8290302":[40,"築上郡築上町","臼田"],"8290333":[40,"築上郡築上町","水原"],"8290107":[40,"築上郡築上町","弓の師"],"8290341":[40,"築上郡築上町","宇留津"]}
