{"4630087":[23,"名古屋市守山区","大永寺町"],"4630097":[23,"名古屋市守山区","川村町"],"4630084":[23,"名古屋市守山区","西城"],"4630082":[23,"名古屋市守山区","村前町"],"4630814":[23,"名古屋市守山区","桔梗平"],"4630057":[23,"名古屋市守山区","中新"],"4630074":[23,"名古屋市守山区","町北"],"4630804":[23,"名古屋市守山区","泉が丘"],"4630815":[23,"名古屋市守山区","青葉台"],"4630010":[23,"名古屋市守山区","翠松園"],"4630090":[23,"名古屋市守山区","瀬古東"],"4630048":[23,"名古屋市守山区","小幡南"],"4630813":[23,"名古屋市守山区","吉根南"],"4630032":[23,"名古屋市守山区","白山"],"4630016":[23,"名古屋市守山区","大屋敷"],"4630041":[23,"名古屋市守山区","大谷町"],"4630033":[23,"名古屋市守山区","森孝東"],"4630025":[23,"名古屋市守山区","元郷"],"4630802":[23,"名古屋市守山区","大森北"],"4630072":[23,"名古屋市守山区","金屋"],"4630054":[23,"名古屋市守山区","小六町"],"4630046":[23,"名古屋市守山区","苗代"],"4630085":[23,"名古屋市守山区","大牧町"],"4630023":[23,"名古屋市守山区","今尻町"],"4630812":[23,"名古屋市守山区","笹ヶ根"],"4630093":[23,"名古屋市守山区","城土町"],"4630036":[23,"名古屋市守山区","向台"],"4630042":[23,"名古屋市守山区","野萩町"],"4630044":[23,"名古屋市守山区","太田井"],"4630070":[23,"名古屋市守山区","新守山"],"4630088":[23,"名古屋市守山区","鳥神町"],"4630091":[23,"名古屋市守山区","川上町"],"4630000":[23,"名古屋市守山区",""],"4630017":[23,"名古屋市守山区","喜多山"],"4630096":[23,"名古屋市守山区","森宮町"],"4630043":[23,"名古屋市守山区","喜多山南"],"4630004":[23,"名古屋市守山区","吉根"],"4630076":[23,"名古屋市守山区","鳥羽見"],"4630051":[23,"名古屋市守山区","小幡太田"],"4630092":[23,"名古屋市守山区","白沢町"],"4630807":[23,"名古屋市守山区","鼓が丘"],"4630071":[23,"名古屋市守山区","新守町"],"4630024":[23,"名古屋市守山区","脇田町"],"4630080":[23,"名古屋市守山区","川西"],"4630062":[23,"名古屋市守山区","長栄"],"4630803":[23,"名古屋市守山区","日の後"],"4630003":[23,"名古屋市守山区","下志段味"],"4630014":[23,"名古屋市守山区","城南町"],"4630086":[23,"名古屋市守山区","永森町"],"4630028":[23,"名古屋市守山区","大森八龍"],"4630001":[23,"名古屋市守山区","上志段味"],"4630031":[23,"名古屋市守山区","本地が丘"],"4630068":[23,"名古屋市守山区","瀬古"],"4630066":[23,"名古屋市守山区","町南"],"4630002":[23,"名古屋市守山区","中志段味"],"4630027":[23,"名古屋市守山区","弁天が丘"],"4630022":[23,"名古屋市守山区","八剣"],"4630005":[23,"名古屋市守山区","川"],"4630801":[23,"名古屋市守山区","竜泉寺"],"4630094":[23,"名古屋市守山区","牛牧"],"4630079":[23,"名古屋市守山区","幸心"],"4630811":[23,"名古屋市守山区","深沢"],"4630055":[23,"名古屋市守山区","西新"],"4630098":[23,"名古屋市守山区","川北町"],"4630052":[23,"名古屋市守山区","小幡宮ノ腰"],"4630089":[23,"名古屋市守山区","西川原町"],"4630095":[23,"名古屋市守山区","高島町"],"4630029":[23,"名古屋市守山区","御膳洞"],"4630035":[23,"名古屋市守山区","森孝"],"4630064":[23,"名古屋市守山区","更屋敷"],"4630805":[23,"名古屋市守山区","青山台"],"4630021":[23,"名古屋市守山区","大森"],"4630053":[23,"名古屋市守山区","小幡千代田"],"4630061":[23,"名古屋市守山区","東山町"],"4630806":[23,"名古屋市守山区","百合が丘"],"4630012":[23,"名古屋市守山区","茶臼前"],"4630067":[23,"名古屋市守山区","守山"],"4630011":[23,"名古屋市守山区","小幡"],"4630009":[23,"名古屋市守山区","緑ケ丘"],"4630034":[23,"名古屋市守山区","四軒家"],"4630081":[23,"名古屋市守山区","川宮町"],"4630069":[23,"名古屋市守山区","新守西"],"4630038":[23,"名古屋市守山区","原境町"],"4630809":[23,"名古屋市守山区","平池東"],"4630083":[23,"名古屋市守山区","村合町"],"4630045":[23,"名古屋市守山区","菱池町"],"4630006":[23,"名古屋市守山区","川東山"],"4630808":[23,"名古屋市守山区","花咲台"],"4630013":[23,"名古屋市守山区","小幡中"],"4630077":[23,"名古屋市守山区","守山"],"4630008":[23,"名古屋市守山区","小幡北"],"4630063":[23,"名古屋市守山区","八反"],"4630026":[23,"名古屋市守山区","藪田町"],"4630056":[23,"名古屋市守山区","新城"],"4630078":[23,"名古屋市守山区","瀬古"],"4630037":[23,"名古屋市守山区","天子田"],"4630065":[23,"名古屋市守山区","廿軒家"],"4630075":[23,"名古屋市守山区","市場"],"4630015":[23,"名古屋市守山区","西島町"],"4630007":[23,"名古屋市守山区","松坂町"],"4630047":[23,"名古屋市守山区","小幡常燈"],"4630073":[23,"名古屋市守山区","守牧町"]}
