{"8390853":[40,"久留米市","青峰"],"8391401":[40,"うきは市","浮羽町朝田"],"8390836":[40,"久留米市","草野町吉木"],"8390215":[40,"みやま市","高田町濃施"],"8390823":[40,"久留米市","善導寺町与田"],"8390825":[40,"久留米市","善導寺町島"],"8390243":[40,"柳川市","大和町塩塚"],"8391215":[40,"久留米市","田主丸町竹野"],"8391231":[40,"久留米市","田主丸町野田"],"8391203":[40,"久留米市","田主丸町秋成"],"8391341":[40,"うきは市","吉井町江南"],"8391344":[40,"うきは市","吉井町長栖"],"8390214":[40,"みやま市","高田町今福"],"8390000":[40,"久留米市",""],"8390824":[40,"久留米市","善導寺町飯田"],"8390804":[40,"久留米市","宮ノ陣町若松"],"8391232":[40,"久留米市","田主丸町常盤"],"8390252":[40,"柳川市","大和町栄"],"8390805":[40,"久留米市","宮ノ陣町八丁島"],"8390827":[40,"久留米市","山本町豊田"],"8391411":[40,"うきは市","浮羽町流川"],"8390803":[40,"久留米市","宮ノ陣町大杜"],"8391307":[40,"うきは市","吉井町橘田"],"8391233":[40,"久留米市","田主丸町田主丸"],"8390808":[40,"久留米市","東合川新町"],"8390837":[40,"久留米市","草野町矢作"],"8391221":[40,"久留米市","田主丸町上原"],"8391343":[40,"うきは市","吉井町鷹取"],"8390202":[40,"みやま市","高田町永治"],"8390212":[40,"みやま市","高田町江浦町"],"8390802":[40,"久留米市","宮ノ陣町五郎丸"],"8390253":[40,"柳川市","大和町鷹ノ尾"],"8391216":[40,"久留米市","田主丸町中尾"],"8390821":[40,"久留米市","太郎原町"],"8391224":[40,"久留米市","田主丸町牧"],"8390851":[40,"久留米市","御井町"],"8391301":[40,"うきは市","吉井町桜井"],"8390861":[40,"久留米市","合川町"],"8390817":[40,"久留米市","山川町"],"8391321":[40,"うきは市","吉井町"],"8391402":[40,"うきは市","浮羽町浮羽"],"8390213":[40,"みやま市","高田町江浦"],"8390222":[40,"みやま市","高田町原"],"8391214":[40,"久留米市","田主丸町地徳"],"8391333":[40,"うきは市","吉井町富永"],"8391205":[40,"久留米市","田主丸町船越"],"8390204":[40,"みやま市","高田町北新開"],"8390833":[40,"久留米市","大橋町常持"],"8391227":[40,"久留米市","田主丸町朝森"],"8391303":[40,"うきは市","吉井町宮田"],"8391412":[40,"うきは市","浮羽町小塩"],"8390211":[40,"みやま市","高田町徳島"],"8391405":[40,"うきは市","浮羽町古川"],"8391223":[40,"久留米市","田主丸町以真恵"],"8391212":[40,"久留米市","田主丸町石垣"],"8390835":[40,"久留米市","草野町草野"],"8391400":[40,"うきは市",""],"8390201":[40,"みやま市","高田町昭和開"],"8390242":[40,"柳川市","大和町豊原"],"8391305":[40,"うきは市","吉井町福永"],"8390863":[40,"久留米市","国分町"],"8391201":[40,"久留米市","田主丸町長栖"],"8390261":[40,"柳川市","大和町皿垣開"],"8390822":[40,"久留米市","善導寺町木塚"],"8391211":[40,"久留米市","田主丸町森部"],"8391415":[40,"うきは市","浮羽町妹川"],"8390841":[40,"久留米市","御井旗崎"],"8390832":[40,"久留米市","大橋町合楽"],"8391403":[40,"うきは市","浮羽町東隈上"],"8390801":[40,"久留米市","宮ノ陣"],"8390816":[40,"久留米市","山川野口町"],"8390262":[40,"柳川市","大和町永田開"],"8390205":[40,"みやま市","高田町南新開"],"8390223":[40,"みやま市","高田町岩津"],"8391234":[40,"久留米市","田主丸町豊城"],"8390865":[40,"久留米市","新合川"],"8390807":[40,"久留米市","東合川町"],"8390862":[40,"久留米市","野中町"],"8391406":[40,"うきは市","浮羽町高見"],"8391404":[40,"うきは市","浮羽町西隈上"],"8391222":[40,"久留米市","田主丸町志塚島"],"8390843":[40,"久留米市","朝妻町"],"8391206":[40,"久留米市","田主丸町吉本"],"8391407":[40,"うきは市","浮羽町三春"],"8390244":[40,"柳川市","大和町六合"],"8391414":[40,"うきは市","浮羽町田篭"],"8390812":[40,"久留米市","山川安居野"],"8391213":[40,"久留米市","田主丸町益生田"],"8390834":[40,"久留米市","草野町紅桃林"],"8390864":[40,"久留米市","百年公園"],"8390225":[40,"みやま市","高田町上楠田"],"8390254":[40,"柳川市","大和町中島"],"8391408":[40,"うきは市","浮羽町山北"],"8390806":[40,"久留米市","東合川干出町"],"8390842":[40,"久留米市","御井朝妻"],"8391413":[40,"うきは市","浮羽町新川"],"8391304":[40,"うきは市","吉井町千年"],"8390251":[40,"柳川市","大和町明野"],"8390831":[40,"久留米市","大橋町蜷川"],"8391302":[40,"うきは市","吉井町徳丸"],"8390809":[40,"久留米市","東合川"],"8391226":[40,"久留米市","田主丸町八幡"],"8390241":[40,"柳川市","大和町徳益"],"8390811":[40,"久留米市","山川神代"],"8391225":[40,"久留米市","田主丸町菅原"],"8391308":[40,"うきは市","吉井町八和田"],"8390814":[40,"久留米市","山川追分"],"8391331":[40,"うきは市","吉井町屋部"],"8391306":[40,"うきは市","吉井町新治"],"8390263":[40,"柳川市","大和町大坪"],"8391228":[40,"久留米市","田主丸町恵利"],"8391202":[40,"久留米市","田主丸町鷹取"],"8390826":[40,"久留米市","山本町耳納"],"8390264":[40,"柳川市","大和町谷垣"],"8391332":[40,"うきは市","吉井町福益"],"8390224":[40,"みやま市","高田町田尻"],"8391421":[44,"日田市","前津江町柚木"],"8391312":[40,"うきは市","吉井町清瀬"],"8390852":[40,"久留米市","高良内町"],"8391342":[40,"うきは市","吉井町生葉"],"8391311":[40,"うきは市","吉井町若宮"],"8391204":[40,"久留米市","田主丸町殖木"],"8390813":[40,"久留米市","山川市ノ上町"],"8390221":[40,"みやま市","高田町下楠田"],"8390815":[40,"久留米市","山川沓形町"],"8390203":[40,"みやま市","高田町黒崎開"]}
