{"6380034":[29,"吉野郡下市町","平原"],"6380200":[29,"吉野郡黒滝村",""],"6380431":[29,"吉野郡天川村","洞川"],"6380001":[29,"吉野郡下市町","阿知賀"],"6380656":[29,"五條市","西吉野町鹿場"],"6380831":[29,"吉野郡大淀町","佐名伝"],"6380031":[29,"吉野郡下市町","栃本"],"6380541":[29,"吉野郡天川村","九尾"],"6380201":[29,"吉野郡黒滝村","槇尾"],"6380026":[29,"吉野郡下市町","西山"],"6380315":[29,"吉野郡天川村","沢原"],"6380801":[29,"吉野郡大淀町","芦原"],"6380021":[29,"吉野郡下市町","長谷"],"6380853":[29,"吉野郡大淀町","矢走"],"6380655":[29,"五條市","西吉野町小古田"],"6380241":[29,"吉野郡黒滝村","粟飯谷"],"6380042":[29,"吉野郡下市町","栄町"],"6380041":[29,"吉野郡下市町","下市"],"6380033":[29,"吉野郡下市町","梨子堂"],"6380553":[29,"吉野郡天川村","山西"],"6380044":[29,"吉野郡下市町","田中"],"6380833":[29,"吉野郡大淀町","福神"],"6380302":[29,"吉野郡天川村","中越"],"6380311":[29,"吉野郡天川村","沖金"],"6380024":[29,"吉野郡下市町","貝原"],"6380803":[29,"吉野郡大淀町","越部"],"6380012":[29,"吉野郡下市町","岩森"],"6380304":[29,"吉野郡天川村","南角"],"6380301":[29,"吉野郡天川村","川合"],"6380802":[29,"吉野郡大淀町","畑屋"],"6380661":[29,"五條市","西吉野町西新子"],"6380662":[29,"五條市","西吉野町夜中"],"6380642":[29,"五條市","西吉野町平沼田"],"6380025":[29,"吉野郡下市町","谷"],"6380242":[29,"吉野郡黒滝村","御吉野"],"6380305":[29,"吉野郡天川村","沢谷"],"6380551":[29,"吉野郡天川村","籠山"],"6380322":[29,"吉野郡天川村","南日裏"],"6380232":[29,"吉野郡黒滝村","桂原"],"6380663":[29,"五條市","西吉野町奥谷"],"6380202":[29,"吉野郡黒滝村","脇川"],"6380300":[29,"吉野郡天川村",""],"6380657":[29,"五條市","西吉野町八ツ川"],"6380003":[29,"吉野郡下市町","善城"],"6380231":[29,"吉野郡黒滝村","笠木"],"6380653":[29,"五條市","西吉野町十日市"],"6380812":[29,"吉野郡大淀町","桧垣本"],"6380000":[29,"吉野郡大淀町",""],"6380221":[29,"吉野郡黒滝村","中戸"],"6380842":[29,"吉野郡大淀町","大岩"],"6380023":[29,"吉野郡下市町","黒木"],"6380841":[29,"吉野郡大淀町","今木"],"6380811":[29,"吉野郡大淀町","土田"],"6380243":[29,"吉野郡黒滝村","堂原"],"6380011":[29,"吉野郡下市町","よ邑"],"6380203":[29,"吉野郡黒滝村","鳥住"],"6380543":[29,"吉野郡天川村","和田"],"6380641":[29,"五條市","西吉野町百谷"],"6380233":[29,"吉野郡黒滝村","長瀬"],"6380312":[29,"吉野郡天川村","中谷"],"6380843":[29,"吉野郡大淀町","鉾立"],"6380251":[29,"吉野郡黒滝村","寺戸"],"6380564":[29,"吉野郡天川村","塩谷"],"6380303":[29,"吉野郡天川村","北角"],"6380542":[29,"吉野郡天川村","栃尾"],"6380821":[29,"吉野郡大淀町","下渕"],"6380013":[29,"吉野郡下市町","立石"],"6380832":[29,"吉野郡大淀町","薬水"],"6380314":[29,"吉野郡天川村","五色"],"6380644":[29,"五條市","西吉野町湯川"],"6380043":[29,"吉野郡下市町","大峯"],"6380015":[29,"吉野郡下市町","広橋"],"6380035":[29,"吉野郡下市町","栃原"],"6380562":[29,"吉野郡天川村","滝尾"],"6380211":[29,"吉野郡黒滝村","赤滝"],"6380643":[29,"五條市","西吉野町赤松"],"6380563":[29,"吉野郡天川村","塩野"],"6380852":[29,"吉野郡大淀町","持尾"],"6380014":[29,"吉野郡下市町","才谷"],"6380851":[29,"吉野郡大淀町","岩壺"],"6380002":[29,"吉野郡下市町","小路"],"6380652":[29,"五條市","西吉野町尼ケ生"],"6380561":[29,"吉野郡天川村","広瀬"],"6380045":[29,"吉野郡下市町","新住"],"6380552":[29,"吉野郡天川村","庵住"],"6380321":[29,"吉野郡天川村","坪内"],"6380032":[29,"吉野郡下市町","原谷"],"6380313":[29,"吉野郡天川村","北小原"],"6380654":[29,"五條市","西吉野町南山"],"6380022":[29,"吉野郡下市町","丹生"],"6380651":[29,"五條市","西吉野町唐戸"]}
