{"4740023":[23,"大府市","大東町"],"4740045":[23,"大府市","馬池町"],"4740044":[23,"大府市","桜木町"],"4740001":[23,"大府市","北崎町"],"4740052":[23,"大府市","長草町"],"4740074":[23,"大府市","共栄町"],"4740048":[23,"大府市","吉田町"],"4740053":[23,"大府市","柊山町"],"4740038":[23,"大府市","森岡町"],"4740062":[23,"大府市","共西町"],"4740042":[23,"大府市","高丘町"],"4740061":[23,"大府市","共和町"],"4740026":[23,"大府市","桃山町"],"4740041":[23,"大府市","吉田町"],"4740024":[23,"大府市","朝日町"],"4740043":[23,"大府市","米田町"],"4740011":[23,"大府市","横根町"],"4740035":[23,"大府市","江端町"],"4740072":[23,"大府市","北山町"],"4740051":[23,"大府市","大府町"],"4740047":[23,"大府市","宮内町"],"4740003":[23,"大府市","神田町"],"4740021":[23,"大府市","長根町"],"4740036":[23,"大府市","月見町"],"4740002":[23,"大府市","北崎町"],"4740073":[23,"大府市","東新町"],"4740025":[23,"大府市","中央町"],"4740022":[23,"大府市","若草町"],"4740055":[23,"大府市","一屋町"],"4740000":[23,"大府市",""],"4740071":[23,"大府市","梶田町"],"4740031":[23,"大府市","森岡町"],"4740037":[23,"大府市","半月町"],"4740057":[23,"大府市","共和町"],"4740046":[23,"大府市","吉川町"],"4740027":[23,"大府市","追分町"],"4740056":[23,"大府市","明成町"]}
