{"6330036":[29,"桜井市","横柿"],"6330234":[29,"宇陀市","榛原高塚"],"6330067":[29,"桜井市","大福"],"6332215":[29,"宇陀市","菟田野東郷"],"6330031":[29,"桜井市","下居"],"6332302":[29,"吉野郡東吉野村","谷尻"],"6330091":[29,"桜井市","桜井"],"6330316":[29,"宇陀市","室生向渕"],"6330076":[29,"桜井市","大泉"],"6332422":[29,"吉野郡東吉野村","鷲家"],"6332123":[29,"宇陀市","大宇陀藤井"],"6330033":[29,"桜井市","西口"],"6332136":[29,"宇陀市","大宇陀大熊"],"6332172":[29,"宇陀市","大宇陀上本"],"6332166":[29,"宇陀市","大宇陀迫間"],"6330227":[29,"宇陀市","榛原三宮寺"],"6332144":[29,"宇陀市","大宇陀栗野"],"6332304":[29,"吉野郡東吉野村","杉谷"],"6332443":[29,"吉野郡東吉野村","麦谷"],"6332133":[29,"宇陀市","大宇陀上品"],"6330246":[29,"宇陀市","榛原柳"],"6330208":[29,"宇陀市","榛原額井"],"6330108":[29,"桜井市","滝倉"],"6330102":[29,"桜井市","三谷"],"6330256":[29,"宇陀市","榛原あかね台"],"6332312":[29,"吉野郡東吉野村","伊豆尾"],"6330421":[29,"宇陀市","室生"],"6332164":[29,"宇陀市","大宇陀拾生"],"6330312":[29,"宇陀市","室生西谷"],"6330068":[29,"桜井市","東新堂"],"6330425":[29,"宇陀市","室生黒岩"],"6332226":[29,"宇陀市","菟田野古市場"],"6330232":[29,"宇陀市","榛原池上"],"6330034":[29,"桜井市","北山"],"6330041":[29,"桜井市","上之宮"],"6332139":[29,"宇陀市","大宇陀山口"],"6330241":[29,"宇陀市","榛原下井足"],"6331303":[29,"宇陀郡御杖村","土屋原"],"6332177":[29,"宇陀市","大宇陀下出口"],"6330043":[29,"桜井市","高田"],"6330086":[29,"桜井市","江包"],"6330016":[29,"桜井市","竜谷"],"6330201":[29,"宇陀市","榛原戒場"],"6330133":[29,"桜井市","笠"],"6332135":[29,"宇陀市","大宇陀東平尾"],"6330244":[29,"宇陀市","榛原安田"],"6330074":[29,"桜井市","芝"],"6332204":[29,"宇陀市","菟田野大澤"],"6332106":[29,"宇陀市","大宇陀馬取柿"],"6332432":[29,"吉野郡東吉野村","木津川"],"6331202":[29,"宇陀郡曽爾村","太良路"],"6332222":[29,"宇陀市","菟田野駒帰"],"6331211":[29,"宇陀郡曽爾村","塩井"],"6330105":[29,"桜井市","白木"],"6330006":[29,"桜井市","赤尾"],"6332114":[29,"宇陀市","大宇陀春日"],"6331300":[29,"宇陀郡御杖村",""],"6330211":[29,"宇陀市","榛原荷阪"],"6330001":[29,"桜井市","三輪"],"6332212":[29,"宇陀市","菟田野下芳野"],"6331214":[29,"宇陀郡曽爾村","長野"],"6330121":[29,"桜井市","白河"],"6332174":[29,"宇陀市","大宇陀上"],"6330254":[29,"宇陀市","榛原高萩台"],"6330101":[29,"桜井市","小夫"],"6332125":[29,"宇陀市","大宇陀守道"],"6330223":[29,"宇陀市","榛原石田"],"6332154":[29,"宇陀市","大宇陀宮奥"],"6332162":[29,"宇陀市","大宇陀出新"],"6332112":[29,"宇陀市","大宇陀小附"],"6330055":[29,"桜井市","安倍木材団地"],"6332116":[29,"宇陀市","大宇陀岩室"],"6330061":[29,"桜井市","上之庄"],"6330317":[29,"宇陀市","室生三本松"],"6330106":[29,"桜井市","萱森"],"6330314":[29,"宇陀市","室生砥取"],"6332424":[29,"吉野郡東吉野村","中黒"],"6330021":[29,"桜井市","倉橋"],"6330111":[29,"桜井市","吉隠"],"6332441":[29,"吉野郡東吉野村","狭戸"],"6330078":[29,"桜井市","豊前"],"6330245":[29,"宇陀市","榛原笠間"],"6332107":[29,"宇陀市","大宇陀嬉河原"],"6332423":[29,"吉野郡東吉野村","小栗栖"],"6332301":[29,"吉野郡東吉野村","滝野"],"6330015":[29,"桜井市","下り尾"],"6330423":[29,"宇陀市","室生田口元角川"],"6332179":[29,"宇陀市","大宇陀下本"],"6332225":[29,"宇陀市","菟田野稲戸"],"6332400":[29,"吉野郡東吉野村",""],"6330065":[29,"桜井市","吉備"],"6331216":[29,"宇陀郡曽爾村","山粕"],"6332202":[29,"宇陀市","菟田野大神"],"6332122":[29,"宇陀市","大宇陀調子"],"6330204":[29,"宇陀市","榛原福地"],"6331301":[29,"宇陀郡御杖村","神末"],"6330132":[29,"桜井市","和田"],"6330026":[29,"桜井市","飯盛塚"],"6332137":[29,"宇陀市","大宇陀下片岡"],"6330242":[29,"宇陀市","榛原篠楽"],"6330311":[29,"宇陀市","室生龍口"],"6331212":[29,"宇陀郡曽爾村","今井"],"6330071":[29,"桜井市","穴師"],"6332223":[29,"宇陀市","菟田野宇賀志"],"6332313":[29,"吉野郡東吉野村","日裏"],"6330251":[29,"宇陀市","榛原ひのき坂"],"6330024":[29,"桜井市","針道"],"6331201":[29,"宇陀郡曽爾村","伊賀見"],"6332151":[29,"宇陀市","大宇陀大東"],"6330081":[29,"桜井市","草川"],"6330013":[29,"桜井市","岩坂"],"6332104":[29,"宇陀市","大宇陀口今井"],"6330052":[29,"桜井市","浅古"],"6330046":[29,"桜井市","池之内"],"6332132":[29,"宇陀市","大宇陀下品"],"6332102":[29,"宇陀市","大宇陀平尾"],"6330083":[29,"桜井市","辻"],"6330206":[29,"宇陀市","榛原天満台西"],"6332141":[29,"宇陀市","大宇陀上片岡"],"6330004":[29,"桜井市","朝倉台西"],"6332165":[29,"宇陀市","大宇陀中庄"],"6330077":[29,"桜井市","大西"],"6332421":[29,"吉野郡東吉野村","小川"],"6330063":[29,"桜井市","川合"],"6332203":[29,"宇陀市","菟田野見田"],"6332303":[29,"吉野郡東吉野村","平野"],"6330017":[29,"桜井市","慈恩寺"],"6332176":[29,"宇陀市","大宇陀小出口"],"6332213":[29,"宇陀市","菟田野上芳野"],"6330103":[29,"桜井市","小夫嵩方"],"6330087":[29,"桜井市","大豆越"],"6330035":[29,"桜井市","今井谷"],"6330212":[29,"宇陀市","榛原高井"],"6330073":[29,"桜井市","茅原"],"6330002":[29,"桜井市","金屋"],"6330424":[29,"宇陀市","室生田口元上田口"],"6332171":[29,"宇陀市","大宇陀上茶"],"6330051":[29,"桜井市","河西"],"6330025":[29,"桜井市","八井内"],"6330007":[29,"桜井市","外山"],"6332142":[29,"宇陀市","大宇陀田原"],"6332131":[29,"宇陀市","大宇陀和田"],"6330082":[29,"桜井市","巻野内"],"6330104":[29,"桜井市","芹井"],"6330253":[29,"宇陀市","榛原萩原"],"6332227":[29,"宇陀市","菟田野岩崎"],"6332224":[29,"宇陀市","菟田野佐倉"],"6330032":[29,"桜井市","多武峰"],"6330233":[29,"宇陀市","榛原福西"],"6330231":[29,"宇陀市","榛原足立"],"6330085":[29,"桜井市","東田"],"6330075":[29,"桜井市","新屋敷"],"6332163":[29,"宇陀市","大宇陀万六"],"6332221":[29,"宇陀市","菟田野松井"],"6332138":[29,"宇陀市","大宇陀白鳥居"],"6331215":[29,"宇陀郡曽爾村","掛"],"6330012":[29,"桜井市","狛"],"6330203":[29,"宇陀市","榛原長峯"],"6330048":[29,"桜井市","生田"],"6332111":[29,"宇陀市","大宇陀内原"],"6331304":[29,"宇陀郡御杖村","桃俣"],"6332431":[29,"吉野郡東吉野村","小"],"6332211":[29,"宇陀市","菟田野入谷"],"6330011":[29,"桜井市","黒崎"],"6330202":[29,"宇陀市","榛原山辺三"],"6330221":[29,"宇陀市","榛原萩乃里"],"6332134":[29,"宇陀市","大宇陀小和田"],"6332105":[29,"宇陀市","大宇陀麻生田"],"6332143":[29,"宇陀市","大宇陀牧"],"6330315":[29,"宇陀市","室生大野"],"6330064":[29,"桜井市","戒重"],"6330313":[29,"宇陀市","室生瀧谷"],"6330207":[29,"宇陀市","榛原赤瀬"],"6330236":[29,"宇陀市","榛原母里"],"6330217":[29,"宇陀市","榛原自明"],"6332161":[29,"宇陀市","大宇陀上新"],"6332178":[29,"宇陀市","大宇陀下中"],"6331203":[29,"宇陀郡曽爾村","葛"],"6332444":[29,"吉野郡東吉野村","大又"],"6330018":[29,"桜井市","脇本"],"6332152":[29,"宇陀市","大宇陀関戸"],"6330225":[29,"宇陀市","榛原大貝"],"6332205":[29,"宇陀市","菟田野別所"],"6330215":[29,"宇陀市","榛原内牧"],"6332156":[29,"宇陀市","大宇陀本郷"],"6330200":[29,"宇陀市",""],"6330213":[29,"宇陀市","榛原赤埴"],"6330243":[29,"宇陀市","榛原雨師"],"6330042":[29,"桜井市","下"],"6332155":[29,"宇陀市","大宇陀黒木"],"6332201":[29,"宇陀市","菟田野平井"],"6330257":[29,"宇陀市","榛原榛見が丘"],"6332101":[29,"宇陀市","大宇陀五津"],"6330224":[29,"宇陀市","榛原山路"],"6330422":[29,"宇陀市","室生下田口"],"6330084":[29,"桜井市","太田"],"6330054":[29,"桜井市","阿部"],"6331213":[29,"宇陀郡曽爾村","小長尾"],"6332442":[29,"吉野郡東吉野村","大豆生"],"6330112":[29,"桜井市","初瀬"],"6330066":[29,"桜井市","西之宮"],"6330226":[29,"宇陀市","榛原澤"],"6330131":[29,"桜井市","修理枝"],"6330079":[29,"桜井市","豊田"],"6332170":[29,"宇陀市","大宇陀下茶"],"6330216":[29,"宇陀市","榛原八滝"],"6330218":[29,"宇陀市","榛原檜牧"],"6331200":[29,"宇陀郡曽爾村",""],"6330062":[29,"桜井市","粟殿"],"6330228":[29,"宇陀市","榛原栗谷"],"6332108":[29,"宇陀市","大宇陀半阪"],"6330235":[29,"宇陀市","榛原比布"],"6332173":[29,"宇陀市","大宇陀上中"],"6330045":[29,"桜井市","山田"],"6330107":[29,"桜井市","中谷"],"6330000":[29,"桜井市",""],"6330044":[29,"桜井市","高家"],"6332153":[29,"宇陀市","大宇陀下宮奥"],"6330252":[29,"宇陀市","榛原桜が丘"],"6332126":[29,"宇陀市","大宇陀岩清水"],"6330023":[29,"桜井市","南音羽"],"6330022":[29,"桜井市","北音羽"],"6332311":[29,"吉野郡東吉野村","木津"],"6330005":[29,"桜井市","忍阪"],"6330222":[29,"宇陀市","榛原上井足"],"6332124":[29,"宇陀市","大宇陀才ケ辻"],"6332175":[29,"宇陀市","大宇陀中新"],"6330205":[29,"宇陀市","榛原天満台東"],"6330122":[29,"桜井市","出雲"],"6332103":[29,"宇陀市","大宇陀野依"],"6330028":[29,"桜井市","百市"],"6330214":[29,"宇陀市","榛原諸木野"],"6332314":[29,"吉野郡東吉野村","萩原"],"6330053":[29,"桜井市","谷"],"6332121":[29,"宇陀市","大宇陀塚脇"],"6330027":[29,"桜井市","鹿路"],"6330014":[29,"桜井市","粟原"],"6330047":[29,"桜井市","橋本"],"6332113":[29,"宇陀市","大宇陀下竹"],"6332117":[29,"宇陀市","大宇陀芝生"],"6332433":[29,"吉野郡東吉野村","三尾"],"6332214":[29,"宇陀市","菟田野岩端"],"6330072":[29,"桜井市","箸中"],"6330255":[29,"宇陀市","榛原角柄"],"6330003":[29,"桜井市","朝倉台東"],"6331302":[29,"宇陀郡御杖村","菅野"],"6332115":[29,"宇陀市","大宇陀西山"]}
