{"9500141":[15,"新潟市江南区","亀田工業団地"],"9500813":[15,"新潟市東区","大形本町"],"9500046":[15,"新潟市東区","浜町"],"9502146":[15,"新潟市西区","金巻新田"],"9502152":[15,"新潟市西区","五十嵐下崎山"],"9501258":[15,"新潟市南区","吉江"],"9500836":[15,"新潟市東区","東中野山"],"9502033":[15,"新潟市西区","亀貝"],"9500802":[15,"新潟市東区","一日市"],"9500015":[15,"新潟市東区","河渡庚"],"9500087":[15,"新潟市中央区","東大通"],"9500867":[15,"新潟市東区","竹尾卸新町"],"9500137":[15,"新潟市江南区","城山"],"9500834":[15,"新潟市東区","石山団地"],"9500326":[15,"新潟市江南区","上和田"],"9500206":[15,"新潟市江南区","木津"],"9501467":[15,"新潟市南区","東萱場"],"9500052":[15,"新潟市東区","秋葉通"],"9502052":[15,"新潟市西区","寺尾"],"9502028":[15,"新潟市西区","小新南"],"9501124":[15,"新潟市西区","緒立流通"],"9501234":[15,"新潟市南区","根岸"],"9500166":[15,"新潟市江南区","旭"],"9501111":[15,"新潟市西区","大野町"],"9503360":[15,"新潟市北区","小杉"],"9501245":[15,"新潟市南区","新山崎町"],"9500917":[15,"新潟市中央区","天神"],"9500002":[15,"新潟市東区","根室新町"],"9500892":[15,"新潟市東区","寺山"],"9502133":[15,"新潟市西区","前野外新田"],"9500961":[15,"新潟市中央区","東出来島"],"9501251":[15,"新潟市南区","居宿"],"9500147":[15,"新潟市江南区","長潟"],"9500032":[15,"新潟市東区","河渡甲"],"9501208":[15,"新潟市南区","杉菜"],"9501477":[15,"新潟市南区","田中"],"9502111":[15,"新潟市西区","大学南"],"9502122":[15,"新潟市西区","高山"],"9501144":[15,"新潟市中央区","祖父興野"],"9503342":[15,"新潟市北区","美里"],"9503374":[15,"新潟市北区","仏伝"],"9500212":[15,"新潟市江南区","茜ケ丘"],"9500134":[15,"新潟市江南区","曙町"],"9503366":[15,"新潟市北区","三ツ屋"],"9500026":[15,"新潟市東区","小金町"],"9500933":[15,"新潟市中央区","清五郎"],"9502073":[15,"新潟市西区","有明町"],"9503306":[15,"新潟市北区","内島見"],"9500150":[15,"新潟市江南区","下早通柳田"],"9501345":[15,"新潟市西蒲区","羽黒"],"9501476":[15,"新潟市南区","平成町"],"9500033":[15,"新潟市東区","河渡新町"],"9502036":[15,"新潟市西区","新通西"],"9500971":[15,"新潟市中央区","近江"],"9500921":[15,"新潟市中央区","京王"],"9500835":[15,"新潟市東区","猿ケ馬場"],"9501212":[15,"新潟市南区","七軒"],"9500981":[15,"新潟市中央区","堀之内"],"9501403":[15,"新潟市南区","犬帰新田"],"9500942":[15,"新潟市中央区","小張木"],"9502171":[15,"新潟市西区","五十嵐三の町"],"9501415":[15,"新潟市南区","引越"],"9501135":[15,"新潟市江南区","曽野木"],"9500907":[15,"新潟市中央区","幸町"],"9500905":[15,"新潟市中央区","天神尾"],"9501452":[15,"新潟市南区","古川新田"],"9503337":[15,"新潟市北区","里飯野"],"9500073":[15,"新潟市中央区","日の出"],"9503341":[15,"新潟市北区","川西"],"9501311":[15,"新潟市南区","木滑"],"9502062":[15,"新潟市西区","寺尾中央公園"],"9501333":[15,"新潟市西蒲区","潟浦新"],"9501322":[15,"新潟市西蒲区","六分"],"9501103":[15,"新潟市西区","立仏"],"9501246":[15,"新潟市南区","下山崎"],"9503376":[15,"新潟市北区","早通北"],"9503363":[15,"新潟市北区","大久保"],"9501332":[15,"新潟市西蒲区","長場"],"9500803":[15,"新潟市東区","中興野"],"9500821":[15,"新潟市東区","岡山"],"9501123":[15,"新潟市西区","黒鳥"],"9500146":[15,"新潟市江南区","丸潟"],"9501105":[15,"新潟市西区","ときめき東"],"9501241":[15,"新潟市南区","下塩俵"],"9500871":[15,"新潟市東区","山木戸"],"9503307":[15,"新潟市北区","樋ノ入"],"9501314":[15,"新潟市南区","東長嶋"],"9500872":[15,"新潟市東区","牡丹山"],"9503336":[15,"新潟市北区","岡新田"],"9501209":[15,"新潟市南区","親和町"],"9501442":[15,"新潟市南区","鋳物師興野"],"9500103":[15,"新潟市江南区","蔵岡"],"9500854":[15,"新潟市東区","南紫竹"],"9500949":[15,"新潟市中央区","桜木町"],"9500327":[15,"新潟市江南区","和田"],"9502261":[15,"新潟市西区","赤塚"],"9500132":[15,"新潟市江南区","砂岡"],"9502045":[15,"新潟市西区","五十嵐東"],"9500003":[15,"新潟市東区","下山"],"9500812":[15,"新潟市東区","豊"],"9501214":[15,"新潟市南区","上下諏訪木"],"9501201":[15,"新潟市南区","大通"],"9501106":[15,"新潟市西区","ときめき西"],"9501132":[15,"新潟市中央区","丸潟新田"],"9502151":[15,"新潟市西区","内野西"],"9502134":[15,"新潟市西区","保古野木"],"9502021":[15,"新潟市西区","小針藤山"],"9501233":[15,"新潟市南区","保坂"],"9500081":[15,"新潟市中央区","三和町"],"9500893":[15,"新潟市東区","はなみずき"],"9502155":[15,"新潟市西区","五十嵐上崎山"],"9500972":[15,"新潟市中央区","新和"],"9500148":[15,"新潟市江南区","東早通"],"9502147":[15,"新潟市西区","道河原"],"9500167":[15,"新潟市江南区","五月町"],"9500074":[15,"新潟市中央区","鏡が岡"],"9501327":[15,"新潟市西蒲区","中之口"],"9502061":[15,"新潟市西区","寺尾北"],"9500057":[15,"新潟市東区","山の下町"],"9501347":[15,"新潟市西蒲区","姥島"],"9502138":[15,"新潟市西区","藤野木"],"9501202":[15,"新潟市南区","大通南"],"9500136":[15,"新潟市江南区","城所"],"9500324":[15,"新潟市江南区","酒屋町"],"9502264":[15,"新潟市西区","みずき野"],"9500075":[15,"新潟市中央区","沼垂東"],"9502035":[15,"新潟市西区","新通"],"9500941":[15,"新潟市中央区","女池"],"9503343":[15,"新潟市北区","上土地亀"],"9503367":[15,"新潟市北区","高森"],"9502172":[15,"新潟市西区","内野上新町"],"9500841":[15,"新潟市東区","中野山"],"9500022":[15,"新潟市東区","幸栄"],"9500983":[15,"新潟市中央区","神道寺"],"9500201":[15,"新潟市江南区","駒込"],"9500207":[15,"新潟市江南区","二本木"],"9501445":[15,"新潟市南区","菱潟新田"],"9500014":[15,"新潟市東区","松崎"],"9500168":[15,"新潟市江南区","早通"],"9501221":[15,"新潟市南区","神屋"],"9503301":[15,"新潟市北区","笹山"],"9500027":[15,"新潟市東区","松和町"],"9500047":[15,"新潟市東区","臨海町"],"9500135":[15,"新潟市江南区","所島"],"9500065":[15,"新潟市東区","東新町"],"9500982":[15,"新潟市中央区","堀之内南"],"9502102":[15,"新潟市西区","五十嵐二の町"],"9502074":[15,"新潟市西区","真砂"],"9501143":[15,"新潟市中央区","俵柳"],"9501451":[15,"新潟市南区","真木"],"9501346":[15,"新潟市西蒲区","真木"],"9501421":[15,"新潟市南区","中山"],"9500992":[15,"新潟市中央区","上所上"],"9501416":[15,"新潟市南区","西笠巻"],"9502177":[15,"新潟市西区","五十嵐三の町中"],"9500211":[15,"新潟市江南区","横越川根町"],"9501411":[15,"新潟市南区","赤渋"],"9501321":[15,"新潟市西蒲区","針ケ曽根"],"9500908":[15,"新潟市中央区","幸西"],"9503327":[15,"新潟市北区","石動"],"9503358":[15,"新潟市北区","灰塚"],"9501223":[15,"新潟市南区","白根日の出町"],"9502005":[15,"新潟市西区","青山水道"],"9500113":[15,"新潟市江南区","西山"],"9500214":[15,"新潟市江南区","うぐいす"],"9501461":[15,"新潟市南区","平潟"],"9503362":[15,"新潟市北区","高森新田"],"9501472":[15,"新潟市南区","浦梨"],"9501435":[15,"新潟市南区","万年"],"9500954":[15,"新潟市中央区","美咲町"],"9500906":[15,"新潟市中央区","東幸町"],"9501443":[15,"新潟市南区","菱潟"],"9501262":[15,"新潟市南区","西白根"],"9501301":[15,"新潟市南区","下曲通"],"9500144":[15,"新潟市江南区","茅野山"],"9500012":[15,"新潟市東区","有楽"],"9502142":[15,"新潟市西区","内野戸中才"],"9502015":[15,"新潟市西区","西小針台"],"9501446":[15,"新潟市南区","庄瀬"],"9500061":[15,"新潟市東区","月見町"],"9501215":[15,"新潟市南区","助次右エ門組"],"9501462":[15,"新潟市南区","蔵主"],"9500133":[15,"新潟市江南区","砂崩"],"9501126":[15,"新潟市西区","北場"],"9501474":[15,"新潟市南区","上木山"],"9502022":[15,"新潟市西区","小針"],"9500328":[15,"新潟市江南区","舞潟"],"9503350":[15,"新潟市北区","横越"],"9500105":[15,"新潟市江南区","大淵"],"9500102":[15,"新潟市北区","細山"],"9503101":[15,"新潟市北区","太郎代"],"9500215":[15,"新潟市江南区","平山"],"9502004":[15,"新潟市西区","平島"],"9501115":[15,"新潟市西区","鳥原"],"9501136":[15,"新潟市中央区","曽川"],"9503132":[15,"新潟市北区","松潟"],"9501253":[15,"新潟市南区","大倉新田"],"9503373":[15,"新潟市北区","須戸"],"9501348":[15,"新潟市西蒲区","打越"],"9501211":[15,"新潟市南区","白根古川"],"9501203":[15,"新潟市南区","大通黄金"],"9502124":[15,"新潟市西区","田潟"],"9502131":[15,"新潟市西区","早潟"],"9500204":[15,"新潟市江南区","横越"],"9503339":[15,"新潟市北区","新鼻乙"],"9500076":[15,"新潟市中央区","沼垂西"],"9502075":[15,"新潟市西区","松海が丘"],"9500931":[15,"新潟市中央区","南長潟"],"9503125":[15,"新潟市北区","松浜本町"],"9500004":[15,"新潟市東区","新川町"],"9501232":[15,"新潟市南区","十五間"],"9500321":[15,"新潟市江南区","割野"],"9502256":[15,"新潟市西区","山崎"],"9500884":[15,"新潟市東区","榎"],"9500984":[15,"新潟市中央区","女池東"],"9500916":[15,"新潟市中央区","米山"],"9500145":[15,"新潟市中央区","亀田早通"],"9501146":[15,"新潟市中央区","太右エ門新田"],"9501328":[15,"新潟市西蒲区","門田"],"9503308":[15,"新潟市北区","下大谷内"],"9502201":[15,"新潟市西区","四ツ郷屋"],"9502038":[15,"新潟市西区","新通南"],"9503365":[15,"新潟市北区","太子堂"],"9500129":[15,"新潟市江南区","三條岡"],"9500804":[15,"新潟市東区","本所"],"9500864":[15,"新潟市東区","紫竹"],"9502262":[15,"新潟市西区","藤蔵新田"],"9500164":[15,"新潟市江南区","亀田本町"],"9501305":[15,"新潟市南区","大別當"],"9503102":[15,"新潟市北区","島見町"],"9503302":[15,"新潟市北区","浜浦"],"9500024":[15,"新潟市東区","河渡"],"9500005":[15,"新潟市東区","太平"],"9501407":[15,"新潟市南区","鷲ノ木新田"],"9500154":[15,"新潟市江南区","荻曽根"],"9500088":[15,"新潟市中央区","万代"],"9501432":[15,"新潟市南区","十二道島"],"9501312":[15,"新潟市南区","釣寄新"],"9501255":[15,"新潟市南区","山王"],"9500932":[15,"新潟市中央区","長潟"],"9501125":[15,"新潟市西区","流通"],"9502132":[15,"新潟市西区","小瀬"],"9501325":[15,"新潟市西蒲区","小吉"],"9500213":[15,"新潟市江南区","木津工業団地"],"9502253":[15,"新潟市西区","木山"],"9501475":[15,"新潟市南区","戸頭"],"9503356":[15,"新潟市北区","山飯野"],"9500944":[15,"新潟市中央区","愛宕"],"9500013":[15,"新潟市東区","白銀"],"9502136":[15,"新潟市西区","勘助郷屋"],"9502006":[15,"新潟市西区","青山新町"],"9500805":[15,"新潟市東区","石動"],"9500062":[15,"新潟市東区","錦町"],"9502023":[15,"新潟市西区","小新"],"9500045":[15,"新潟市東区","神明町"],"9501134":[15,"新潟市江南区","天野"],"9501231":[15,"新潟市南区","小坂"],"9500809":[15,"新潟市東区","柳ケ丘"],"9503372":[15,"新潟市北区","早通"],"9503359":[15,"新潟市北区","十二前"],"9501216":[15,"新潟市南区","白根ノ内七軒"],"9502156":[15,"新潟市西区","内野関場"],"9501331":[15,"新潟市西蒲区","東中"],"9500115":[15,"新潟市江南区","丸山"],"9502123":[15,"新潟市西区","笠木"],"9500329":[15,"新潟市江南区","平賀"],"9500112":[15,"新潟市江南区","松山"],"9500130":[15,"新潟市江南区","砂山"],"9500814":[15,"新潟市東区","逢谷内"],"9501414":[15,"新潟市南区","小蔵子"],"9503326":[15,"新潟市北区","柳原"],"9503375":[15,"新潟市北区","早通南"],"9502051":[15,"新潟市西区","寺尾朝日通"],"9502003":[15,"新潟市西区","東青山"],"9502041":[15,"新潟市西区","坂井東"],"9503131":[15,"新潟市北区","濁川"],"9500077":[15,"新潟市中央区","天明町"],"9500055":[15,"新潟市東区","北葉町"],"9501453":[15,"新潟市南区","兎新田"],"9503134":[15,"新潟市北区","新崎"],"9500953":[15,"新潟市中央区","大島"],"9500116":[15,"新潟市東区","北山"],"9503316":[15,"新潟市北区","鳥屋"],"9500067":[15,"新潟市東区","大山"],"9502076":[15,"新潟市西区","上新栄町"],"9501433":[15,"新潟市南区","次郎右エ門興野"],"9501145":[15,"新潟市中央区","久蔵興野"],"9500915":[15,"新潟市中央区","鐙西"],"9500885":[15,"新潟市東区","下木戸"],"9502125":[15,"新潟市西区","中野小屋"],"9503357":[15,"新潟市北区","平林"],"9500031":[15,"新潟市東区","船江町"],"9501422":[15,"新潟市南区","堀掛"],"9503309":[15,"新潟市北区","北陽"],"9500155":[15,"新潟市江南区","泉町"],"9500865":[15,"新潟市中央区","本馬越"],"9501406":[15,"新潟市南区","東笠巻新田"],"9502014":[15,"新潟市西区","小針西"],"9500165":[15,"新潟市江南区","西町"],"9500149":[15,"新潟市江南区","下早通"],"9501204":[15,"新潟市南区","大通西"],"9501304":[15,"新潟市南区","月潟"],"9501349":[15,"新潟市西蒲区","牧ケ島"],"9502141":[15,"新潟市西区","内野潟端"],"9500085":[15,"新潟市中央区","長嶺町"],"9501247":[15,"新潟市南区","山崎興野"],"9501341":[15,"新潟市西蒲区","道上"],"9503338":[15,"新潟市北区","長場"],"9501104":[15,"新潟市西区","寺地"],"9500926":[15,"新潟市中央区","高志"],"9503103":[15,"新潟市北区","白勢町"],"9502255":[15,"新潟市西区","神山"],"9502254":[15,"新潟市西区","東山"],"9500107":[15,"新潟市江南区","三百地"],"9500851":[15,"新潟市東区","新石山"],"9503325":[15,"新潟市北区","白新町"],"9500943":[15,"新潟市中央区","女池神明"],"9500985":[15,"新潟市中央区","和合町"],"9503352":[15,"新潟市北区","長戸呂新田"],"9500806":[15,"新潟市東区","海老ケ瀬"],"9501222":[15,"新潟市南区","白根東町"],"9501225":[15,"新潟市南区","七軒町"],"9500025":[15,"新潟市東区","藤見町"],"9500126":[15,"新潟市江南区","東本町"],"9501254":[15,"新潟市南区","七穂"],"9500016":[15,"新潟市東区","河渡本町"],"9500904":[15,"新潟市中央区","水島町"],"9500323":[15,"新潟市江南区","嘉瀬"],"9502175":[15,"新潟市西区","五十嵐三の町南"],"9501102":[15,"新潟市西区","善久"],"9502037":[15,"新潟市西区","大野"],"9501326":[15,"新潟市西蒲区","東船越"],"9500123":[15,"新潟市江南区","亀田水道町"],"9501441":[15,"新潟市南区","蜘手興野"],"9500131":[15,"新潟市江南区","袋津"],"9500824":[15,"新潟市東区","中島"],"9500868":[15,"新潟市東区","紫竹卸新町"],"9500084":[15,"新潟市中央区","明石"],"9500205":[15,"新潟市江南区","沢海"],"9500064":[15,"新潟市東区","松島"],"9501200":[15,"新潟市南区",""],"9500127":[15,"新潟市江南区","諏訪"],"9503303":[15,"新潟市北区","横土居"],"9503104":[15,"新潟市北区","東栄町"],"9500952":[15,"新潟市中央区","親松"],"9501131":[15,"新潟市中央区","鍋潟新田"],"9500142":[15,"新潟市江南区","泥潟"],"9502042":[15,"新潟市西区","坂井"],"9501244":[15,"新潟市南区","上塩俵"],"9503317":[15,"新潟市北区","かぶとやま"],"9500053":[15,"新潟市東区","宝町"],"9501423":[15,"新潟市南区","中小見"],"9500925":[15,"新潟市中央区","弁天橋通"],"9500043":[15,"新潟市東区","臨港"],"9502024":[15,"新潟市西区","小新西"],"9500056":[15,"新潟市東区","古川町"],"9501114":[15,"新潟市西区","小平方"],"9500078":[15,"新潟市中央区","万代島"],"9501243":[15,"新潟市南区","松橋"],"9501473":[15,"新潟市南区","下木山"],"9502013":[15,"新潟市西区","小針が丘"],"9501303":[15,"新潟市南区","西萱場"],"9501217":[15,"新潟市南区","白根"],"9502137":[15,"新潟市西区","小見郷屋"],"9502032":[15,"新潟市西区","的場流通"],"9503364":[15,"新潟市北区","大迎"],"9500886":[15,"新潟市東区","中木戸"],"9500086":[15,"新潟市中央区","花園"],"9502161":[15,"新潟市西区","五十嵐西"],"9500138":[15,"新潟市江南区","日水"],"9502054":[15,"新潟市西区","寺尾東"],"9503311":[15,"新潟市北区","横井"],"9501437":[15,"新潟市南区","鍋潟"],"9500862":[15,"新潟市東区","竹尾"],"9503127":[15,"新潟市北区","松浜みなと"],"9501342":[15,"新潟市西蒲区","河間"],"9500914":[15,"新潟市東区","紫竹山"],"9500035":[15,"新潟市東区","平和町"],"9501148":[15,"新潟市中央区","上沼"],"9500104":[15,"新潟市江南区","笹山"],"9501426":[15,"新潟市南区","新生町"],"9500106":[15,"新潟市東区","西野"],"9501141":[15,"新潟市中央区","鐘木"],"9501404":[15,"新潟市南区","大郷"],"9500946":[15,"新潟市中央区","女池西"],"9501302":[15,"新潟市南区","上曲通"],"9503351":[15,"新潟市北区","大瀬柳"],"9501457":[15,"新潟市南区","清水"],"9502121":[15,"新潟市西区","槇尾"],"9500903":[15,"新潟市中央区","春日町"],"9502251":[15,"新潟市西区","中権寺"],"9503135":[15,"新潟市北区","つくし野"],"9500083":[15,"新潟市中央区","蒲原町"],"9501218":[15,"新潟市南区","白根魚町"],"9500163":[15,"新潟市江南区","東船場"],"9502144":[15,"新潟市西区","曽和"],"9502162":[15,"新潟市西区","五十嵐中島"],"9503331":[15,"新潟市北区","新鼻"],"9501434":[15,"新潟市南区","櫛笥"],"9500111":[15,"新潟市江南区","直り山"],"9501257":[15,"新潟市南区","吉田新田"],"9500986":[15,"新潟市中央区","神道寺南"],"9501127":[15,"新潟市西区","大潟"],"9502154":[15,"新潟市西区","内野潟向"],"9501447":[15,"新潟市南区","飯島"],"9500913":[15,"新潟市中央区","鐙"],"9501455":[15,"新潟市南区","新飯田"],"9500993":[15,"新潟市中央区","上所中"],"9501463":[15,"新潟市南区","平潟新田"],"9500153":[15,"新潟市江南区","船戸山"],"9500825":[15,"新潟市東区","児池"],"9501252":[15,"新潟市南区","大倉"],"9500021":[15,"新潟市東区","物見山"],"9503124":[15,"新潟市北区","三軒屋町"],"9500807":[15,"新潟市東区","木工新町"],"9503105":[15,"新潟市北区","新富町"],"9501236":[15,"新潟市南区","高井東"],"9502143":[15,"新潟市西区","内野早角"],"9501101":[15,"新潟市西区","山田"],"9503115":[15,"新潟市北区","松浜新町"],"9502176":[15,"新潟市西区","五十嵐三の町北"],"9500965":[15,"新潟市中央区","新光町"],"9500156":[15,"新潟市江南区","早苗"],"9503111":[15,"新潟市北区","太夫浜新町"],"9500036":[15,"新潟市東区","空港西"],"9501464":[15,"新潟市南区","下道潟"],"9503324":[15,"新潟市北区","前新田"],"9502031":[15,"新潟市西区","流通センター"],"9503126":[15,"新潟市北区","松浜"],"9502026":[15,"新潟市西区","小針南台"],"9500114":[15,"新潟市江南区","茗荷谷"],"9501323":[15,"新潟市西蒲区","東小吉"],"9503314":[15,"新潟市北区","村新田"],"9501343":[15,"新潟市西蒲区","三ツ門"],"9502044":[15,"新潟市西区","坂井砂山"],"9500808":[15,"新潟市東区","海老ケ瀬新町"],"9500044":[15,"新潟市東区","古湊町"],"9503312":[15,"新潟市北区","笠柳"],"9501151":[15,"新潟市中央区","湖南"],"9503133":[15,"新潟市北区","すみれ野"],"9503381":[15,"新潟市北区","内沼沖"],"9503114":[15,"新潟市北区","名目所"],"9502043":[15,"新潟市西区","須賀"],"9500863":[15,"新潟市東区","卸新町"],"9500202":[15,"新潟市江南区","藤山"],"9500924":[15,"新潟市中央区","美の里"],"9500901":[15,"新潟市中央区","弁天"],"9500000":[15,"新潟市北区",""],"9501401":[15,"新潟市南区","獺ヶ通"],"9502053":[15,"新潟市西区","寺尾前通"],"9501424":[15,"新潟市南区","下八枚"],"9501147":[15,"新潟市中央区","高美町"],"9502025":[15,"新潟市西区","小針南"],"9500122":[15,"新潟市江南区","稲葉"],"9500121":[15,"新潟市江南区","亀田向陽"],"9503355":[15,"新潟市北区","上堀田"],"9500883":[15,"新潟市東区","鴎島町"],"9500945":[15,"新潟市中央区","女池上山"],"9501133":[15,"新潟市中央区","嘉木"],"9501142":[15,"新潟市江南区","楚川"],"9500912":[15,"新潟市中央区","南笹口"],"9500034":[15,"新潟市東区","浜谷町"],"9500066":[15,"新潟市東区","長者町"],"9503377":[15,"新潟市北区","彩野"],"9502064":[15,"新潟市西区","寺尾西"],"9500948":[15,"新潟市中央区","女池南"],"9500152":[15,"新潟市江南区","亀田緑町"],"9502173":[15,"新潟市西区","五十嵐三の町東"],"9500139":[15,"新潟市江南区","手代山"],"9501242":[15,"新潟市南区","中塩俵"],"9501256":[15,"新潟市南区","山王新田"],"9503323":[15,"新潟市北区","東栄町"],"9503121":[15,"新潟市北区","松浜町"],"9501313":[15,"新潟市南区","釣寄"],"9503333":[15,"新潟市北区","内沼"],"9500891":[15,"新潟市東区","上木戸"],"9503315":[15,"新潟市北区","朝日町"],"9501405":[15,"新潟市南区","東笠巻"],"9502012":[15,"新潟市西区","小針台"],"9500832":[15,"新潟市東区","下場新町"],"9503344":[15,"新潟市北区","浦木"],"9502252":[15,"新潟市西区","谷内"],"9503113":[15,"新潟市北区","松栄町"],"9500054":[15,"新潟市東区","秋葉"],"9501237":[15,"新潟市南区","北田中"],"9502113":[15,"新潟市西区","内野山手"],"9500041":[15,"新潟市東区","臨港町"],"9500964":[15,"新潟市中央区","網川原"],"9500082":[15,"新潟市中央区","東万代町"],"9503305":[15,"新潟市北区","浦ノ入"],"9502135":[15,"新潟市西区","明田"],"9500951":[15,"新潟市中央区","鳥屋野"],"9500208":[15,"新潟市江南区","横越中央"],"9500852":[15,"新潟市東区","石山"],"9500162":[15,"新潟市江南区","亀田大月"],"9500169":[15,"新潟市江南区","亀田長潟"],"9501227":[15,"新潟市南区","鰺潟"],"9501113":[15,"新潟市西区","鳥原新田"],"9501454":[15,"新潟市南区","上新田"],"9503321":[15,"新潟市北区","葛塚"],"9503328":[15,"新潟市北区","前新田沖"],"9503116":[15,"新潟市北区","神谷内"],"9500124":[15,"新潟市江南区","亀田東町"],"9501465":[15,"新潟市南区","上道潟"],"9500157":[15,"新潟市中央区","鵜ノ子"],"9500822":[15,"新潟市東区","新岡山"],"9501324":[15,"新潟市西蒲区","高野宮"],"9500011":[15,"新潟市東区","向陽"],"9501471":[15,"新潟市南区","和泉"],"9503304":[15,"新潟市北区","木崎"],"9501344":[15,"新潟市南区","福島"],"9500853":[15,"新潟市東区","東明"],"9500902":[15,"新潟市中央区","南万代町"],"9500071":[15,"新潟市東区","末広町"],"9501226":[15,"新潟市南区","白根四ツ興野"],"9503346":[15,"新潟市北区","下土地亀"],"9500842":[15,"新潟市東区","もえぎ野"],"9501261":[15,"新潟市南区","味方"],"9500051":[15,"新潟市東区","桃山町"],"9500923":[15,"新潟市中央区","姥ケ山"],"9503335":[15,"新潟市北区","上大月"],"9502163":[15,"新潟市西区","新中浜"],"9503368":[15,"新潟市北区","森下"],"9502001":[15,"新潟市西区","浦山"],"9500217":[15,"新潟市江南区","阿賀野"],"9500973":[15,"新潟市中央区","上近江"],"9502055":[15,"新潟市西区","寺尾上"],"9501431":[15,"新潟市南区","上八枚"],"9500203":[15,"新潟市江南区","小杉"],"9503361":[15,"新潟市北区","新井郷"],"9500001":[15,"新潟市東区","松浜町"],"9500325":[15,"新潟市江南区","花ノ牧"],"9501428":[15,"新潟市南区","上浦"],"9500909":[15,"新潟市中央区","八千代"],"9501425":[15,"新潟市南区","戸石"],"9503122":[15,"新潟市北区","西名目所"],"9501412":[15,"新潟市南区","臼井"],"9501417":[15,"新潟市南区","西笠巻新田"],"9500833":[15,"新潟市東区","下場本町"],"9500811":[15,"新潟市東区","材木町"],"9503313":[15,"新潟市北区","太田"],"9502071":[15,"新潟市西区","西有明町"],"9500947":[15,"新潟市中央区","女池北"],"9502063":[15,"新潟市西区","寺尾台"],"9503332":[15,"新潟市北区","新鼻甲"],"9500882":[15,"新潟市東区","王瀬新町"],"9500801":[15,"新潟市東区","津島屋"],"9502027":[15,"新潟市西区","小新大通"],"9502112":[15,"新潟市西区","内野町"],"9500911":[15,"新潟市中央区","笹口"],"9503334":[15,"新潟市北区","大月"],"9500161":[15,"新潟市東区","亀田中島"],"9500991":[15,"新潟市中央区","下所島"],"9503112":[15,"新潟市北区","太夫浜"],"9502034":[15,"新潟市西区","新田"],"9503354":[15,"新潟市北区","十二"],"9501112":[15,"新潟市西区","金巻"],"9502164":[15,"新潟市西区","内野中浜"],"9500210":[15,"新潟市江南区","横越上町"],"9501235":[15,"新潟市南区","高井興野"],"9501466":[15,"新潟市南区","沖新保"],"9501121":[15,"新潟市西区","板井"],"9500063":[15,"新潟市東区","上王瀬町"],"9503345":[15,"新潟市北区","長戸"],"9500209":[15,"新潟市江南区","横越東町"],"9501444":[15,"新潟市南区","牛崎"],"9500023":[15,"新潟市東区","松園"],"9501436":[15,"新潟市南区","田尾"],"9503128":[15,"新潟市北区","松浜東町"],"9500831":[15,"新潟市東区","下場"],"9500855":[15,"新潟市東区","江南"],"9502174":[15,"新潟市西区","五十嵐三の町西"],"9500125":[15,"新潟市江南区","亀田新明町"],"9503369":[15,"新潟市北区","三ツ森川原"],"9500017":[15,"新潟市東区","新松崎"],"9500962":[15,"新潟市中央区","出来島"],"9502011":[15,"新潟市西区","小針上山"],"9502101":[15,"新潟市西区","五十嵐一の町"],"9500963":[15,"新潟市中央区","南出来島"],"9501213":[15,"新潟市南区","能登"],"9500218":[15,"新潟市江南区","いぶき野"],"9500922":[15,"新潟市中央区","山二ツ"],"9500143":[15,"新潟市江南区","元町"],"9500140":[15,"新潟市江南区","梅見台"],"9500042":[15,"新潟市東区","東臨港町"],"9500322":[15,"新潟市江南区","両川"],"9500151":[15,"新潟市江南区","亀田四ツ興野"],"9500843":[15,"新潟市東区","粟山"],"9501122":[15,"新潟市西区","木場"],"9500101":[15,"新潟市東区","江口"],"9502263":[15,"新潟市西区","坂田"],"9500072":[15,"新潟市中央区","竜が島"],"9500861":[15,"新潟市東区","中山"],"9503322":[15,"新潟市北区","嘉山"],"9502145":[15,"新潟市西区","田島"],"9500028":[15,"新潟市東区","小金台"],"9501413":[15,"新潟市南区","朝捲"],"9502002":[15,"新潟市西区","青山"],"9503353":[15,"新潟市北区","長戸呂"],"9502072":[15,"新潟市西区","松美台"],"9501456":[15,"新潟市南区","茨曽根"],"9500881":[15,"新潟市東区","榎町"],"9502126":[15,"新潟市西区","大友"],"9500866":[15,"新潟市中央区","西馬越"],"9500994":[15,"新潟市中央区","上所"],"9503371":[15,"新潟市北区","下早通"],"9502153":[15,"新潟市西区","内野崎山"],"9503123":[15,"新潟市北区","新元島町"],"9501224":[15,"新潟市南区","白根水道町"],"9500823":[15,"新潟市東区","東中島"],"9501402":[15,"新潟市南区","西酒屋"],"9501334":[15,"新潟市西蒲区","上小吉"]}
