{"0260022":[3,"釜石市","大只越町"],"0260031":[3,"釜石市","鈴子町"],"0260042":[3,"釜石市","源太沢町"],"0260061":[3,"釜石市","唐丹町"],"0260052":[3,"釜石市","小佐野町"],"0260013":[3,"釜石市","浜町"],"0260001":[3,"釜石市","平田"],"0260025":[3,"釜石市","大渡町"],"0260301":[3,"釜石市","鵜住居町"],"0260121":[3,"釜石市","唐丹町"],"0260051":[3,"釜石市","礼ケ口町"],"0260021":[3,"釜石市","只越町"],"0260034":[3,"釜石市","中妻町"],"0260035":[3,"釜石市","八雲町"],"0260412":[3,"釜石市","栗林町"],"0260054":[3,"釜石市","野田町"],"0260004":[3,"釜石市","松原町"],"0260033":[3,"釜石市","駒木町"],"0260014":[3,"釜石市","東前町"],"0260043":[3,"釜石市","新町"],"0260000":[3,"釜石市",""],"0260024":[3,"釜石市","大町"],"0260045":[3,"釜石市","小川町"],"0260002":[3,"釜石市","大平町"],"0260015":[3,"釜石市","新浜町"],"0260026":[3,"釜石市","釜石"],"0260046":[3,"釜石市","桜木町"],"0260011":[3,"釜石市","港町"],"0260053":[3,"釜石市","定内町"],"0260003":[3,"釜石市","嬉石町"],"0260302":[3,"釜石市","片岸町"],"0260012":[3,"釜石市","魚河岸"],"0260032":[3,"釜石市","千鳥町"],"0260023":[3,"釜石市","天神町"],"0260055":[3,"釜石市","甲子町"],"0260411":[3,"釜石市","橋野町"],"0260303":[3,"釜石市","箱崎町"],"0260041":[3,"釜石市","上中島町"],"0260044":[3,"釜石市","住吉町"],"0260304":[3,"釜石市","両石町"]}
