{"9518125":[15,"新潟市中央区","学校裏町"],"9518152":[15,"新潟市中央区","信濃町"],"9518154":[15,"新潟市中央区","堀割町"],"9518041":[15,"新潟市中央区","本間町"],"9518123":[15,"新潟市中央区","下旭町"],"9518013":[15,"新潟市中央区","柳島町"],"9518012":[15,"新潟市中央区","東入船町"],"9518104":[15,"新潟市中央区","西大畑町"],"9518035":[15,"新潟市中央区","船場町"],"9518133":[15,"新潟市中央区","川岸町"],"9518007":[15,"新潟市中央区","忠蔵町"],"9518004":[15,"新潟市中央区","山田町"],"9518032":[15,"新潟市中央区","見方町"],"9518161":[15,"新潟市中央区","関屋松波町"],"9518143":[15,"新潟市中央区","関屋恵町"],"9518124":[15,"新潟市中央区","医学町通"],"9518051":[15,"新潟市中央区","新島町通"],"9518162":[15,"新潟市中央区","関屋本村町"],"9518153":[15,"新潟市中央区","文京町"],"9518005":[15,"新潟市中央区","室町"],"9518144":[15,"新潟市中央区","関南町"],"9518084":[15,"新潟市中央区","元下島町"],"9518036":[15,"新潟市中央区","芳町"],"9518021":[15,"新潟市中央区","曙町"],"9518034":[15,"新潟市中央区","魁町"],"9518006":[15,"新潟市中央区","附船町"],"9518038":[15,"新潟市中央区","南毘沙門町"],"9518141":[15,"新潟市中央区","関新"],"9518113":[15,"新潟市中央区","寄居町"],"9518028":[15,"新潟市中央区","東湊町通"],"9518047":[15,"新潟市中央区","南多門町"],"9518101":[15,"新潟市中央区","西船見町"],"9518014":[15,"新潟市中央区","緑町"],"9518103":[15,"新潟市中央区","田中町"],"9518156":[15,"新潟市中央区","汐見台"],"9518146":[15,"新潟市中央区","有明大橋町"],"9518042":[15,"新潟市中央区","住吉町"],"9518134":[15,"新潟市中央区","関屋"],"9518167":[15,"新潟市中央区","関屋金衛町"],"9518001":[15,"新潟市中央区","海辺町"],"9518054":[15,"新潟市中央区","礎町通上一ノ町"],"9518151":[15,"新潟市中央区","浜浦町"],"9518071":[15,"新潟市中央区","栄町"],"9518132":[15,"新潟市中央区","一番堀通町"],"9518055":[15,"新潟市中央区","礎町通"],"9518163":[15,"新潟市中央区","関屋御船蔵町"],"9518008":[15,"新潟市中央区","窪田町"],"9518121":[15,"新潟市中央区","水道町"],"9518117":[15,"新潟市中央区","南横堀町"],"9518043":[15,"新潟市中央区","西厩島町"],"9518127":[15,"新潟市中央区","関屋下川原町"],"9518066":[15,"新潟市中央区","東堀前通"],"9518107":[15,"新潟市中央区","南大畑町"],"9518136":[15,"新潟市中央区","関屋田町"],"9518058":[15,"新潟市中央区","雪町"],"9518164":[15,"新潟市中央区","関屋昭和町"],"9518155":[15,"新潟市西区","関屋堀割町"],"9518046":[15,"新潟市中央区","秣川岸通"],"9518137":[15,"新潟市中央区","白山浦新町通"],"9518003":[15,"新潟市中央区","雲雀町"],"9518024":[15,"新潟市中央区","早川町"],"9518025":[15,"新潟市中央区","赤坂町"],"9518067":[15,"新潟市中央区","本町通"],"9518065":[15,"新潟市中央区","東堀通"],"9518044":[15,"新潟市中央区","東厩島町"],"9518002":[15,"新潟市中央区","船見町"],"9518048":[15,"新潟市中央区","北多門町"],"9518102":[15,"新潟市中央区","二葉町"],"9518056":[15,"新潟市中央区","花町"],"9518087":[15,"新潟市中央区","東受地町"],"9518018":[15,"新潟市中央区","稲荷町"],"9518145":[15,"新潟市中央区","有明台"],"9518108":[15,"新潟市中央区","中大畑町"],"9518027":[15,"新潟市中央区","湊町通"],"9518061":[15,"新潟市中央区","西堀通"],"9518078":[15,"新潟市中央区","四ツ屋町"],"9518052":[15,"新潟市中央区","下大川前通"],"9518072":[15,"新潟市中央区","浮洲町"],"9518142":[15,"新潟市中央区","関屋大川前"],"9518086":[15,"新潟市中央区","寄合町"],"9518106":[15,"新潟市中央区","東大畑通"],"9518166":[15,"新潟市中央区","関屋浜松町"],"9518073":[15,"新潟市中央区","寿町"],"9518147":[15,"新潟市中央区","弥生町"],"9518064":[15,"新潟市中央区","横一番町"],"9518017":[15,"新潟市中央区","艀川岸町"],"9518045":[15,"新潟市中央区","並木町"],"9518015":[15,"新潟市中央区","松岡町"],"9518115":[15,"新潟市中央区","寺裏通"],"9518057":[15,"新潟市中央区","月町"],"9518165":[15,"新潟市中央区","関屋金鉢山町"],"9518088":[15,"新潟市中央区","菅根町"],"9518076":[15,"新潟市中央区","翁町"],"9518023":[15,"新潟市中央区","夕栄町"],"9518085":[15,"新潟市中央区","寺山町"],"9518135":[15,"新潟市中央区","関屋新町通"],"9518011":[15,"新潟市中央区","入船町"],"9518122":[15,"新潟市中央区","旭町通"],"9518082":[15,"新潟市中央区","西受地町"],"9518075":[15,"新潟市中央区","元祝町"],"9518068":[15,"新潟市中央区","上大川前通"],"9518033":[15,"新潟市中央区","豊照町"],"9518111":[15,"新潟市中央区","北浜通"],"9518037":[15,"新潟市中央区","相生町"],"9518074":[15,"新潟市中央区","祝町"],"9518126":[15,"新潟市中央区","学校町通"],"9518118":[15,"新潟市中央区","西中町"],"9518053":[15,"新潟市中央区","川端町"],"9518131":[15,"新潟市中央区","白山浦"],"9518077":[15,"新潟市中央区","烏帽子町"],"9518112":[15,"新潟市中央区","南浜通"],"9518022":[15,"新潟市中央区","横六番町"],"9518016":[15,"新潟市中央区","田町"],"9518031":[15,"新潟市中央区","北毘沙門町"],"9518062":[15,"新潟市中央区","西堀前通"],"9518081":[15,"新潟市中央区","寄附町"],"9518105":[15,"新潟市中央区","北大畑町"],"9518026":[15,"新潟市中央区","西湊町通"],"9518063":[15,"新潟市中央区","古町通"],"9518114":[15,"新潟市中央区","営所通"],"9518116":[15,"新潟市中央区","東中通"],"9518083":[15,"新潟市中央区","横七番町通"]}
