{"5370014":[27,"大阪市東成区","大今里西"],"5370023":[27,"大阪市東成区","玉津"],"5370011":[27,"大阪市東成区","東今里"],"5370001":[27,"大阪市東成区","深江北"],"5370012":[27,"大阪市東成区","大今里"],"5370002":[27,"大阪市東成区","深江南"],"5370024":[27,"大阪市東成区","東小橋"],"5370021":[27,"大阪市東成区","東中本"],"5370003":[27,"大阪市東成区","神路"],"5370025":[27,"大阪市東成区","中道"],"5370022":[27,"大阪市東成区","中本"],"5370013":[27,"大阪市東成区","大今里南"],"5370000":[27,"大阪市東成区",""]}
