{"3480039":[11,"羽生市","川崎"],"3480003":[11,"羽生市","常木"],"3480000":[11,"羽生市",""],"3480046":[11,"羽生市","中岩瀬"],"3480002":[11,"羽生市","名"],"3480064":[11,"羽生市","藤井上組"],"3480022":[11,"羽生市","下手子林"],"3480028":[11,"羽生市","北袋"],"3480034":[11,"羽生市","下川崎"],"3480053":[11,"羽生市","南"],"3480035":[11,"羽生市","上川崎"],"3480023":[11,"羽生市","町屋"],"3480032":[11,"羽生市","秀安"],"3480071":[11,"羽生市","南羽生"],"3480016":[11,"羽生市","大沼"],"3480061":[11,"羽生市","稲子"],"3480033":[11,"羽生市","須影"],"3480044":[11,"羽生市","上岩瀬"],"3480056":[11,"羽生市","上川俣"],"3480058":[11,"羽生市","中央"],"3480001":[11,"羽生市","堤"],"3480011":[11,"羽生市","三田ケ谷"],"3480065":[11,"羽生市","藤井下組"],"3480054":[11,"羽生市","西"],"3480005":[11,"羽生市","上村君"],"3480042":[11,"羽生市","小須賀"],"3480036":[11,"羽生市","砂山"],"3480051":[11,"羽生市","本川俣"],"3480052":[11,"羽生市","東"],"3480045":[11,"羽生市","下岩瀬"],"3480055":[11,"羽生市","羽生"],"3480015":[11,"羽生市","北荻島"],"3480062":[11,"羽生市","尾崎"],"3480004":[11,"羽生市","弥勒"],"3480048":[11,"羽生市","下新田"],"3480012":[11,"羽生市","与兵エ新田"],"3480063":[11,"羽生市","発戸"],"3480006":[11,"羽生市","下村君"],"3480017":[11,"羽生市","今泉"],"3480041":[11,"羽生市","上新郷"],"3480025":[11,"羽生市","上手子林"],"3480038":[11,"羽生市","小松台"],"3480014":[11,"羽生市","喜右エ門新田"],"3480026":[11,"羽生市","下羽生"],"3480043":[11,"羽生市","桑崎"],"3480047":[11,"羽生市","下新郷"],"3480037":[11,"羽生市","小松"],"3480057":[11,"羽生市","北"],"3480031":[11,"羽生市","加羽ケ崎"],"3480027":[11,"羽生市","上羽生"],"3480021":[11,"羽生市","中手子林"],"3480013":[11,"羽生市","日野手新田"],"3480024":[11,"羽生市","神戸"]}
