{"7690203":[37,"綾歌郡宇多津町","浜三番丁"],"7692312":[37,"さぬき市","造田是弘"],"7692322":[37,"さぬき市","寒川町石田西"],"7690210":[37,"綾歌郡宇多津町",""],"7690316":[37,"仲多度郡まんのう町","大口"],"7691104":[37,"三豊市","詫間町大浜"],"7692701":[37,"東かがわ市","湊"],"7692513":[37,"東かがわ市","大谷"],"7691611":[37,"観音寺市","大野原町大野原"],"7692703":[37,"東かがわ市","伊座"],"7691616":[37,"観音寺市","大野原町福田原"],"7691403":[37,"三豊市","仁尾町仁尾丙"],"7692604":[37,"東かがわ市","西村"],"7691109":[37,"三豊市","詫間町志々島"],"7691604":[37,"観音寺市","豊浜町箕浦"],"7691405":[37,"三豊市","仁尾町仁尾庚"],"7692103":[37,"さぬき市","小田"],"7692712":[37,"東かがわ市","西山"],"7690104":[37,"高松市","国分寺町新名"],"7692305":[37,"さぬき市","前山"],"7690314":[37,"仲多度郡まんのう町","帆山"],"7692314":[37,"さぬき市","造田乙井"],"7692907":[37,"東かがわ市","吉田"],"7692516":[37,"東かがわ市","土居"],"7691402":[37,"三豊市","仁尾町仁尾戊"],"7690102":[37,"高松市","国分寺町国分"],"7690213":[37,"綾歌郡宇多津町","東分"],"7691624":[37,"観音寺市","大野原町有木"],"7691503":[37,"三豊市","豊中町笠田竹田"],"7692603":[37,"東かがわ市","横内"],"7690227":[37,"綾歌郡宇多津町","岩屋"],"7692104":[37,"さぬき市","鴨部"],"7691612":[37,"観音寺市","大野原町中姫"],"7692700":[37,"東かがわ市",""],"7692901":[37,"東かがわ市","引田"],"7691101":[37,"三豊市","詫間町詫間"],"7691622":[37,"観音寺市","大野原町内野々"],"7690301":[37,"仲多度郡まんのう町","佐文"],"7690211":[37,"綾歌郡宇多津町","十楽寺"],"7692711":[37,"東かがわ市","東山"],"7690311":[37,"仲多度郡まんのう町","買田"],"7690225":[37,"綾歌郡宇多津町","新町"],"7692300":[37,"さぬき市",""],"7692601":[37,"東かがわ市","三本松"],"7690318":[37,"仲多度郡まんのう町","山脇"],"7690303":[37,"仲多度郡まんのう町","七箇"],"7690402":[37,"三豊市","財田町財田中"],"7690201":[37,"綾歌郡宇多津町","浜一番丁"],"7692303":[37,"さぬき市","長尾名"],"7691408":[37,"三豊市","仁尾町仁尾甲"],"7690222":[37,"綾歌郡宇多津町","大橋"],"7691406":[37,"三豊市","仁尾町仁尾辛"],"7692903":[37,"東かがわ市","南野"],"7691107":[37,"三豊市","詫間町生里"],"7692518":[37,"東かがわ市","中山"],"7690319":[37,"仲多度郡まんのう町","追上"],"7691601":[37,"観音寺市","豊浜町姫浜"],"7692321":[37,"さぬき市","寒川町石田東"],"7691106":[37,"三豊市","詫間町箱"],"7691506":[37,"三豊市","豊中町本山甲"],"7692306":[37,"さぬき市","多和"],"7692904":[37,"東かがわ市","坂元"],"7692714":[37,"東かがわ市","入野山"],"7692512":[37,"東かがわ市","落合"],"7692301":[37,"さぬき市","長尾東"],"7692402":[37,"さぬき市","津田町鶴羽"],"7692705":[37,"東かがわ市","白鳥"],"7691501":[37,"三豊市","豊中町比地大"],"7692101":[37,"さぬき市","志度"],"7692605":[37,"東かがわ市","中筋"],"7690206":[37,"綾歌郡宇多津町","浜六番丁"],"7691504":[37,"三豊市","豊中町上高野"],"7691404":[37,"三豊市","仁尾町仁尾乙"],"7690401":[37,"三豊市","財田町財田上"],"7691103":[37,"三豊市","詫間町香田"],"7692517":[37,"東かがわ市","三殿"],"7691617":[37,"観音寺市","大野原町青岡"],"7690101":[37,"高松市","国分寺町新居"],"7692519":[37,"東かがわ市","小砂"],"7692315":[37,"さぬき市","造田"],"7692323":[37,"さぬき市","寒川町神前"],"7692521":[37,"東かがわ市","大内"],"7692702":[37,"東かがわ市","松原"],"7692602":[37,"東かがわ市","川東"],"7690224":[37,"綾歌郡宇多津町","平山"],"7690313":[37,"仲多度郡まんのう町","生間"],"7690105":[37,"高松市","国分寺町柏原"],"7692311":[37,"さぬき市","造田宮西"],"7692906":[37,"東かがわ市","川股"],"7690212":[37,"綾歌郡宇多津町","沼ノ池"],"7691625":[37,"観音寺市","大野原町海老済"],"7690208":[37,"綾歌郡宇多津町","浜八番丁"],"7692105":[37,"さぬき市","末"],"7692715":[37,"東かがわ市","五名"],"7690302":[37,"仲多度郡まんのう町","塩入"],"7691623":[37,"観音寺市","大野原町田野々"],"7692704":[37,"東かがわ市","帰来"],"7690317":[37,"仲多度郡まんのう町","新目"],"7690204":[37,"綾歌郡宇多津町","浜四番丁"],"7691621":[37,"観音寺市","大野原町井関"],"7690226":[37,"綾歌郡宇多津町","坂下"],"7691614":[37,"観音寺市","大野原町萩原"],"7691603":[37,"観音寺市","豊浜町和田"],"7692302":[37,"さぬき市","長尾西"],"7692515":[37,"東かがわ市","町田"],"7692304":[37,"さぬき市","昭和"],"7691407":[37,"三豊市","仁尾町仁尾丁"],"7692902":[37,"東かがわ市","馬宿"],"7691102":[37,"三豊市","詫間町松崎"],"7691508":[37,"三豊市","豊中町下高野"],"7691401":[37,"三豊市","仁尾町仁尾己"],"7690209":[37,"綾歌郡宇多津町","浜九番丁"],"7690223":[37,"綾歌郡宇多津町","新開"],"7691507":[37,"三豊市","豊中町岡本"],"7691602":[37,"観音寺市","豊浜町和田浜"],"7690200":[37,"綾歌郡宇多津町",""],"7692908":[37,"東かがわ市","小海"],"7690207":[37,"綾歌郡宇多津町","浜七番丁"],"7691613":[37,"観音寺市","大野原町花稲"],"7692511":[37,"東かがわ市","小磯"],"7692313":[37,"さぬき市","造田野間田"],"7691108":[37,"三豊市","詫間町粟島"],"7691502":[37,"三豊市","豊中町笠田笠岡"],"7692713":[37,"東かがわ市","与田山"],"7692905":[37,"東かがわ市","黒羽"],"7691615":[37,"観音寺市","大野原町丸井"],"7690205":[37,"綾歌郡宇多津町","浜五番丁"],"7692514":[37,"東かがわ市","松崎"],"7691410":[37,"三豊市","仁尾町家の浦"],"7692102":[37,"さぬき市","鴨庄"],"7691505":[37,"三豊市","豊中町本山乙"],"7692606":[37,"東かがわ市","水主"],"7692520":[37,"東かがわ市","馬篠"],"7690202":[37,"綾歌郡宇多津町","浜二番丁"],"7690221":[37,"綾歌郡宇多津町","吉田"],"7691105":[37,"三豊市","詫間町積"],"7692401":[37,"さぬき市","津田町津田"],"7690312":[37,"仲多度郡まんのう町","宮田"],"7690315":[37,"仲多度郡まんのう町","後山"],"7690228":[37,"綾歌郡宇多津町","向山"],"7690103":[37,"高松市","国分寺町福家"]}
