{"2100853":[14,"川崎市川崎区","田島町"],"2100806":[14,"川崎市川崎区","中島"],"2100805":[14,"川崎市川崎区","伊勢町"],"2100833":[14,"川崎市川崎区","桜本"],"2100005":[14,"川崎市川崎区","東田町"],"2100817":[14,"川崎市川崎区","大師本町"],"2100007":[14,"川崎市川崎区","駅前本町"],"2100000":[14,"川崎市川崎区",""],"2100845":[14,"川崎市川崎区","渡田山王町"],"2100822":[14,"川崎市川崎区","田町"],"2100867":[14,"川崎市川崎区","扇町"],"2100023":[14,"川崎市川崎区","小川町"],"2100852":[14,"川崎市川崎区","鋼管通"],"2100848":[14,"川崎市川崎区","京町"],"2100865":[14,"川崎市川崎区","千鳥町"],"2100862":[14,"川崎市川崎区","浮島町"],"2100835":[14,"川崎市川崎区","追分町"],"2100826":[14,"川崎市川崎区","塩浜"],"2100807":[14,"川崎市川崎区","港町"],"2100834":[14,"川崎市川崎区","大島"],"2100011":[14,"川崎市川崎区","富士見"],"2100828":[14,"川崎市川崎区","四谷上町"],"2100813":[14,"川崎市川崎区","昭和"],"2100844":[14,"川崎市川崎区","渡田新町"],"2100811":[14,"川崎市川崎区","大師河原"],"2100026":[14,"川崎市川崎区","堤根"],"2100801":[14,"川崎市川崎区","鈴木町"],"2100831":[14,"川崎市川崎区","観音"],"2100843":[14,"川崎市川崎区","小田栄"],"2100863":[14,"川崎市川崎区","夜光"],"2100846":[14,"川崎市川崎区","小田"],"2100024":[14,"川崎市川崎区","日進町"],"2100802":[14,"川崎市川崎区","大師駅前"],"2100841":[14,"川崎市川崎区","渡田向町"],"2100003":[14,"川崎市川崎区","堀之内町"],"2100803":[14,"川崎市川崎区","川中島"],"2100808":[14,"川崎市川崎区","旭町"],"2100001":[14,"川崎市川崎区","本町"],"2100858":[14,"川崎市川崎区","大川町"],"2100004":[14,"川崎市川崎区","宮本町"],"2100837":[14,"川崎市川崎区","渡田"],"2100022":[14,"川崎市川崎区","池田"],"2100838":[14,"川崎市川崎区","境町"],"2100015":[14,"川崎市川崎区","南町"],"2100814":[14,"川崎市川崎区","台町"],"2100014":[14,"川崎市川崎区","貝塚"],"2100827":[14,"川崎市川崎区","四谷下町"],"2100821":[14,"川崎市川崎区","殿町"],"2100842":[14,"川崎市川崎区","渡田東町"],"2100812":[14,"川崎市川崎区","東門前"],"2100021":[14,"川崎市川崎区","元木"],"2100825":[14,"川崎市川崎区","出来野"],"2100847":[14,"川崎市川崎区","浅田"],"2100866":[14,"川崎市川崎区","水江町"],"2100856":[14,"川崎市川崎区","田辺新田"],"2100851":[14,"川崎市川崎区","浜町"],"2100006":[14,"川崎市川崎区","砂子"],"2100818":[14,"川崎市川崎区","中瀬"],"2100836":[14,"川崎市川崎区","大島上町"],"2100868":[14,"川崎市川崎区","扇島"],"2100869":[14,"川崎市川崎区","東扇島"],"2100823":[14,"川崎市川崎区","江川"],"2100804":[14,"川崎市川崎区","藤崎"],"2100012":[14,"川崎市川崎区","宮前町"],"2100861":[14,"川崎市川崎区","小島町"],"2100864":[14,"川崎市川崎区","池上町"],"2100824":[14,"川崎市川崎区","日ノ出"],"2100816":[14,"川崎市川崎区","大師町"],"2100815":[14,"川崎市川崎区","大師公園"],"2100832":[14,"川崎市川崎区","池上新町"],"2100857":[14,"川崎市川崎区","白石町"],"2100002":[14,"川崎市川崎区","榎町"],"2100854":[14,"川崎市川崎区","浅野町"],"2100013":[14,"川崎市川崎区","新川通"],"2100855":[14,"川崎市川崎区","南渡田町"],"2100025":[14,"川崎市川崎区","下並木"]}
