{"8913432":[46,"西之表市","安城"],"8910202":[46,"鹿児島市","喜入中名町"],"8911102":[46,"鹿児島市","東俣町"],"8910604":[46,"指宿市","開聞仙田"],"8919104":[46,"大島郡和泊町","西原"],"8917622":[46,"大島郡天城町","大津川"],"8910912":[46,"南九州市","知覧町南別府"],"8919233":[46,"大島郡知名町","下城"],"8910206":[46,"鹿児島市","喜入生見町"],"8917112":[46,"大島郡徳之島町","諸田"],"8910502":[46,"指宿市","山川朝日町"],"8911545":[46,"鹿児島市","有村町"],"8910131":[46,"鹿児島市","谷山港"],"8913118":[46,"西之表市","馬毛島"],"8916200":[46,"大島郡喜界町",""],"8911543":[46,"鹿児島市","東桜島町"],"8914402":[46,"熊毛郡屋久島町","麦生"],"8918116":[46,"大島郡伊仙町","検福"],"8918328":[46,"大島郡伊仙町","崎原"],"8917424":[46,"大島郡徳之島町","轟木"],"8911106":[46,"鹿児島市","西俣町"],"8910312":[46,"指宿市","池田"],"8917100":[46,"大島郡徳之島町",""],"8918324":[46,"大島郡伊仙町","糸木名"],"8912106":[46,"垂水市","中央町"],"8910505":[46,"指宿市","山川山下町"],"8911413":[46,"鹿児島市","桜島松浦町"],"8910111":[46,"鹿児島市","小原町"],"8919132":[46,"大島郡和泊町","後蘭"],"8910404":[46,"指宿市","東方"],"8910114":[46,"鹿児島市","小松原"],"8919308":[46,"大島郡与論町","那間"],"8919100":[46,"大島郡和泊町",""],"8914405":[46,"熊毛郡屋久島町","小島"],"8914204":[46,"熊毛郡屋久島町","志戸子"],"8912303":[46,"鹿屋市","海道町"],"8919302":[46,"大島郡与論町","立長"],"8918201":[46,"大島郡伊仙町","伊仙"],"8911302":[46,"鹿児島市","東佐多町"],"8910142":[46,"鹿児島市","和田町"],"8910514":[46,"指宿市","山川大山"],"8917611":[46,"大島郡天城町","天城"],"8917602":[46,"大島郡天城町","松原"],"8910144":[46,"鹿児島市","下福元町"],"8919124":[46,"大島郡和泊町","古里"],"8916162":[46,"大島郡喜界町","阿伝"],"8914312":[46,"熊毛郡屋久島町","船行"],"8919114":[46,"大島郡和泊町","畦布"],"8913115":[46,"西之表市","天神町"],"8911416":[46,"鹿児島市","桜島武町"],"8916153":[46,"大島郡喜界町","長嶺"],"8911201":[46,"鹿児島市","岡之原町"],"8911402":[46,"鹿児島市","高免町"],"8910703":[46,"南九州市","頴娃町御領"],"8911401":[46,"鹿児島市","黒神町"],"8916212":[46,"大島郡喜界町","中熊"],"8917115":[46,"大島郡徳之島町","下久志"],"8916142":[46,"大島郡喜界町","小野津"],"8912127":[46,"垂水市","下宮町"],"8919122":[46,"大島郡和泊町","玉城"],"8919204":[46,"大島郡知名町","上平川"],"8910400":[46,"指宿市",""],"8911107":[46,"鹿児島市","有屋田町"],"8916225":[46,"大島郡喜界町","山田"],"8919207":[46,"大島郡知名町","竿津"],"8918112":[46,"大島郡伊仙町","佐弁"],"8910705":[46,"南九州市","頴娃町上別府"],"8916216":[46,"大島郡喜界町","坂嶺"],"8917612":[46,"大島郡天城町","平土野"],"8911231":[46,"鹿児島市","小山田町"],"8912322":[46,"鹿屋市","古里町"],"8912115":[46,"垂水市","浜平"],"8914207":[46,"熊毛郡屋久島町","小瀬田"],"8913602":[46,"熊毛郡中種子町","牧川"],"8913102":[46,"西之表市","安納"],"8911542":[46,"鹿児島市","持木町"],"8918300":[46,"大島郡伊仙町",""],"8919215":[46,"大島郡知名町","屋子母"],"8911275":[46,"鹿児島市","川上町"],"8911222":[46,"鹿児島市","小野町"],"8915101":[46,"鹿児島郡十島村","口之島"],"8913112":[46,"西之表市","栄町"],"8914409":[46,"熊毛郡屋久島町","栗生"],"8919224":[46,"大島郡知名町","正名"],"8910506":[46,"指宿市","山川金生町"],"8910601":[46,"指宿市","開聞上野"],"8913706":[46,"熊毛郡南種子町","島間"],"8912313":[46,"鹿屋市","天神町"],"8913702":[46,"熊毛郡南種子町","平山"],"8912117":[46,"垂水市","潮彩町"],"8914406":[46,"熊毛郡屋久島町","平内"],"8918117":[46,"大島郡伊仙町","中山"],"8911101":[46,"鹿児島市","花尾町"],"8917624":[46,"大島郡天城町","当部"],"8911418":[46,"鹿児島市","桜島小池町"],"8912304":[46,"鹿屋市","花岡町"],"8910201":[46,"鹿児島市","喜入瀬々串町"],"8919135":[46,"大島郡和泊町","永嶺"],"8911274":[46,"鹿児島市","緑ヶ丘町"],"8910406":[46,"指宿市","湯の浜"],"8919232":[46,"大島郡知名町","新城"],"8917105":[46,"大島郡徳之島町","白井"],"8913103":[46,"西之表市","現和"],"8916227":[46,"大島郡喜界町","川嶺"],"8912105":[46,"垂水市","松原町"],"8919304":[46,"大島郡与論町","朝戸"],"8917116":[46,"大島郡徳之島町","旭ケ丘"],"8910911":[46,"南九州市","知覧町塩屋"],"8910403":[46,"指宿市","十二町"],"8914201":[46,"熊毛郡屋久島町","永田"],"8912113":[46,"垂水市","高城"],"8913704":[46,"熊毛郡南種子町","中之下"],"8916222":[46,"大島郡喜界町","島中"],"8913111":[46,"西之表市","西町"],"8914403":[46,"熊毛郡屋久島町","原"],"8910115":[46,"鹿児島市","東開町"],"8912306":[46,"鹿屋市","花里町"],"8911204":[46,"鹿児島市","花野光ケ丘"],"8912100":[46,"垂水市",""],"8910503":[46,"指宿市","山川潮見町"],"8919113":[46,"大島郡和泊町","和"],"8917111":[46,"大島郡徳之島町","徳和瀬"],"8918323":[46,"大島郡伊仙町","木之香"],"8910122":[46,"鹿児島市","南栄"],"8917425":[46,"大島郡徳之島町","花徳"],"8915202":[46,"鹿児島郡十島村","平島"],"8917731":[46,"大島郡天城町","西阿木名"],"8917623":[46,"大島郡天城町","瀬滝"],"8915201":[46,"鹿児島郡十島村","中之島"],"8910313":[46,"指宿市","新西方"],"8910112":[46,"鹿児島市","魚見町"],"8919203":[46,"大島郡知名町","下平川"],"8913101":[46,"西之表市","西之表"],"8911303":[46,"鹿児島市","本城町"],"8916161":[46,"大島郡喜界町","嘉鈍"],"8910205":[46,"鹿児島市","喜入前之浜町"],"8914205":[46,"熊毛郡屋久島町","宮之浦"],"8910515":[46,"指宿市","山川小川"],"8910602":[46,"指宿市","開聞川尻"],"8918327":[46,"大島郡伊仙町","犬田布"],"8919303":[46,"大島郡与論町","城"],"8919116":[46,"大島郡和泊町","上手々知名"],"8911415":[46,"鹿児島市","桜島藤野町"],"8916164":[46,"大島郡喜界町","花良治"],"8910504":[46,"指宿市","山川新生町"],"8913701":[46,"熊毛郡南種子町","中之上"],"8916226":[46,"大島郡喜界町","羽里"],"8916202":[46,"大島郡喜界町","湾"],"8916233":[46,"大島郡喜界町","上嘉鉄"],"8919206":[46,"大島郡知名町","赤嶺"],"8913114":[46,"西之表市","池田"],"8913202":[46,"西之表市","安納"],"8919300":[46,"大島郡与論町",""],"8910104":[46,"鹿児島市","山田町"],"8912125":[46,"垂水市","旭町"],"8916211":[46,"大島郡喜界町","中間"],"8913117":[46,"西之表市","桜が丘"],"8912112":[46,"垂水市","本城"],"8912314":[46,"鹿屋市","船間町"],"8919123":[46,"大島郡和泊町","皆川"],"8919133":[46,"大島郡和泊町","谷山"],"8911541":[46,"鹿児島市","野尻町"],"8919101":[46,"大島郡和泊町","国頭"],"8911304":[46,"鹿児島市","本名町"],"8916144":[46,"大島郡喜界町","佐手久"],"8910132":[46,"鹿児島市","七ツ島"],"8911202":[46,"鹿児島市","西伊敷"],"8912116":[46,"垂水市","柊原"],"8912114":[46,"垂水市","新城"],"8910702":[46,"南九州市","頴娃町牧之内"],"8918115":[46,"大島郡伊仙町","古里"],"8916232":[46,"大島郡喜界町","手久津久"],"8916151":[46,"大島郡喜界町","塩道"],"8916203":[46,"大島郡喜界町","中里"],"8911103":[46,"鹿児島市","川田町"],"8917601":[46,"大島郡天城町","与名間"],"8916215":[46,"大島郡喜界町","中熊"],"8916154":[46,"大島郡喜界町","白水"],"8915205":[46,"鹿児島郡十島村","小宝島"],"8917604":[46,"大島郡天城町","前野"],"8918111":[46,"大島郡伊仙町","喜念"],"8910108":[46,"鹿児島市","中山"],"8919222":[46,"大島郡知名町","徳時"],"8917102":[46,"大島郡徳之島町","亀徳"],"8913104":[46,"西之表市","住吉"],"8910116":[46,"鹿児島市","上福元町"],"8912101":[46,"垂水市","海潟"],"8910175":[46,"鹿児島市","桜ケ丘"],"8915200":[46,"鹿児島郡十島村",""],"8919102":[46,"大島郡和泊町","喜美留"],"8910107":[46,"鹿児島市","希望ケ丘町"],"8911403":[46,"鹿児島市","新島町"],"8910123":[46,"鹿児島市","卸本町"],"8911419":[46,"鹿児島市","桜島横山町"],"8915203":[46,"鹿児島郡十島村","諏訪之瀬島"],"8916228":[46,"大島郡喜界町","浦原"],"8919111":[46,"大島郡和泊町","手々知名"],"8911305":[46,"鹿児島市","宮之浦町"],"8913100":[46,"西之表市",""],"8911411":[46,"鹿児島市","桜島白浜町"],"8910146":[46,"鹿児島市","慈眼寺町"],"8910507":[46,"指宿市","山川入船町"],"8911420":[46,"鹿児島市","桜島赤水町"],"8919202":[46,"大島郡知名町","屋者"],"8916141":[46,"大島郡喜界町","伊実久"],"8912305":[46,"鹿屋市","根木原町"],"8916143":[46,"大島郡喜界町","志戸桶"],"8913607":[46,"熊毛郡中種子町","田島"],"8917600":[46,"大島郡天城町",""],"8910614":[46,"指宿市","山川大山"],"8919115":[46,"大島郡和泊町","伊延"],"8918322":[46,"大島郡伊仙町","阿権"],"8910106":[46,"鹿児島市","自由ケ丘"],"8910204":[46,"鹿児島市","喜入一倉町"],"8910516":[46,"指宿市","山川成川"],"8917605":[46,"大島郡天城町","浅間"],"8919231":[46,"大島郡知名町","田皆"],"8918114":[46,"大島郡伊仙町","面縄"],"8919306":[46,"大島郡与論町","東区"],"8910701":[46,"南九州市","頴娃町郡"],"8915301":[46,"鹿児島郡十島村","宝島"],"8910113":[46,"鹿児島市","東谷山"],"8917426":[46,"大島郡徳之島町","母間"],"8913600":[46,"熊毛郡中種子町",""],"8914407":[46,"熊毛郡屋久島町","湯泊"],"8911108":[46,"鹿児島市","郡山岳町"],"8910143":[46,"鹿児島市","和田"],"8914206":[46,"熊毛郡屋久島町","楠川"],"8910109":[46,"鹿児島市","清和"],"8910603":[46,"指宿市","開聞十町"],"8916223":[46,"大島郡喜界町","滝川"],"8910103":[46,"鹿児島市","皇徳寺台"],"8919301":[46,"大島郡与論町","茶花"],"8919134":[46,"大島郡和泊町","仁志"],"8913221":[46,"西之表市","伊関"],"8913604":[46,"熊毛郡中種子町","野間"],"8910501":[46,"指宿市","山川新栄町"],"8910402":[46,"指宿市","十町"],"8911203":[46,"鹿児島市","伊敷町"],"8910102":[46,"鹿児島市","星ケ峯"],"8912126":[46,"垂水市","南松原町"],"8911104":[46,"鹿児島市","油須木町"],"8919305":[46,"大島郡与論町","西区"],"8910133":[46,"鹿児島市","平川町"],"8912124":[46,"垂水市","錦江町"],"8917423":[46,"大島郡徳之島町","山"],"8911414":[46,"鹿児島市","桜島西道町"],"8919309":[46,"大島郡与論町","叶"],"8913700":[46,"熊毛郡南種子町",""],"8911205":[46,"鹿児島市","犬迫町"],"8913431":[46,"西之表市","古田"],"8919211":[46,"大島郡知名町","芦清良"],"8913116":[46,"西之表市","鴨女町"],"8919205":[46,"大島郡知名町","久志検"],"8912311":[46,"鹿屋市","白水町"],"8917104":[46,"大島郡徳之島町","尾母"],"8914200":[46,"熊毛郡屋久島町",""],"8919213":[46,"大島郡知名町","瀬利覚"],"8916231":[46,"大島郡喜界町","荒木"],"8919234":[46,"大島郡知名町","上城"],"8914202":[46,"熊毛郡屋久島町","吉田"],"8917421":[46,"大島郡徳之島町","手々"],"8910512":[46,"指宿市","山川浜児ケ水"],"8912104":[46,"垂水市","田神"],"8911105":[46,"鹿児島市","郡山町"],"8912122":[46,"垂水市","上町"],"8914404":[46,"熊毛郡屋久島町","尾之間"],"8911544":[46,"鹿児島市","古里町"],"8916214":[46,"大島郡喜界町","西目"],"8910314":[46,"指宿市","小牧"],"8914408":[46,"熊毛郡屋久島町","中間"],"8910621":[46,"指宿市","山川利永"],"8917114":[46,"大島郡徳之島町","井之川"],"8916221":[46,"大島郡喜界町","池治"],"8919221":[46,"大島郡知名町","大津勘"],"8918321":[46,"大島郡伊仙町","阿三"],"8916229":[46,"大島郡喜界町","先山"],"8912302":[46,"鹿屋市","小薄町"],"8919223":[46,"大島郡知名町","住吉"],"8916217":[46,"大島郡喜界町","伊砂"],"8919131":[46,"大島郡和泊町","内城"],"8911412":[46,"鹿児島市","桜島二俣町"],"8913606":[46,"熊毛郡中種子町","坂井"],"8911206":[46,"鹿児島市","皆与志町"],"8919112":[46,"大島郡和泊町","和泊"],"8910145":[46,"鹿児島市","錦江台"],"8915204":[46,"鹿児島郡十島村","悪石島"],"8910151":[46,"鹿児島市","光山"],"8918216":[46,"大島郡伊仙町","検福"],"8917101":[46,"大島郡徳之島町","亀津"],"8919103":[46,"大島郡和泊町","出花"],"8911417":[46,"鹿児島市","桜島赤生原町"],"8910203":[46,"鹿児島市","喜入町"],"8918329":[46,"大島郡伊仙町","小島"],"8916201":[46,"大島郡喜界町","赤連"],"8910105":[46,"鹿児島市","中山町"],"8919125":[46,"大島郡和泊町","大城"],"8912111":[46,"垂水市","新御堂"],"8910150":[46,"鹿児島市","坂之上"],"8917621":[46,"大島郡天城町","兼久"],"8916163":[46,"大島郡喜界町","花良治"],"8910121":[46,"鹿児島市","谷山塩屋町"],"8912301":[46,"鹿屋市","有武町"],"8918325":[46,"大島郡伊仙町","八重竿"],"8914203":[46,"熊毛郡屋久島町","一湊"],"8912102":[46,"垂水市","中俣"],"8911306":[46,"鹿児島市","牟礼岡"],"8918326":[46,"大島郡伊仙町","馬根"],"8918221":[46,"大島郡伊仙町","阿三"],"8910141":[46,"鹿児島市","谷山中央"],"8916213":[46,"大島郡喜界町","大朝戸"],"8916224":[46,"大島郡喜界町","城久"],"8914311":[46,"熊毛郡屋久島町","安房"],"8913603":[46,"熊毛郡中種子町","増田"],"8910513":[46,"指宿市","山川岡児ケ水"],"8913705":[46,"熊毛郡南種子町","西之"],"8910401":[46,"指宿市","大牟礼"],"8910311":[46,"指宿市","西方"],"8919307":[46,"大島郡与論町","古里"],"8917113":[46,"大島郡徳之島町","神之嶺"],"8919200":[46,"大島郡知名町",""],"8912321":[46,"鹿屋市","古江町"],"8919214":[46,"大島郡知名町","知名"],"8910304":[46,"指宿市","東方"],"8910405":[46,"指宿市","湊"],"8911501":[46,"鹿児島市","黒神町"],"8917603":[46,"大島郡天城町","岡前"],"8910101":[46,"鹿児島市","五ケ別府町"],"8911301":[46,"鹿児島市","西佐多町"],"8913605":[46,"熊毛郡中種子町","油久"],"8912123":[46,"垂水市","本町"],"8917422":[46,"大島郡徳之島町","金見"],"8914208":[46,"熊毛郡屋久島町","口永良部島"],"8912103":[46,"垂水市","市木"],"8912312":[46,"鹿屋市","小野原町"],"8917103":[46,"大島郡徳之島町","南原"],"8913222":[46,"西之表市","国上"],"8910511":[46,"指宿市","山川福元"],"8919121":[46,"大島郡和泊町","根折"],"8913601":[46,"熊毛郡中種子町","納官"],"8913703":[46,"熊毛郡南種子町","茎永"],"8910704":[46,"南九州市","頴娃町別府"],"8913113":[46,"西之表市","東町"],"8919212":[46,"大島郡知名町","黒貫"],"8918113":[46,"大島郡伊仙町","目手久"],"8910315":[46,"指宿市","岩本"],"8919136":[46,"大島郡和泊町","瀬名"],"8914401":[46,"熊毛郡屋久島町","麦生"],"8916152":[46,"大島郡喜界町","早町"],"8912121":[46,"垂水市","栄町"],"8919201":[46,"大島郡知名町","余多"]}
