{"0920005":[1,"網走郡美幌町","野崎"],"0920183":[1,"網走郡美幌町","豊幌"],"0920223":[1,"網走郡津別町","美都"],"0920231":[1,"網走郡津別町","大通"],"0920014":[1,"網走郡美幌町","美里"],"0920051":[1,"網走郡美幌町","東一条北"],"0920031":[1,"網走郡美幌町","大通南"],"0920355":[1,"網走郡津別町","恩根"],"0920212":[1,"網走郡津別町","緑町"],"0920353":[1,"網走郡津別町","二又"],"0920225":[1,"網走郡津別町","共和"],"0920015":[1,"網走郡美幌町","新町"],"0920233":[1,"網走郡津別町","柏町"],"0920052":[1,"網走郡美幌町","東二条北"],"0920041":[1,"網走郡美幌町","東一条南"],"0920062":[1,"網走郡美幌町","西二条北"],"0920203":[1,"網走郡津別町","達美"],"0920025":[1,"網走郡美幌町","駒生"],"0920175":[1,"網走郡美幌町","駒生"],"0920044":[1,"網走郡美幌町","東四条南"],"0920171":[1,"網走郡美幌町","美富"],"0920181":[1,"網走郡美幌町","上町"],"0920174":[1,"網走郡美幌町","栄森"],"0920224":[1,"網走郡津別町","豊永"],"0920354":[1,"網走郡津別町","双葉"],"0920016":[1,"網走郡美幌町","瑞治"],"0920033":[1,"網走郡美幌町","西二条南"],"0920207":[1,"網走郡津別町","東岡"],"0920030":[1,"網走郡美幌町","美富"],"0920213":[1,"網走郡津別町","西四条"],"0920022":[1,"網走郡美幌町","古梅"],"0920013":[1,"網走郡美幌町","美芳"],"0920215":[1,"網走郡津別町","一条通"],"0920184":[1,"網走郡美幌町","登栄"],"0920063":[1,"網走郡美幌町","元町"],"0920032":[1,"網走郡美幌町","西一条南"],"0920358":[1,"網走郡津別町","沼沢"],"0920011":[1,"網走郡美幌町","東町"],"0920061":[1,"網走郡美幌町","西一条北"],"0920000":[1,"網走郡美幌町",""],"0920018":[1,"網走郡美幌町","田中"],"0920201":[1,"網走郡津別町","最上"],"0920214":[1,"網走郡津別町","西二条"],"0920042":[1,"網走郡美幌町","東二条南"],"0920004":[1,"網走郡美幌町","仲町"],"0920023":[1,"網走郡美幌町","豊富"],"0920235":[1,"網走郡津別町","幸町"],"0920024":[1,"網走郡美幌町","福住"],"0920027":[1,"網走郡美幌町","稲美"],"0920218":[1,"網走郡津別町","東四条"],"0920012":[1,"網走郡美幌町","栄町"],"0920356":[1,"網走郡津別町","栄"],"0920234":[1,"網走郡津別町","旭町"],"0920064":[1,"網走郡美幌町","青葉"],"0920017":[1,"網走郡美幌町","報徳"],"0920065":[1,"網走郡美幌町","青山南"],"0920043":[1,"網走郡美幌町","東三条南"],"0920232":[1,"網走郡津別町","新町"],"0920176":[1,"網走郡美幌町","野崎"],"0920362":[1,"網走郡津別町","布川"],"0920066":[1,"網走郡美幌町","青山北"],"0920069":[1,"網走郡美幌町","日の出"],"0920205":[1,"網走郡津別町","岩富"],"0920068":[1,"網走郡美幌町","三橋町"],"0920003":[1,"網走郡美幌町","鳥里"],"0920050":[1,"網走郡美幌町","大通北"],"0920352":[1,"網走郡津別町","木樋"],"0920361":[1,"網走郡津別町","相生"],"0920200":[1,"網走郡津別町",""],"0920006":[1,"網走郡美幌町","昭野"],"0920067":[1,"網走郡美幌町","三橋南"],"0920002":[1,"網走郡美幌町","美禽"],"0920021":[1,"網走郡美幌町","日並"],"0920007":[1,"網走郡美幌町","豊岡"],"0920217":[1,"網走郡津別町","東三条"],"0920211":[1,"網走郡津別町","西三条"],"0920221":[1,"網走郡津別町","高台"],"0920222":[1,"網走郡津別町","上里"],"0920026":[1,"網走郡美幌町","都橋"],"0920173":[1,"網走郡美幌町","美和"],"0920357":[1,"網走郡津別町","大昭"],"0920216":[1,"網走郡津別町","東二条"],"0920351":[1,"網走郡津別町","本岐"],"0920206":[1,"網走郡津別町","活汲"],"0920236":[1,"網走郡津別町","本町"],"0920053":[1,"網走郡美幌町","東三条北"],"0920001":[1,"網走郡美幌町","高野"]}
