{"6660233":[28,"川辺郡猪名川町","紫合"],"6660107":[28,"川西市","下財町"],"6660246":[28,"川辺郡猪名川町","猪名川台"],"6660023":[28,"川西市","東久代"],"6660235":[28,"川辺郡猪名川町","南田原"],"6660137":[28,"川西市","湯山台"],"6660003":[28,"川西市","丸の内町"],"6660014":[28,"川西市","小戸"],"6660105":[28,"川西市","見野"],"6660158":[28,"川西市","清流台"],"6660243":[28,"川辺郡猪名川町","柏梨田"],"6660127":[28,"川西市","多田院多田所町"],"6660012":[28,"川西市","絹延町"],"6660253":[28,"川辺郡猪名川町","差組"],"6660232":[28,"川辺郡猪名川町","民田"],"6660138":[28,"川西市","西多田"],"6660231":[28,"川辺郡猪名川町","上阿古谷"],"6660004":[28,"川西市","萩原"],"6660141":[28,"川西市","虫生"],"6660115":[28,"川西市","向陽台"],"6660002":[28,"川西市","滝山町"],"6660212":[28,"川辺郡猪名川町","旭ケ丘"],"6660116":[28,"川西市","水明台"],"6660142":[28,"川西市","清和台東"],"6660147":[28,"川西市","若宮"],"6660128":[28,"川西市","多田院西"],"6660252":[28,"川辺郡猪名川町","広根"],"6660203":[28,"川辺郡猪名川町","西畑"],"6660204":[28,"川辺郡猪名川町","柏原"],"6660129":[28,"川西市","緑台"],"6660221":[28,"川辺郡猪名川町","杤原"],"6660005":[28,"川西市","萩原台東"],"6660112":[28,"川西市","大和西"],"6660215":[28,"川辺郡猪名川町","島"],"6660144":[28,"川西市","柳谷"],"6660001":[28,"川西市","鴬の森町"],"6660106":[28,"川西市","山下町"],"6660214":[28,"川辺郡猪名川町","清水"],"6660143":[28,"川西市","清和台西"],"6660024":[28,"川西市","久代"],"6660236":[28,"川辺郡猪名川町","北田原"],"6660257":[28,"川辺郡猪名川町","白金"],"6660124":[28,"川西市","多田桜木"],"6660007":[28,"川西市","鴬が丘"],"6660035":[28,"川西市","花屋敷"],"6660157":[28,"川西市","緑が丘"],"6660242":[28,"川辺郡猪名川町","原"],"6660202":[28,"川辺郡猪名川町","鎌倉"],"6660034":[28,"川西市","寺畑"],"6660102":[28,"川西市","横路"],"6660145":[28,"川西市","けやき坂"],"6660021":[28,"川西市","栄根"],"6660222":[28,"川辺郡猪名川町","槻並"],"6660146":[28,"川西市","芋生"],"6660237":[28,"川辺郡猪名川町","下阿古谷"],"6660227":[28,"川辺郡猪名川町","笹尾"],"6660161":[28,"宝塚市","切畑"],"6660241":[28,"川辺郡猪名川町","内馬場"],"6660036":[28,"川西市","花屋敷山手町"],"6660017":[28,"川西市","火打"],"6660223":[28,"川辺郡猪名川町","木間生"],"6660025":[28,"川西市","加茂"],"6660133":[28,"川西市","鴬台"],"6660134":[28,"川西市","萩原台西"],"6660123":[28,"川西市","鼓が滝"],"6660015":[28,"川西市","小花"],"6660255":[28,"川辺郡猪名川町","猪渕"],"6660225":[28,"川辺郡猪名川町","木津"],"6660114":[28,"川西市","東畦野山手"],"6660153":[28,"川西市","一庫"],"6660000":[28,"川西市",""],"6660037":[28,"川西市","松が丘町"],"6660136":[28,"川西市","南野坂"],"6660013":[28,"川西市","美園町"],"6660125":[28,"川西市","新田"],"6660261":[28,"川辺郡猪名川町","松尾台"],"6660256":[28,"川辺郡猪名川町","銀山"],"6660226":[28,"川辺郡猪名川町","林田"],"6660162":[28,"宝塚市","花屋敷緑ガ丘"],"6660148":[28,"川西市","赤松"],"6660032":[28,"川西市","日高町"],"6660155":[28,"川西市","西畦野"],"6660262":[28,"川辺郡猪名川町","伏見台"],"6660026":[28,"川西市","南花屋敷"],"6660011":[28,"川西市","出在家町"],"6660022":[28,"川西市","下加茂"],"6660033":[28,"川西市","栄町"],"6660104":[28,"川西市","笹部"],"6660101":[28,"川西市","黒川"],"6660121":[28,"川西市","平野"],"6660031":[28,"川西市","霞ケ丘"],"6660151":[28,"川西市","美山台"],"6660201":[28,"川辺郡猪名川町","杉生"],"6660211":[28,"川辺郡猪名川町","仁頂寺"],"6660244":[28,"川辺郡猪名川町","上野"],"6660154":[28,"川西市","山原"],"6660224":[28,"川辺郡猪名川町","万善"],"6660135":[28,"川西市","錦松台"],"6660254":[28,"川辺郡猪名川町","肝川"],"6660006":[28,"川西市","萩原台西"],"6660213":[28,"川辺郡猪名川町","清水東"],"6660117":[28,"川西市","東畦野"],"6660131":[28,"川西市","矢問"],"6660152":[28,"川西市","丸山台"],"6660103":[28,"川西市","国崎"],"6660111":[28,"川西市","大和東"],"6660122":[28,"川西市","東多田"],"6660113":[28,"川西市","長尾町"],"6660200":[28,"川辺郡猪名川町",""],"6660234":[28,"川辺郡猪名川町","北野"],"6660251":[28,"川辺郡猪名川町","若葉"],"6660245":[28,"川辺郡猪名川町","つつじが丘"],"6660016":[28,"川西市","中央町"],"6660126":[28,"川西市","多田院"],"6660156":[28,"川西市","石道"],"6660132":[28,"川西市","矢問東町"]}
