{"7110912":[33,"倉敷市","児島小川町"],"7110903":[33,"倉敷市","児島田の口"],"7110923":[33,"倉敷市","児島阿津"],"7110921":[33,"倉敷市","児島駅前"],"7110936":[33,"倉敷市","児島柳田町"],"7110937":[33,"倉敷市","児島稗田町"],"7110922":[33,"倉敷市","児島元浜町"],"7110907":[33,"倉敷市","児島上の町"],"7110927":[33,"倉敷市","下津井"],"7110935":[33,"倉敷市","児島宇野津"],"7110932":[33,"倉敷市","菰池"],"7110924":[33,"倉敷市","大畠"],"7110906":[33,"倉敷市","児島下の町"],"7110905":[33,"倉敷市","児島唐琴町"],"7110913":[33,"倉敷市","児島味野"],"7110911":[33,"倉敷市","児島小川"],"7110904":[33,"倉敷市","児島唐琴"],"7110933":[33,"倉敷市","児島通生"],"7110916":[33,"倉敷市","児島味野城山"],"7110917":[33,"倉敷市","児島味野上"],"7110931":[33,"倉敷市","児島赤崎"],"7110915":[33,"倉敷市","児島味野山田町"],"7110901":[33,"倉敷市","児島由加"],"7110914":[33,"倉敷市","児島味野城"],"7110926":[33,"倉敷市","下津井吹上"],"7110934":[33,"倉敷市","児島塩生"],"7110902":[33,"倉敷市","児島白尾"],"7110925":[33,"倉敷市","下津井田之浦"]}
