{"6900813":[32,"松江市","坂本町"],"6900833":[32,"松江市","福富町"],"6900321":[32,"松江市","鹿島町武代"],"6900133":[32,"松江市","東長江町"],"6901403":[32,"松江市","八束町遅江"],"6900048":[32,"松江市","西嫁島"],"6903205":[32,"飯石郡飯南町","長谷"],"6901113":[32,"松江市","手角町"],"6900151":[32,"松江市","古曽志町"],"6900866":[32,"松江市","下佐陀町"],"6900843":[32,"松江市","末次本町"],"6900324":[32,"松江市","鹿島町片句"],"6900852":[32,"松江市","千鳥町"],"6900057":[32,"松江市","新町"],"6900803":[32,"松江市","鹿島町名分"],"6900011":[32,"松江市","東津田町"],"6900867":[32,"松江市","上佐陀町"],"6903515":[32,"飯石郡飯南町","塩谷"],"6900064":[32,"松江市","天神町"],"6900815":[32,"松江市","西持田町"],"6900024":[32,"松江市","馬潟町"],"6902102":[32,"松江市","八雲町東岩坂"],"6900065":[32,"松江市","灘町"],"6900000":[32,"松江市",""],"6900265":[32,"松江市","上大野町"],"6902314":[32,"雲南市","吉田町川手"],"6900036":[32,"松江市","東忌部町"],"6900862":[32,"松江市","比津が丘"],"6903512":[32,"飯石郡飯南町","上赤名"],"6902525":[32,"雲南市","三刀屋町坂本"],"6901101":[32,"松江市","本庄町"],"6900041":[32,"松江市","幸町"],"6900860":[32,"松江市","西法吉町"],"6901501":[32,"松江市","美保関町美保関"],"6900058":[32,"松江市","田和山町"],"6901315":[32,"松江市","美保関町片江"],"6900841":[32,"松江市","向島町"],"6900869":[32,"松江市","うぐいす台"],"6900856":[32,"松江市","薦津町"],"6900131":[32,"松江市","打出町"],"6901505":[32,"松江市","美保関町森山"],"6900885":[32,"松江市","米子町"],"6902400":[32,"雲南市",""],"6900142":[32,"松江市","西谷町"],"6900055":[32,"松江市","津田町"],"6901401":[32,"松江市","八束町江島"],"6902105":[32,"松江市","八雲町平原"],"6901223":[32,"松江市","美保関町笠浦"],"6900052":[32,"松江市","竪町"],"6900015":[32,"松江市","上乃木"],"6902312":[32,"雲南市","吉田町曽木"],"6900266":[32,"松江市","魚瀬町"],"6900035":[32,"松江市","佐草町"],"6902512":[32,"雲南市","三刀屋町多久和"],"6902702":[32,"雲南市","掛合町入間"],"6900046":[32,"松江市","乃木福富町"],"6900821":[32,"松江市","上東川津町"],"6902511":[32,"雲南市","三刀屋町上熊谷"],"6900835":[32,"松江市","西尾町"],"6901103":[32,"松江市","新庄町"],"6903516":[32,"飯石郡飯南町","畑田"],"6902406":[32,"雲南市","三刀屋町高窪"],"6900846":[32,"松江市","末次町"],"6900812":[32,"松江市","川原町"],"6902401":[32,"雲南市","三刀屋町伊萱"],"6903402":[32,"飯石郡飯南町","下来島"],"6900026":[32,"松江市","富士見町"],"6900062":[32,"松江市","魚町"],"6900007":[32,"松江市","御手船場町"],"6902634":[32,"雲南市","三刀屋町乙加宮"],"6900873":[32,"松江市","内中原町"],"6901503":[32,"松江市","美保関町諸喰"],"6902521":[32,"雲南市","三刀屋町神代"],"6902404":[32,"雲南市","三刀屋町三刀屋"],"6900402":[32,"松江市","島根町大芦"],"6900051":[32,"松江市","横浜町"],"6901314":[32,"松江市","美保関町菅浦"],"6901312":[32,"松江市","美保関町森山"],"6902513":[32,"雲南市","三刀屋町粟谷"],"6901311":[32,"松江市","美保関町七類"],"6900332":[32,"松江市","鹿島町佐陀本郷"],"6901212":[32,"松江市","島根町野波"],"6900141":[32,"松江市","荘成町"],"6900801":[32,"松江市","鹿島町上講武"],"6901502":[32,"松江市","美保関町雲津"],"6902524":[32,"雲南市","三刀屋町須所"],"6901407":[32,"松江市","八束町寺津"],"6900824":[32,"松江市","菅田町"],"6902706":[32,"雲南市","掛合町多根"],"6900848":[32,"松江市","苧町"],"6902632":[32,"雲南市","三刀屋町里坊"],"6900826":[32,"松江市","学園南"],"6900017":[32,"松江市","西津田"],"6900816":[32,"松江市","北陵町"],"6901405":[32,"松江市","八束町入江"],"6900121":[32,"松江市","古志町"],"6900044":[32,"松江市","浜乃木"],"6900831":[32,"松江市","大海崎町"],"6900032":[32,"松江市","大草町"],"6901114":[32,"松江市","野原町"],"6900042":[32,"松江市","栄町"],"6900804":[32,"松江市","鹿島町北講武"],"6903404":[32,"飯石郡飯南町","真木"],"6900881":[32,"松江市","石橋町"],"6903207":[32,"飯石郡飯南町","頓原"],"6900887":[32,"松江市","殿町"],"6900864":[32,"松江市","東生馬町"],"6900884":[32,"松江市","南田町"],"6900022":[32,"松江市","青葉台"],"6902625":[32,"雲南市","三刀屋町坂本"],"6903203":[32,"飯石郡飯南町","都加賀"],"6900003":[32,"松江市","朝日町"],"6900323":[32,"松江市","鹿島町手結"],"6903514":[32,"飯石郡飯南町","井戸谷"],"6900025":[32,"松江市","八幡町"],"6900851":[32,"松江市","堂形町"],"6903312":[32,"飯石郡飯南町","八神"],"6902313":[32,"雲南市","吉田町深野"],"6900876":[32,"松江市","黒田町"],"6900037":[32,"松江市","西忌部町"],"6901112":[32,"松江市","長海町"],"6900043":[32,"松江市","松尾町"],"6900322":[32,"松江市","鹿島町恵曇"],"6901115":[32,"松江市","邑生町"],"6900832":[32,"松江市","大井町"],"6903513":[32,"飯石郡飯南町","下赤名"],"6901402":[32,"松江市","八束町馬渡"],"6900049":[32,"松江市","袖師町"],"6900054":[32,"松江市","新雑賀町"],"6900063":[32,"松江市","寺町"],"6900038":[32,"松江市","平成町"],"6903206":[32,"飯石郡飯南町","花栗"],"6900871":[32,"松江市","東奥谷町"],"6903204":[32,"飯石郡飯南町","佐見"],"6900005":[32,"松江市","和多見町"],"6901504":[32,"松江市","美保関町福浦"],"6902523":[32,"雲南市","三刀屋町中野"],"6900132":[32,"松江市","西長江町"],"6901102":[32,"松江市","上本庄町"],"6900886":[32,"松江市","母衣町"],"6900014":[32,"松江市","八雲台"],"6900855":[32,"松江市","浜佐田町"],"6903401":[32,"飯石郡飯南町","野萱"],"6900844":[32,"松江市","東茶町"],"6900333":[32,"松江市","鹿島町古浦"],"6900012":[32,"松江市","古志原"],"6900401":[32,"松江市","島根町加賀"],"6902101":[32,"松江市","八雲町日吉"],"6902311":[32,"雲南市","吉田町上山"],"6900034":[32,"松江市","一の谷町"],"6902103":[32,"松江市","八雲町西岩坂"],"6901221":[32,"松江市","美保関町北浦"],"6900262":[32,"松江市","岡本町"],"6900859":[32,"松江市","国屋町"],"6900264":[32,"松江市","大野町"],"6900053":[32,"松江市","本郷町"],"6900031":[32,"松江市","山代町"],"6902704":[32,"雲南市","掛合町穴見"],"6900056":[32,"松江市","雑賀町"],"6900331":[32,"松江市","鹿島町佐陀宮内"],"6900861":[32,"松江市","法吉町"],"6900001":[32,"松江市","東朝日町"],"6901111":[32,"松江市","枕木町"],"6900868":[32,"松江市","淞北台"],"6900878":[32,"松江市","砂子町"],"6902705":[32,"雲南市","掛合町松笠"],"6900877":[32,"松江市","春日町"],"6903511":[32,"飯石郡飯南町","赤名"],"6900823":[32,"松江市","西川津町"],"6900874":[32,"松江市","中原町"],"6902405":[32,"雲南市","三刀屋町古城"],"6902633":[32,"雲南市","三刀屋町殿河内"],"6900006":[32,"松江市","伊勢宮町"],"6903314":[32,"飯石郡飯南町","角井"],"6900882":[32,"松江市","大輪町"],"6900263":[32,"松江市","大垣町"],"6903313":[32,"飯石郡飯南町","志津見"],"6900842":[32,"松江市","東本町"],"6903403":[32,"飯石郡飯南町","小田"],"6900045":[32,"松江市","乃白町"],"6900122":[32,"松江市","西浜佐陀町"],"6901404":[32,"松江市","八束町波入"],"6902402":[32,"雲南市","三刀屋町給下"],"6900822":[32,"松江市","下東川津町"],"6900834":[32,"松江市","朝酌町"],"6900047":[32,"松江市","嫁島町"],"6902403":[32,"雲南市","三刀屋町下熊谷"],"6900825":[32,"松江市","学園"],"6900013":[32,"松江市","古志原町"],"6902701":[32,"雲南市","掛合町掛合"],"6901222":[32,"松江市","美保関町千酌"],"6902801":[32,"雲南市","吉田町吉田"],"6900061":[32,"松江市","白潟本町"],"6901408":[32,"松江市","八束町亀尻"],"6900814":[32,"松江市","東持田町"],"6900411":[32,"松江市","鹿島町御津"],"6902522":[32,"雲南市","三刀屋町六重"],"6901104":[32,"松江市","上宇部尾町"],"6900002":[32,"松江市","大正町"],"6900802":[32,"松江市","鹿島町南講武"],"6901211":[32,"松江市","島根町野井"],"6900261":[32,"松江市","秋鹿町"],"6900872":[32,"松江市","奥谷町"],"6900883":[32,"松江市","北田町"],"6903311":[32,"飯石郡飯南町","獅子"],"6900033":[32,"松江市","大庭町"],"6903405":[32,"飯石郡飯南町","上来島"],"6900863":[32,"松江市","比津町"],"6900004":[32,"松江市","八軒屋町"],"6902104":[32,"松江市","八雲町熊野"],"6902631":[32,"雲南市","三刀屋町根波別所"],"6903200":[32,"飯石郡飯南町",""],"6900865":[32,"松江市","西生馬町"],"6900854":[32,"松江市","南平台"],"6900847":[32,"松江市","片原町"],"6900021":[32,"松江市","矢田町"],"6900845":[32,"松江市","西茶町"],"6900875":[32,"松江市","外中原町"],"6901213":[32,"松江市","島根町多古"],"6900027":[32,"松江市","意宇町"],"6900811":[32,"松江市","福原町"],"6900888":[32,"松江市","北堀町"],"6902703":[32,"雲南市","掛合町波多"],"6901406":[32,"松江市","八束町二子"],"6901313":[32,"松江市","美保関町下宇部尾"],"6900023":[32,"松江市","竹矢町"],"6902802":[32,"雲南市","吉田町民谷"]}
