{"6970121":[32,"浜田市","金城町下来原"],"6970312":[32,"浜田市","宇津井町"],"6970211":[32,"浜田市","金城町波佐"],"6971332":[32,"浜田市","田橋町"],"6970422":[32,"浜田市","旭町本郷"],"6970013":[32,"浜田市","三階町"],"6971121":[32,"浜田市","弥栄町野坂"],"6970305":[32,"浜田市","金城町入野"],"6970423":[32,"浜田市","旭町重富"],"6970032":[32,"浜田市","牛市町"],"6970304":[32,"浜田市","金城町宇津井"],"6970014":[32,"浜田市","長見町"],"6970421":[32,"浜田市","旭町山ノ内"],"6970061":[32,"浜田市","笠柄町"],"6971338":[32,"浜田市","折居町"],"6970301":[32,"浜田市","金城町追原"],"6970062":[32,"浜田市","熱田町"],"6970512":[32,"浜田市","旭町来尾"],"6970016":[32,"浜田市","野原町"],"6970057":[32,"浜田市","瀬戸見町"],"6970034":[32,"浜田市","相生町"],"6970123":[32,"浜田市","金城町七条"],"6971336":[32,"浜田市","横山町"],"6970063":[32,"浜田市","長浜町"],"6970005":[32,"浜田市","上府町"],"6970001":[32,"浜田市","外ノ浦町"],"6971201":[32,"浜田市","弥栄町栃木"],"6971326":[32,"浜田市","治和町"],"6971204":[32,"浜田市","弥栄町門田"],"6970425":[32,"浜田市","旭町今市"],"6971324":[32,"浜田市","穂出町"],"6971337":[32,"浜田市","西村町"],"6970041":[32,"浜田市","片庭町"],"6970054":[32,"浜田市","高田町"],"6970631":[32,"邑智郡邑南町","市木"],"6970033":[32,"浜田市","朝日町"],"6971327":[32,"浜田市","津摩町"],"6970513":[32,"浜田市","旭町坂本"],"6970426":[32,"浜田市","旭町丸原"],"6970015":[32,"浜田市","竹迫町"],"6971321":[32,"浜田市","周布町"],"6970007":[32,"浜田市","高佐町"],"6970055":[32,"浜田市","元浜町"],"6971322":[32,"浜田市","日脚町"],"6971331":[32,"浜田市","内村町"],"6970045":[32,"浜田市","京町"],"6970036":[32,"浜田市","天満町"],"6971323":[32,"浜田市","内田町"],"6971215":[32,"浜田市","弥栄町稲代"],"6970302":[32,"浜田市","金城町今福"],"6970011":[32,"浜田市","後野町"],"6970003":[32,"浜田市","国分町"],"6971325":[32,"浜田市","吉地町"],"6971214":[32,"浜田市","弥栄町大坪"],"6970037":[32,"浜田市","新町"],"6970046":[32,"浜田市","真光町"],"6970006":[32,"浜田市","下府町"],"6971211":[32,"浜田市","弥栄町長安本郷"],"6970424":[32,"浜田市","旭町和田"],"6970031":[32,"浜田市","紺屋町"],"6970053":[32,"浜田市","大辻町"],"6970012":[32,"浜田市","河内町"],"6970311":[32,"浜田市","佐野町"],"6970022":[32,"浜田市","浅井町"],"6970303":[32,"浜田市","金城町久佐"],"6970212":[32,"浜田市","金城町長田"],"6970023":[32,"浜田市","長沢町"],"6970021":[32,"浜田市","松原町"],"6970431":[32,"浜田市","旭町坂本"],"6970000":[32,"浜田市",""],"6970514":[32,"浜田市","旭町市木"],"6971203":[32,"浜田市","弥栄町高内"],"6971202":[32,"浜田市","弥栄町小坂"],"6970427":[32,"浜田市","旭町木田"],"6970017":[32,"浜田市","原井町"],"6970511":[32,"浜田市","旭町都川"],"6970051":[32,"浜田市","瀬戸ケ島町"],"6970056":[32,"浜田市","原町"],"6970035":[32,"浜田市","杉戸町"],"6970024":[32,"浜田市","黒川町"],"6970064":[32,"浜田市","内田町"],"6971335":[32,"浜田市","井野町"],"6970004":[32,"浜田市","久代町"],"6970027":[32,"浜田市","殿町"],"6970213":[32,"浜田市","金城町小国"],"6970043":[32,"浜田市","栄町"],"6971333":[32,"浜田市","鍋石町"],"6971123":[32,"浜田市","弥栄町田野原"],"6971334":[32,"浜田市","櫟田原町"],"6971213":[32,"浜田市","弥栄町程原"],"6971122":[32,"浜田市","弥栄町木都賀"],"6970052":[32,"浜田市","港町"],"6970002":[32,"浜田市","生湯町"],"6970042":[32,"浜田市","錦町"],"6970047":[32,"浜田市","清水町"],"6970025":[32,"浜田市","琵琶町"],"6970122":[32,"浜田市","金城町上来原"],"6970026":[32,"浜田市","田町"],"6971212":[32,"浜田市","弥栄町三里"],"6970065":[32,"浜田市","内村町"],"6970044":[32,"浜田市","蛭子町"]}
