{"8080074":[40,"北九州市若松区","藤ノ木"],"8080111":[40,"北九州市若松区","柳崎町"],"8080147":[40,"北九州市若松区","高須北"],"8080101":[40,"北九州市若松区","西天神町"],"8080105":[40,"北九州市若松区","鴨生田"],"8080063":[40,"北九州市若松区","和田町"],"8080145":[40,"北九州市若松区","高須南"],"8080006":[40,"北九州市若松区","宮前町"],"8080075":[40,"北九州市若松区","赤岩町"],"8080052":[40,"北九州市若松区","新大谷町"],"8080047":[40,"北九州市若松区","中畑町"],"8080143":[40,"北九州市若松区","青葉台西"],"8080132":[40,"北九州市若松区","小敷"],"8080022":[40,"北九州市若松区","安瀬"],"8080003":[40,"北九州市若松区","赤崎町"],"8080175":[40,"北九州市若松区","赤岩町"],"8080124":[40,"北九州市若松区","安屋"],"8080134":[40,"北九州市若松区","乙丸"],"8080146":[40,"北九州市若松区","高須西"],"8080013":[40,"北九州市若松区","波打町"],"8080036":[40,"北九州市若松区","山手町"],"8080142":[40,"北九州市若松区","青葉台南"],"8080045":[40,"北九州市若松区","山ノ堂町"],"8080008":[40,"北九州市若松区","小竹"],"8080042":[40,"北九州市若松区","棚田町"],"8080032":[40,"北九州市若松区","老松"],"8080021":[40,"北九州市若松区","響町"],"8080141":[40,"北九州市若松区","青葉台東"],"8080007":[40,"北九州市若松区","小石"],"8080121":[40,"北九州市若松区","竹並"],"8080023":[40,"北九州市若松区","北浜"],"8080004":[40,"北九州市若松区","西小石町"],"8080133":[40,"北九州市若松区","大鳥居"],"8080031":[40,"北九州市若松区","西園町"],"8080017":[40,"北九州市若松区","東小石町"],"8080144":[40,"北九州市若松区","高須東"],"8080055":[40,"北九州市若松区","畑谷町"],"8080014":[40,"北九州市若松区","栄盛川町"],"8080054":[40,"北九州市若松区","久岐の浜"],"8080065":[40,"北九州市若松区","藤木"],"8080104":[40,"北九州市若松区","畠田"],"8080012":[40,"北九州市若松区","深町"],"8080122":[40,"北九州市若松区","蜑住"],"8080000":[40,"北九州市若松区",""],"8080139":[40,"北九州市若松区","小敷ひびきの"],"8080043":[40,"北九州市若松区","西畑町"],"8080073":[40,"北九州市若松区","赤島町"],"8080072":[40,"北九州市若松区","百合野町"],"8080135":[40,"北九州市若松区","ひびきの"],"8080112":[40,"北九州市若松区","頓田"],"8080136":[40,"北九州市若松区","花野路"],"8080025":[40,"北九州市若松区","中川町"],"8080061":[40,"北九州市若松区","大池町"],"8080011":[40,"北九州市若松区","響南町"],"8080044":[40,"北九州市若松区","東畑町"],"8080108":[40,"北九州市若松区","小竹"],"8080123":[40,"北九州市若松区","有毛"],"8080005":[40,"北九州市若松区","下原町"],"8080109":[40,"北九州市若松区","南二島"],"8080066":[40,"北九州市若松区","くきのうみ中央"],"8080026":[40,"北九州市若松区","桜町"],"8080046":[40,"北九州市若松区","小糸町"],"8080137":[40,"北九州市若松区","ひびきの南"],"8080053":[40,"北九州市若松区","修多羅"],"8080064":[40,"北九州市若松区","宮丸"],"8080148":[40,"北九州市若松区","高須"],"8080103":[40,"北九州市若松区","二島"],"8080077":[40,"北九州市若松区","用勺町"],"8080102":[40,"北九州市若松区","東二島"],"8080024":[40,"北九州市若松区","浜町"],"8080015":[40,"北九州市若松区","上原町"],"8080001":[40,"北九州市若松区","小石本村町"],"8080051":[40,"北九州市若松区","大谷町"],"8080071":[40,"北九州市若松区","今光"],"8080076":[40,"北九州市若松区","童子丸"],"8080035":[40,"北九州市若松区","白山"],"8080016":[40,"北九州市若松区","原町"],"8080106":[40,"北九州市若松区","片山"],"8080041":[40,"北九州市若松区","迫田町"],"8080002":[40,"北九州市若松区","向洋町"],"8080033":[40,"北九州市若松区","大井戸町"],"8080062":[40,"北九州市若松区","古前"],"8080027":[40,"北九州市若松区","北湊町"],"8080113":[40,"北九州市若松区","払川"],"8080131":[40,"北九州市若松区","塩屋"],"8080138":[40,"北九州市若松区","ひびきの北"],"8080034":[40,"北九州市若松区","本町"]}
