{"2750002":[12,"習志野市","実籾"],"2750028":[12,"習志野市","奏の杜"],"2750005":[12,"習志野市","新栄"],"2750017":[12,"習志野市","藤崎"],"2750001":[12,"習志野市","東習志野"],"2750014":[12,"習志野市","鷺沼"],"2750012":[12,"習志野市","本大久保"],"2750013":[12,"習志野市","花咲"],"2750022":[12,"習志野市","香澄"],"2750000":[12,"習志野市",""],"2750023":[12,"習志野市","芝園"],"2750024":[12,"習志野市","茜浜"],"2750015":[12,"習志野市","鷺沼台"],"2750004":[12,"習志野市","屋敷"],"2750003":[12,"習志野市","実籾本郷"],"2750016":[12,"習志野市","津田沼"],"2750026":[12,"習志野市","谷津"],"2750021":[12,"習志野市","袖ケ浦"],"2750027":[12,"習志野市","谷津町"],"2750025":[12,"習志野市","秋津"],"2750006":[12,"習志野市","泉町"],"2750011":[12,"習志野市","大久保"]}
