{"1890001":[13,"東村山市","秋津町"],"1890014":[13,"東村山市","本町"],"1890024":[13,"東村山市","富士見町"],"1890011":[13,"東村山市","恩多町"],"1890000":[13,"東村山市",""],"1890013":[13,"東村山市","栄町"],"1890022":[13,"東村山市","野口町"],"1890002":[13,"東村山市","青葉町"],"1890012":[13,"東村山市","萩山町"],"1890023":[13,"東村山市","美住町"],"1890026":[13,"東村山市","多摩湖町"],"1890003":[13,"東村山市","久米川町"],"1890021":[13,"東村山市","諏訪町"],"1890025":[13,"東村山市","廻田町"]}
