{"6370000":[29,"五條市",""],"6370072":[29,"五條市","犬飼町"],"6370027":[29,"五條市","島野町"],"6371224":[29,"吉野郡十津川村","五百瀬"],"6371667":[29,"吉野郡十津川村","小坪瀬"],"6370037":[29,"五條市","野原中"],"6371664":[29,"吉野郡十津川村","今西"],"6371556":[29,"吉野郡十津川村","桑畑"],"6370002":[29,"五條市","三在町"],"6370025":[29,"五條市","車谷町"],"6370230":[29,"五條市","西吉野町城戸"],"6370064":[29,"五條市","山陰町"],"6371101":[29,"吉野郡十津川村","沼田原"],"6371445":[29,"吉野郡十津川村","込之上"],"6370403":[29,"五條市","大塔町中井傍示"],"6370232":[29,"五條市","西吉野町津越"],"6370103":[29,"五條市","西吉野町向加名生"],"6371106":[29,"吉野郡十津川村","谷瀬"],"6370417":[29,"五條市","大塔町阪本"],"6371558":[29,"吉野郡十津川村","出谷"],"6371335":[29,"吉野郡十津川村","湯之原"],"6370076":[29,"五條市","木ノ原町"],"6371217":[29,"吉野郡十津川村","風屋"],"6370005":[29,"五條市","須恵"],"6371333":[29,"吉野郡十津川村","小原"],"6371442":[29,"吉野郡十津川村","高滝"],"6371104":[29,"吉野郡十津川村","高津"],"6370407":[29,"五條市","大塔町閉君"],"6371221":[29,"吉野郡十津川村","内野"],"6370043":[29,"五條市","新町"],"6370421":[29,"吉野郡野迫川村","今井"],"6370015":[29,"五條市","大野新田町"],"6370221":[29,"五條市","西吉野町永谷"],"6370423":[29,"吉野郡野迫川村","柞原"],"6370226":[29,"五條市","西吉野町西日裏"],"6370091":[29,"五條市","北山町"],"6370065":[29,"五條市","阪合部新田町"],"6370402":[29,"五條市","大塔町惣谷"],"6370073":[29,"五條市","上野町"],"6370104":[29,"五條市","西吉野町屋那瀬"],"6370102":[29,"五條市","西吉野町黒淵"],"6370113":[29,"五條市","西吉野町神野"],"6370011":[29,"五條市","出屋敷町"],"6370105":[29,"五條市","西吉野町湯塩"],"6370235":[29,"五條市","西吉野町平雄"],"6370074":[29,"五條市","相谷町"],"6370061":[29,"五條市","中町"],"6370069":[29,"五條市","表野町"],"6370023":[29,"五條市","南阿田町"],"6371223":[29,"吉野郡十津川村","三浦"],"6371443":[29,"吉野郡十津川村","折立"],"6370224":[29,"五條市","西吉野町茄子原"],"6371213":[29,"吉野郡十津川村","野尻"],"6371553":[29,"吉野郡十津川村","山手"],"6371661":[29,"吉野郡十津川村","重里"],"6370092":[29,"五條市","岡町"],"6371108":[29,"吉野郡十津川村","長殿"],"6370021":[29,"五條市","東阿田町"],"6370238":[29,"五條市","西吉野町西野"],"6370233":[29,"五條市","西吉野町桧川迫"],"6370419":[29,"五條市","大塔町簾"],"6371551":[29,"吉野郡十津川村","那知合"],"6370003":[29,"五條市","宇野町"],"6370036":[29,"五條市","野原西"],"6370222":[29,"五條市","西吉野町立川渡"],"6370034":[29,"五條市","野原町"],"6370231":[29,"五條市","西吉野町川岸"],"6370052":[29,"五條市","丹原町"],"6371211":[29,"吉野郡十津川村","滝川"],"6370083":[29,"五條市","下之町"],"6370412":[29,"五條市","大塔町飛養曽"],"6371225":[29,"吉野郡十津川村","杉清"],"6371663":[29,"吉野郡十津川村","玉垣内"],"6370018":[29,"五條市","久留野町"],"6370071":[29,"五條市","二見"],"6370038":[29,"五條市","野原東"],"6370041":[29,"五條市","本町"],"6371102":[29,"吉野郡十津川村","旭"],"6370060":[29,"五條市","大津町"],"6371334":[29,"吉野郡十津川村","小森"],"6371216":[29,"吉野郡十津川村","川津"],"6371441":[29,"吉野郡十津川村","小川"],"6370020":[29,"五條市","西阿田町"],"6370227":[29,"五條市","西吉野町勢井"],"6370115":[29,"五條市","西吉野町北曽木"],"6370117":[29,"五條市","西吉野町賀名生"],"6370422":[29,"吉野郡野迫川村","平川"],"6370409":[29,"五條市","大塔町殿野"],"6370416":[29,"五條市","大塔町小代"],"6370077":[29,"五條市","大沢町"],"6370028":[29,"五條市","原町"],"6371555":[29,"吉野郡十津川村","猿飼"],"6370404":[29,"五條市","大塔町中峯"],"6371214":[29,"吉野郡十津川村","山崎"],"6371668":[29,"吉野郡十津川村","迫西川"],"6371332":[29,"吉野郡十津川村","武蔵"],"6370405":[29,"五條市","大塔町宇井"],"6371665":[29,"吉野郡十津川村","西中"],"6371446":[29,"吉野郡十津川村","樫原"],"6371103":[29,"吉野郡十津川村","上野地"],"6370408":[29,"五條市","大塔町辻堂"],"6370081":[29,"五條市","上之町"],"6370022":[29,"五條市","八田町"],"6370424":[29,"吉野郡野迫川村","中"],"6370054":[29,"五條市","樫辻町"],"6370012":[29,"五條市","小山町"],"6370031":[29,"五條市","小島町"],"6371331":[29,"吉野郡十津川村","大野"],"6370068":[29,"五條市","火打町"],"6370001":[29,"五條市","西河内町"],"6370066":[29,"五條市","大深町"],"6370063":[29,"五條市","大野町"],"6370016":[29,"五條市","近内町"],"6370082":[29,"五條市","中之町"],"6370401":[29,"五條市","大塔町篠原"],"6370014":[29,"五條市","住川町"],"6370093":[29,"五條市","田園"],"6370223":[29,"五條市","西吉野町本谷"],"6371107":[29,"吉野郡十津川村","宇宮原"],"6370067":[29,"五條市","田殿町"],"6370239":[29,"五條市","西吉野町陰地"],"6371444":[29,"吉野郡十津川村","山手谷"],"6370413":[29,"五條市","大塔町引土"],"6370111":[29,"五條市","西吉野町江出"],"6370101":[29,"五條市","西吉野町大日川"],"6370017":[29,"五條市","西久留野町"],"6371662":[29,"吉野郡十津川村","永井"],"6370236":[29,"五條市","西吉野町阪巻"],"6370075":[29,"五條市","畑田町"],"6370411":[29,"五條市","大塔町堂平"],"6371559":[29,"吉野郡十津川村","上湯川"],"6370425":[29,"吉野郡野迫川村","上"],"6370032":[29,"五條市","六倉町"],"6370234":[29,"五條市","西吉野町大峯"],"6370112":[29,"五條市","西吉野町老野"],"6370013":[29,"五條市","居伝町"],"6371222":[29,"吉野郡十津川村","山天"],"6370406":[29,"五條市","大塔町清水"],"6370026":[29,"五條市","湯谷市塚町"],"6370053":[29,"五條市","生子町"],"6370029":[29,"五條市","山田町"],"6370237":[29,"五條市","西吉野町宗川野"],"6370006":[29,"五條市","岡口"],"6370035":[29,"五條市","霊安寺町"],"6370414":[29,"五條市","大塔町猿谷"],"6370225":[29,"五條市","西吉野町川股"],"6370084":[29,"五條市","釜窪町"],"6371212":[29,"吉野郡十津川村","内原"],"6371500":[29,"吉野郡十津川村",""],"6370051":[29,"五條市","御山町"],"6370116":[29,"五條市","西吉野町和田"],"6370062":[29,"五條市","黒駒町"],"6371552":[29,"吉野郡十津川村","谷垣内"],"6371557":[29,"吉野郡十津川村","七色"],"6371105":[29,"吉野郡十津川村","林"],"6371215":[29,"吉野郡十津川村","池穴"],"6371666":[29,"吉野郡十津川村","小山手"],"6370114":[29,"五條市","西吉野町滝"],"6370019":[29,"五條市","小和町"],"6370415":[29,"五條市","大塔町中原"],"6371554":[29,"吉野郡十津川村","平谷"],"6370024":[29,"五條市","滝町"],"6371336":[29,"吉野郡十津川村","小井"],"6370078":[29,"五條市","なつみ台"],"6370033":[29,"五條市","牧町"],"6370004":[29,"五條市","今井"],"6370042":[29,"五條市","五條"]}
