{"2880875":[12,"銚子市","諸持町"],"2880015":[12,"銚子市","犬若"],"2880025":[12,"銚子市","潮見町"],"2880832":[12,"銚子市","松岸見晴台"],"2880835":[12,"銚子市","垣根町"],"2880004":[12,"銚子市","笠上町"],"2880833":[12,"銚子市","垣根見晴台"],"2880072":[12,"銚子市","弥生町"],"2880031":[12,"銚子市","前宿町"],"2880804":[12,"銚子市","今宮町"],"2880003":[12,"銚子市","黒生町"],"2880821":[12,"銚子市","小浜町"],"2880873":[12,"銚子市","笹本町"],"2880054":[12,"銚子市","馬場町"],"2880012":[12,"銚子市","犬吠埼"],"2880853":[12,"銚子市","白石町"],"2880874":[12,"銚子市","豊里台"],"2880045":[12,"銚子市","三軒町"],"2880803":[12,"銚子市","八幡町"],"2880042":[12,"銚子市","末広町"],"2880834":[12,"銚子市","高野町"],"2880071":[12,"銚子市","植松町"],"2880814":[12,"銚子市","春日町"],"2880011":[12,"銚子市","君ケ浜"],"2880076":[12,"銚子市","本町"],"2880063":[12,"銚子市","清水町"],"2880016":[12,"銚子市","外川台町"],"2880055":[12,"銚子市","陣屋町"],"2880041":[12,"銚子市","中央町"],"2880067":[12,"銚子市","新地町"],"2880812":[12,"銚子市","栄町"],"2880863":[12,"銚子市","野尻町"],"2880077":[12,"銚子市","仲町"],"2880014":[12,"銚子市","外川町"],"2880061":[12,"銚子市","港町"],"2880048":[12,"銚子市","双葉町"],"2880064":[12,"銚子市","後飯町"],"2880802":[12,"銚子市","松本町"],"2880815":[12,"銚子市","三崎町"],"2880062":[12,"銚子市","竹町"],"2880044":[12,"銚子市","西芝町"],"2880074":[12,"銚子市","橋本町"],"2880837":[12,"銚子市","長塚町"],"2880852":[12,"銚子市","岡野台町"],"2880032":[12,"銚子市","東小川町"],"2880026":[12,"銚子市","高神西町"],"2880065":[12,"銚子市","田中町"],"2880033":[12,"銚子市","南小川町"],"2880021":[12,"銚子市","小畑新町"],"2880836":[12,"銚子市","松岸町"],"2880857":[12,"銚子市","船木町"],"2880066":[12,"銚子市","和田町"],"2880825":[12,"銚子市","新町"],"2880051":[12,"銚子市","飯沼町"],"2880842":[12,"銚子市","柴崎町"],"2880801":[12,"銚子市","唐子町"],"2880841":[12,"銚子市","四日市場町"],"2880843":[12,"銚子市","四日市場台"],"2880811":[12,"銚子市","妙見町"],"2880007":[12,"銚子市","愛宕町"],"2880036":[12,"銚子市","西小川町"],"2880858":[12,"銚子市","中島町"],"2880027":[12,"銚子市","高神原町"],"2880864":[12,"銚子市","小船木町"],"2880047":[12,"銚子市","若宮町"],"2880813":[12,"銚子市","台町"],"2880022":[12,"銚子市","小畑町"],"2880824":[12,"銚子市","常世田町"],"2880023":[12,"銚子市","高神東町"],"2880000":[12,"銚子市",""],"2880038":[12,"銚子市","南町"],"2880854":[12,"銚子市","茶畑町"],"2880866":[12,"銚子市","小長町"],"2880871":[12,"銚子市","富川町"],"2880851":[12,"銚子市","三門町"],"2880002":[12,"銚子市","明神町"],"2880872":[12,"銚子市","森戸町"],"2880868":[12,"銚子市","塚本町"],"2880013":[12,"銚子市","長崎町"],"2880068":[12,"銚子市","内浜町"],"2880856":[12,"銚子市","正明寺町"],"2880035":[12,"銚子市","名洗町"],"2880006":[12,"銚子市","榊町"],"2880877":[12,"銚子市","宮原町"],"2880865":[12,"銚子市","長山町"],"2880005":[12,"銚子市","海鹿島町"],"2880816":[12,"銚子市","春日台町"],"2880844":[12,"銚子市","赤塚町"],"2880862":[12,"銚子市","高田町"],"2880861":[12,"銚子市","芦崎町"],"2880043":[12,"銚子市","東芝町"],"2880056":[12,"銚子市","新生町"],"2880817":[12,"銚子市","清川町"],"2880831":[12,"銚子市","本城町"],"2880075":[12,"銚子市","通町"],"2880855":[12,"銚子市","猿田町"],"2880845":[12,"銚子市","三宅町"],"2880034":[12,"銚子市","粟島町"],"2880823":[12,"銚子市","親田町"],"2880846":[12,"銚子市","余山町"],"2880822":[12,"銚子市","八木町"],"2880073":[12,"銚子市","幸町"],"2880037":[12,"銚子市","北小川町"],"2880053":[12,"銚子市","東町"],"2880867":[12,"銚子市","忍町"],"2880001":[12,"銚子市","川口町"],"2880046":[12,"銚子市","大橋町"],"2880876":[12,"銚子市","桜井町"],"2880052":[12,"銚子市","浜町"],"2880024":[12,"銚子市","天王台"],"2880805":[12,"銚子市","上野町"]}
