{"0730158":[1,"砂川市","吉野一条北"],"0730116":[1,"砂川市","鶉"],"0730162":[1,"砂川市","西二条北"],"0730203":[1,"空知郡上砂川町","中町"],"0730026":[1,"滝川市","東滝川"],"0731321":[1,"樺戸郡新十津川町","学園"],"0730014":[1,"滝川市","文京町"],"0730212":[1,"空知郡上砂川町","鶉"],"0730402":[1,"歌志内市","東光"],"0730146":[1,"砂川市","西六条南"],"0730016":[1,"滝川市","一の坂町東"],"0730144":[1,"砂川市","西四条南"],"0730201":[1,"空知郡上砂川町","中央"],"0730171":[1,"砂川市","空知太西一条"],"0730085":[1,"砂川市","富平"],"0730035":[1,"滝川市","中島町"],"0730175":[1,"砂川市","空知太西五条"],"0730123":[1,"砂川市","吉野三条南"],"0730044":[1,"滝川市","西町"],"0730137":[1,"砂川市","東七条南"],"0730126":[1,"砂川市","東豊沼"],"0730012":[1,"滝川市","黄金町東"],"0730221":[1,"空知郡上砂川町","鶉本町"],"0730124":[1,"砂川市","吉野四条南"],"0730134":[1,"砂川市","東四条南"],"0730172":[1,"砂川市","空知太西二条"],"0730105":[1,"砂川市","空知太東五条"],"0730004":[1,"滝川市","滝の川町東"],"0731100":[1,"樺戸郡新十津川町",""],"0730405":[1,"歌志内市","神威"],"0730042":[1,"滝川市","泉町"],"0730021":[1,"滝川市","本町"],"0730034":[1,"滝川市","空知町"],"0731323":[1,"樺戸郡新十津川町","幌加"],"0730176":[1,"砂川市","空知太西六条"],"0730100":[1,"砂川市",""],"0730177":[1,"砂川市","空知太"],"0730161":[1,"砂川市","西一条北"],"0730157":[1,"砂川市","三砂町"],"0730155":[1,"砂川市","東五条北"],"0730132":[1,"砂川市","東二条南"],"0730018":[1,"滝川市","朝日町西"],"0730121":[1,"砂川市","吉野一条南"],"0730001":[1,"滝川市","北滝の川"],"0730006":[1,"滝川市","二の坂町西"],"0730022":[1,"滝川市","大町"],"0730127":[1,"砂川市","日の出一条南"],"0730107":[1,"砂川市","一の沢"],"0730151":[1,"砂川市","東一条北"],"0730045":[1,"滝川市","有明町"],"0730206":[1,"空知郡上砂川町","東山"],"0730112":[1,"砂川市","晴見二条北"],"0731104":[1,"樺戸郡新十津川町","弥生"],"0730153":[1,"砂川市","東三条北"],"0730024":[1,"滝川市","東町"],"0730141":[1,"砂川市","西一条南"],"0730403":[1,"歌志内市","本町"],"0730032":[1,"滝川市","明神町"],"0730148":[1,"砂川市","西豊沼"],"0730103":[1,"砂川市","空知太東三条"],"0730145":[1,"砂川市","西五条南"],"0730174":[1,"砂川市","空知太西四条"],"0730036":[1,"滝川市","花月町"],"0730005":[1,"滝川市","二の坂町東"],"0730033":[1,"滝川市","新町"],"0730106":[1,"砂川市","空知太"],"0730003":[1,"滝川市","滝の川町西"],"0730404":[1,"歌志内市","歌神"],"0731102":[1,"樺戸郡新十津川町","大和"],"0730138":[1,"砂川市","豊沼町"],"0730213":[1,"空知郡上砂川町","緑が丘"],"0730104":[1,"砂川市","空知太東四条"],"0730013":[1,"滝川市","南滝の川"],"0730143":[1,"砂川市","西三条南"],"0730015":[1,"滝川市","朝日町東"],"0730211":[1,"空知郡上砂川町","東鶉"],"0731106":[1,"樺戸郡新十津川町","総進"],"0730011":[1,"滝川市","黄金町西"],"0730027":[1,"滝川市","東滝川町"],"0730025":[1,"滝川市","流通団地"],"0730147":[1,"砂川市","西七条南"],"0730406":[1,"歌志内市","中村"],"0730131":[1,"砂川市","東一条南"],"0730108":[1,"砂川市","北光"],"0730204":[1,"空知郡上砂川町","本町"],"0730173":[1,"砂川市","空知太西三条"],"0730401":[1,"歌志内市","上歌"],"0730163":[1,"砂川市","西三条北"],"0730407":[1,"歌志内市","文珠"],"0731101":[1,"樺戸郡新十津川町","士寸"],"0730125":[1,"砂川市","宮城の沢"],"0730202":[1,"空知郡上砂川町","東町"],"0730165":[1,"砂川市","西五条北"],"0730154":[1,"砂川市","東四条北"],"0730136":[1,"砂川市","東六条南"],"0730117":[1,"砂川市","南吉野町"],"0730167":[1,"砂川市","西七条北"],"0730115":[1,"砂川市","焼山"],"0731322":[1,"樺戸郡新十津川町","吉野"],"0730000":[1,"滝川市",""],"0730102":[1,"砂川市","空知太東二条"],"0730178":[1,"砂川市","袋地"],"0730114":[1,"砂川市","晴見四条北"],"0730159":[1,"砂川市","吉野二条北"],"0730101":[1,"砂川市","空知太東一条"],"0730023":[1,"滝川市","緑町"],"0730164":[1,"砂川市","西四条北"],"0730046":[1,"滝川市","扇町"],"0731105":[1,"樺戸郡新十津川町","花月"],"0730133":[1,"砂川市","東三条南"],"0731107":[1,"樺戸郡新十津川町","トップ"],"0730135":[1,"砂川市","東五条南"],"0730041":[1,"滝川市","西滝川"],"0730031":[1,"滝川市","栄町"],"0730205":[1,"空知郡上砂川町","朝駒"],"0730043":[1,"滝川市","幸町"],"0730222":[1,"空知郡上砂川町","下鶉"],"0730166":[1,"砂川市","西六条北"],"0730156":[1,"砂川市","東六条北"],"0730017":[1,"滝川市","一の坂町西"],"0730002":[1,"滝川市","屯田町西"],"0730200":[1,"空知郡上砂川町",""],"0730118":[1,"砂川市","北吉野町"],"0730181":[1,"樺戸郡新十津川町","弥生"],"0730111":[1,"砂川市","晴見一条北"],"0730113":[1,"砂川市","晴見三条北"],"0730400":[1,"歌志内市",""],"0730142":[1,"砂川市","西二条南"],"0730152":[1,"砂川市","東二条北"],"0730122":[1,"砂川市","吉野二条南"],"0730168":[1,"砂川市","西八条北"],"0731103":[1,"樺戸郡新十津川町","中央"]}
