{"1110036":[13,"台東区","松が谷"],"1110043":[13,"台東区","駒形"],"1110033":[13,"台東区","花川戸"],"1110022":[13,"台東区","清川"],"1110051":[13,"台東区","蔵前"],"1110056":[13,"台東区","小島"],"1110031":[13,"台東区","千束"],"1110025":[13,"台東区","東浅草"],"1110053":[13,"台東区","浅草橋"],"1110054":[13,"台東区","鳥越"],"1110055":[13,"台東区","三筋"],"1110021":[13,"台東区","日本堤"],"1110032":[13,"台東区","浅草"],"1110052":[13,"台東区","柳橋"],"1110023":[13,"台東区","橋場"],"1110042":[13,"台東区","寿"],"1110034":[13,"台東区","雷門"],"1110035":[13,"台東区","西浅草"],"1110024":[13,"台東区","今戸"],"1110041":[13,"台東区","元浅草"]}
