{"8796914":[44,"豊後大野市","清川町左右知"],"8796404":[44,"豊後大野市","大野町後田"],"8790623":[44,"豊後高田市","金谷町"],"8797125":[44,"豊後大野市","三重町内田"],"8797875":[44,"大分市","吉野原"],"8794802":[44,"玖珠郡九重町","野上"],"8797111":[44,"豊後大野市","三重町赤嶺"],"8790316":[44,"宇佐市","下時枝"],"8790474":[44,"宇佐市","山下"],"8795433":[44,"由布市","庄内町高岡"],"8791127":[44,"宇佐市","西屋敷"],"8796432":[44,"豊後大野市","大野町屋原"],"8790601":[44,"豊後高田市","草地"],"8790471":[44,"宇佐市","四日市"],"8790514":[44,"宇佐市","今成"],"8795422":[44,"由布市","庄内町野畑"],"8790454":[44,"宇佐市","法鏡寺"],"8796132":[44,"竹田市","荻町西福寺"],"8794122":[44,"日田市","天瀬町合田"],"8797313":[44,"豊後大野市","犬飼町黒松"],"8796612":[44,"豊後大野市","緒方町越生"],"8790842":[44,"豊後高田市","田染池部"],"8793401":[44,"佐伯市","宇目木浦鉱山"],"8796124":[44,"竹田市","荻町陽目"],"8796408":[44,"豊後大野市","大野町沢田"],"8796423":[44,"豊後大野市","大野町矢田"],"8797121":[44,"豊後大野市","三重町山部"],"8797871":[44,"大分市","辻"],"8790311":[44,"宇佐市","森山"],"8794521":[44,"玖珠郡玖珠町","太田"],"8790305":[44,"宇佐市","上高家"],"8792451":[44,"津久見市","新町"],"8790911":[44,"杵築市","大田波多方"],"8792413":[44,"津久見市","津久見浦"],"8794601":[44,"玖珠郡九重町","右田"],"8797100":[44,"豊後大野市",""],"8796201":[44,"豊後大野市","朝地町市万田"],"8790461":[44,"宇佐市","樋田"],"8795514":[44,"由布市","挾間町七蔵司"],"8794202":[44,"日田市","天瀬町赤岩"],"8790901":[44,"杵築市","大田石丸"],"8797155":[44,"豊後大野市","三重町向野"],"8790501":[44,"宇佐市","麻生"],"8796602":[44,"豊後大野市","緒方町志賀"],"8794332":[44,"玖珠郡玖珠町","山浦"],"8797305":[44,"豊後大野市","犬飼町田原"],"8796864":[44,"豊後大野市","緒方町上畑"],"8790606":[44,"豊後高田市","玉津"],"8794414":[44,"玖珠郡玖珠町","大隈"],"8793103":[44,"佐伯市","直川下直見"],"8797104":[44,"豊後大野市","三重町小坂"],"8790111":[44,"中津市","伊藤田"],"8796861":[44,"豊後大野市","緒方町小原"],"8794123":[44,"日田市","天瀬町女子畑"],"8797151":[44,"豊後大野市","三重町西泉"],"8792202":[44,"大分市","白木"],"8796751":[44,"豊後大野市","緒方町上年野"],"8795408":[44,"由布市","庄内町西大津留"],"8794404":[44,"玖珠郡玖珠町","森"],"8795402":[44,"由布市","庄内町小挾間"],"8791123":[44,"宇佐市","立石"],"8796755":[44,"豊後大野市","緒方町上冬原"],"8797107":[44,"豊後大野市","三重町上田原"],"8797504":[44,"大分市","安藤"],"8790464":[44,"宇佐市","大塚"],"8790232":[44,"宇佐市","大根川"],"8797503":[44,"大分市","河原内"],"8790904":[44,"杵築市","大田小野"],"8796903":[44,"豊後大野市","清川町砂田"],"8795406":[44,"由布市","庄内町西長宝"],"8796212":[44,"豊後大野市","朝地町志賀"],"8796632":[44,"豊後大野市","緒方町辻"],"8794911":[44,"玖珠郡九重町","田野"],"8797884":[44,"大分市","志津留"],"8790452":[44,"宇佐市","川部"],"8790611":[44,"豊後高田市","森"],"8791501":[44,"速見郡日出町","広瀬"],"8796443":[44,"豊後大野市","大野町宮迫"],"8790851":[44,"豊後高田市","田染横嶺"],"8790153":[44,"宇佐市","上庄"],"8795506":[44,"由布市","挾間町挾間"],"8795436":[44,"由布市","庄内町西"],"8796182":[44,"竹田市","今"],"8796184":[44,"竹田市","菅生"],"8796622":[44,"豊後大野市","緒方町天神"],"8790237":[44,"宇佐市","佐野"],"8794203":[44,"日田市","天瀬町湯山"],"8790511":[44,"宇佐市","山袋"],"8796435":[44,"豊後大野市","大野町北園"],"8792682":[44,"津久見市","網代"],"8790224":[44,"中津市","三光下深水"],"8791315":[44,"杵築市","山香町山浦"],"8797404":[44,"豊後大野市","千歳町長峰"],"8794522":[44,"玖珠郡玖珠町","山下"],"8792434":[44,"津久見市","立花町"],"8790163":[44,"宇佐市","上敷田"],"8790465":[44,"宇佐市","下拝田"],"8790101":[44,"中津市","今津"],"8797307":[44,"豊後大野市","犬飼町西寒田"],"8796626":[44,"豊後大野市","緒方町大化"],"8797764":[44,"大分市","上戸次"],"8790442":[44,"宇佐市","城井"],"8795111":[44,"由布市","湯布院町下湯平"],"8797262":[44,"豊後大野市","三重町奥畑"],"8790123":[44,"中津市","田尻"],"8797154":[44,"豊後大野市","三重町川辺"],"8790103":[44,"中津市","植野"],"8793205":[44,"佐伯市","宇目千束"],"8792459":[44,"津久見市","入船東町"],"8790107":[44,"中津市","昭和新田"],"8796113":[44,"竹田市","荻町恵良原"],"8792681":[44,"津久見市","日見"],"8795102":[44,"由布市","湯布院町川上"],"8797106":[44,"豊後大野市","三重町井迫"],"8796213":[44,"豊後大野市","朝地町上尾塚"],"8790313":[44,"宇佐市","上高"],"8791135":[44,"宇佐市","和気"],"8790223":[44,"中津市","三光下秣"],"8792475":[44,"津久見市","堅浦"],"8792446":[44,"津久見市","下青江"],"8791504":[44,"速見郡日出町","大神"],"8796406":[44,"豊後大野市","大野町杉園"],"8795413":[44,"由布市","庄内町大龍"],"8792456":[44,"津久見市","門前町"],"8794721":[44,"玖珠郡九重町","粟野"],"8792455":[44,"津久見市","岡町"],"8796424":[44,"豊後大野市","大野町夏足"],"8797316":[44,"豊後大野市","犬飼町長畑"],"8790233":[44,"宇佐市","赤尾"],"8796104":[44,"竹田市","荻町藤渡"],"8791307":[44,"杵築市","山香町野原"],"8796403":[44,"豊後大野市","大野町長畑"],"8790122":[44,"中津市","定留"],"8797144":[44,"豊後大野市","三重町本城"],"8795423":[44,"由布市","庄内町阿蘇野"],"8796332":[44,"豊後大野市","朝地町綿田"],"8797103":[44,"豊後大野市","三重町西畑"],"8792433":[44,"津久見市","中田町"],"8796425":[44,"豊後大野市","大野町両家"],"8795425":[44,"由布市","庄内町渕"],"8796123":[44,"竹田市","荻町宮平"],"8790473":[44,"宇佐市","下元重"],"8790732":[44,"豊後高田市","大力"],"8792501":[44,"津久見市","保戸島"],"8797312":[44,"豊後大野市","犬飼町高津原"],"8794403":[44,"玖珠郡玖珠町","帆足"],"8796224":[44,"豊後大野市","朝地町池田"],"8792472":[44,"津久見市","徳浦本町"],"8792203":[44,"大分市","一尺屋"],"8797141":[44,"豊後大野市","三重町秋葉"],"8797765":[44,"大分市","美園団地"],"8790724":[44,"豊後高田市","新城"],"8794724":[44,"玖珠郡九重町","菅原"],"8790735":[44,"豊後高田市","松行"],"8790462":[44,"宇佐市","別府"],"8790455":[44,"宇佐市","閤"],"8795515":[44,"由布市","挾間町三船"],"8790941":[44,"杵築市","大田俣水"],"8796135":[44,"竹田市","荻町北原"],"8796921":[44,"豊後大野市","清川町伏野"],"8795501":[44,"由布市","挾間町鬼崎"],"8790463":[44,"宇佐市","中原"],"8796431":[44,"豊後大野市","大野町酒井寺"],"8790309":[44,"宇佐市","東高家"],"8790605":[44,"豊後高田市","御玉"],"8790502":[44,"宇佐市","岳ノ首"],"8791314":[44,"杵築市","山香町南畑"],"8792683":[44,"津久見市","四浦"],"8790306":[44,"宇佐市","西高家"],"8796758":[44,"豊後大野市","緒方町中野"],"8797124":[44,"豊後大野市","三重町内山"],"8792601":[44,"佐伯市","上浦浅海井浦"],"8793402":[44,"佐伯市","宇目木浦内"],"8791303":[44,"杵築市","山香町下"],"8791132":[44,"宇佐市","岩崎"],"8796126":[44,"竹田市","荻町大平"],"8796865":[44,"豊後大野市","緒方町尾平鉱山"],"8795101":[44,"由布市","湯布院町塚原"],"8797302":[44,"豊後大野市","犬飼町久原"],"8796221":[44,"豊後大野市","朝地町坪泉"],"8796615":[44,"豊後大野市","緒方町鮒川"],"8795434":[44,"由布市","庄内町庄内原"],"8790106":[44,"中津市","赤迫"],"8790619":[44,"豊後高田市","浜町"],"8796862":[44,"豊後大野市","緒方町栗生"],"8796754":[44,"豊後大野市","緒方町冬原"],"8792603":[44,"佐伯市","上浦最勝海浦"],"8790852":[44,"豊後高田市","田染真中"],"8790315":[44,"宇佐市","上時枝"],"8790841":[44,"豊後高田市","田染蕗"],"8791121":[44,"宇佐市","東大堀"],"8790615":[44,"豊後高田市","界"],"8793104":[44,"佐伯市","直川仁田原"],"8797885":[44,"大分市","梅が丘"],"8791126":[44,"宇佐市","江熊"],"8794331":[44,"玖珠郡玖珠町","戸畑"],"8796103":[44,"竹田市","荻町新藤"],"8796613":[44,"豊後大野市","緒方町井上"],"8793105":[44,"佐伯市","直川横川"],"8796642":[44,"豊後大野市","緒方町上自在"],"8790152":[44,"宇佐市","下庄"],"8791122":[44,"宇佐市","横田"],"8792445":[44,"津久見市","井無田町"],"8790503":[44,"宇佐市","灘"],"8790231":[44,"宇佐市","南敷田"],"8796183":[44,"竹田市","戸上"],"8790161":[44,"宇佐市","下敷田"],"8792201":[44,"大分市","佐賀関"],"8796904":[44,"豊後大野市","清川町天神"],"8792114":[44,"大分市","大平"],"8791306":[44,"杵築市","山香町広瀬"],"8795401":[44,"由布市","庄内町北大津留"],"8790731":[44,"豊後高田市","長岩屋"],"8790312":[44,"宇佐市","荒木"],"8797403":[44,"豊後大野市","千歳町石田"],"8790302":[44,"宇佐市","下乙女"],"8797264":[44,"豊後大野市","三重町大白谷"],"8792458":[44,"津久見市","入船西町"],"8794402":[44,"玖珠郡玖珠町","綾垣"],"8790627":[44,"豊後高田市","新地"],"8790618":[44,"豊後高田市","中央通"],"8792476":[44,"津久見市","長目"],"8790102":[44,"中津市","鍋島"],"8792436":[44,"津久見市","上宮本町"],"8791505":[44,"速見郡日出町","川崎"],"8790626":[44,"豊後高田市","今町"],"8796121":[44,"竹田市","荻町桑木"],"8796641":[44,"豊後大野市","緒方町草深野"],"8795407":[44,"由布市","庄内町南大津留"],"8791302":[44,"杵築市","山香町立石"],"8790604":[44,"豊後高田市","美和"],"8790515":[44,"宇佐市","末"],"8795552":[44,"別府市","古賀原"],"8797261":[44,"豊後大野市","三重町伏野"],"8793201":[44,"佐伯市","宇目大平"],"8790902":[44,"杵築市","大田沓掛"],"8791134":[44,"宇佐市","橋津"],"8795510":[44,"由布市","挾間町東院"],"8790614":[44,"豊後高田市","来縄"],"8797411":[44,"豊後大野市","千歳町柴山"],"8794201":[44,"日田市","天瀬町桜竹"],"8794912":[44,"玖珠郡九重町","湯坪"],"8794412":[44,"玖珠郡玖珠町","山田"],"8792453":[44,"津久見市","小園町"],"8792400":[44,"津久見市",""],"8790222":[44,"中津市","三光西秣"],"8795521":[44,"由布市","挾間町鬼瀬"],"8797315":[44,"豊後大野市","犬飼町山内"],"8796331":[44,"豊後大野市","朝地町鳥田"],"8790622":[44,"豊後高田市","鍛治屋町"],"8796623":[44,"豊後大野市","緒方町馬背畑"],"8796442":[44,"豊後大野市","大野町藤北"],"8791128":[44,"宇佐市","金丸"],"8790308":[44,"宇佐市","下高家"],"8795504":[44,"由布市","挾間町下市"],"8790105":[44,"中津市","犬丸"],"8795424":[44,"由布市","庄内町直野内山"],"8796222":[44,"豊後大野市","朝地町朝地"],"8795503":[44,"由布市","挾間町医大ケ丘"],"8796115":[44,"竹田市","荻町馬場"],"8796426":[44,"豊後大野市","大野町郡山"],"8794723":[44,"玖珠郡九重町","町田"],"8796753":[44,"豊後大野市","緒方町下徳田"],"8797123":[44,"豊後大野市","三重町松尾"],"8792435":[44,"津久見市","宮本町"],"8797105":[44,"豊後大野市","三重町芦刈"],"8797153":[44,"豊後大野市","三重町玉田"],"8792444":[44,"津久見市","元町"],"8792602":[44,"佐伯市","上浦津井浦"],"8797762":[44,"大分市","けやき台"],"8790314":[44,"宇佐市","猿渡"],"8796759":[44,"豊後大野市","緒方町大石"],"8790600":[44,"豊後高田市",""],"8797501":[44,"大分市","竹中"],"8797102":[44,"豊後大野市","三重町菅生"],"8797131":[44,"豊後大野市","三重町市場"],"8791316":[44,"杵築市","山香町吉野渡"],"8797303":[44,"豊後大野市","犬飼町柚野木"],"8795531":[44,"由布市","挾間町谷"],"8791312":[44,"杵築市","山香町日指"],"8796122":[44,"竹田市","荻町柏原"],"8796112":[44,"竹田市","荻町馬背野"],"8796127":[44,"竹田市","荻町叶野"],"8791131":[44,"宇佐市","出光"],"8792112":[44,"大分市","馬場"],"8791138":[44,"宇佐市","青森"],"8794732":[44,"玖珠郡玖珠町","山浦"],"8796863":[44,"豊後大野市","緒方町滞迫"],"8791313":[44,"杵築市","山香町久木野尾"],"8791502":[44,"速見郡日出町","藤原"],"8790512":[44,"宇佐市","黒"],"8792422":[44,"津久見市","八戸"],"8790235":[44,"宇佐市","木部"],"8796116":[44,"竹田市","荻町高城"],"8790723":[44,"豊後高田市","梅ノ木"],"8796101":[44,"竹田市","荻町木下"],"8790113":[44,"中津市","北原"],"8794631":[44,"玖珠郡九重町","恵良"],"8790307":[44,"宇佐市","浜高家"],"8790722":[44,"豊後高田市","一畑"],"8793203":[44,"佐伯市","宇目塩見園"],"8795517":[44,"由布市","挾間町内成"],"8792115":[44,"大分市","志生木"],"8796643":[44,"豊後大野市","緒方町下自在"],"8796202":[44,"豊後大野市","朝地町下野"],"8792473":[44,"津久見市","徳浦宮町"],"8790457":[44,"宇佐市","芝原"],"8790444":[44,"宇佐市","石田"],"8790903":[44,"杵築市","大田永松"],"8795405":[44,"由布市","庄内町東長宝"],"8795525":[44,"由布市","挾間町朴木"],"8794401":[44,"玖珠郡玖珠町","四日市"],"8790303":[44,"宇佐市","上乙女"],"8790613":[44,"豊後高田市","小田原"],"8790853":[44,"豊後高田市","田染平野"],"8791125":[44,"宇佐市","両戒"],"8797314":[44,"豊後大野市","犬飼町栗ケ畑"],"8797412":[44,"豊後大野市","千歳町高畑"],"8795114":[44,"由布市","湯布院町川北"],"8797872":[44,"大分市","月形"],"8790734":[44,"豊後高田市","築地"],"8794523":[44,"玖珠郡玖珠町","古後"],"8790504":[44,"宇佐市","山口"],"8795435":[44,"由布市","庄内町中"],"8792474":[44,"津久見市","徳浦"],"8791508":[44,"速見郡日出町","平道"],"8794800":[44,"玖珠郡九重町",""],"8795400":[44,"由布市",""],"8794406":[44,"玖珠郡玖珠町","日出生"],"8795113":[44,"由布市","湯布院町川西"],"8796625":[44,"豊後大野市","緒方町上犬塚"],"8791509":[44,"速見郡日出町","南畑"],"8790516":[44,"宇佐市","木内"],"8792412":[44,"津久見市","高洲町"],"8792471":[44,"津久見市","合ノ元町"],"8796757":[44,"豊後大野市","緒方町木野"],"8791305":[44,"杵築市","山香町倉成"],"8793301":[44,"佐伯市","宇目小野市"],"8795431":[44,"由布市","庄内町長野"],"8790621":[44,"豊後高田市","是永町"],"8790467":[44,"宇佐市","山本"],"8792113":[44,"大分市","木佐上"],"8797152":[44,"豊後大野市","三重町百枝"],"8793101":[44,"佐伯市","直川赤木"],"8796421":[44,"豊後大野市","大野町中原"],"8790855":[44,"豊後高田市","田染真木"],"8795502":[44,"由布市","挾間町向原"],"8797108":[44,"豊後大野市","三重町浅瀬"],"8790162":[44,"宇佐市","中敷田"],"8790472":[44,"宇佐市","上元重"],"8792441":[44,"津久見市","中央町"],"8797414":[44,"豊後大野市","千歳町前田"],"8795518":[44,"由布市","挾間町北方"],"8790603":[44,"豊後高田市","鼎"],"8790456":[44,"宇佐市","辛島"],"8792461":[44,"津久見市","上青江"],"8790608":[44,"豊後高田市","呉崎"],"8792432":[44,"津久見市","文京町"],"8797301":[44,"豊後大野市","犬飼町犬飼"],"8796402":[44,"豊後大野市","大野町中土師"],"8796922":[44,"豊後大野市","清川町大白谷"],"8796635":[44,"豊後大野市","緒方町軸丸"],"8793202":[44,"佐伯市","宇目河内"],"8790617":[44,"豊後高田市","高田"],"8796125":[44,"竹田市","荻町仏面"],"8790121":[44,"中津市","諸田"],"8791133":[44,"宇佐市","日足"],"8795513":[44,"由布市","挾間町高崎"],"8795437":[44,"由布市","庄内町平石"],"8796624":[44,"豊後大野市","緒方町平石"],"8796912":[44,"豊後大野市","清川町六種"],"8797101":[44,"豊後大野市","三重町宮野"],"8797882":[44,"大分市","杉原"],"8796181":[44,"竹田市","小塚"],"8795522":[44,"由布市","挾間町小野"],"8791506":[44,"速見郡日出町",""],"8797402":[44,"豊後大野市","千歳町船田"],"8791304":[44,"杵築市","山香町小武"],"8790602":[44,"豊後高田市","払田"],"8796621":[44,"豊後大野市","緒方町野尻"],"8790151":[44,"宇佐市","宮熊"],"8795412":[44,"由布市","庄内町五ケ瀬"],"8797883":[44,"大分市","萩尾"],"8792457":[44,"津久見市","志手町"],"8790912":[44,"杵築市","大田白木原"],"8790221":[44,"中津市","三光上秣"],"8796631":[44,"豊後大野市","緒方町原尻"],"8796133":[44,"竹田市","荻町田代"],"8790625":[44,"豊後高田市","水取"],"8797142":[44,"豊後大野市","三重町小田"],"8795524":[44,"由布市","挾間町時松"],"8790301":[44,"宇佐市","乙女新田"],"8795421":[44,"由布市","庄内町柿原"],"8795523":[44,"由布市","挾間町篠原"],"8790844":[44,"豊後高田市","田染上野"],"8797763":[44,"大分市","下戸次"],"8796223":[44,"豊後大野市","朝地町板井迫"],"8796407":[44,"豊後大野市","大野町十時"],"8796611":[44,"豊後大野市","緒方町夏足"],"8795519":[44,"由布市","挾間町田代"],"8790513":[44,"宇佐市","中"],"8794121":[44,"日田市","天瀬町馬原"],"8792401":[44,"津久見市","千怒"],"8795516":[44,"由布市","挾間町赤野"],"8794801":[44,"玖珠郡九重町","右田"],"8795511":[44,"由布市","挾間町古野"],"8796752":[44,"豊後大野市","緒方町柚木"],"8792443":[44,"津久見市","セメント町"],"8797263":[44,"豊後大野市","三重町中津留"],"8795103":[44,"由布市","湯布院町川南"],"8791301":[44,"杵築市","山香町向野"],"8794413":[44,"玖珠郡玖珠町","塚脇"],"8794722":[44,"玖珠郡九重町","引治"],"8796441":[44,"豊後大野市","大野町田中"],"8790453":[44,"宇佐市","上田"],"8796905":[44,"豊後大野市","清川町三玉"],"8791503":[44,"速見郡日出町","真那井"],"8794803":[44,"玖珠郡九重町","後野上"],"8796434":[44,"豊後大野市","大野町桑原"],"8790112":[44,"中津市","福島"],"8795532":[44,"由布市","挾間町筒口"],"8796756":[44,"豊後大野市","緒方町徳田"],"8792452":[44,"津久見市","中町"],"8796601":[44,"豊後大野市","緒方町馬場"],"8796911":[44,"豊後大野市","清川町宇田枝"],"8792421":[44,"津久見市","津久見"],"8794632":[44,"玖珠郡九重町","松木"],"8792111":[44,"大分市","本神崎"],"8796444":[44,"豊後大野市","大野町田代"],"8795403":[44,"由布市","庄内町東大津留"],"8792411":[44,"津久見市","岩屋町"],"8797881":[44,"大分市","奥"],"8790721":[44,"豊後高田市","加礼川"],"8792454":[44,"津久見市","地蔵町"],"8796334":[44,"豊後大野市","朝地町梨小"],"8791124":[44,"宇佐市","山"],"8795104":[44,"由布市","湯布院町中川"],"8790624":[44,"豊後高田市","本町"],"8796131":[44,"竹田市","荻町鴫田"],"8796128":[44,"竹田市","荻町高練木"],"8794411":[44,"玖珠郡玖珠町","小田"],"8797304":[44,"豊後大野市","犬飼町大寒"],"8793204":[44,"佐伯市","宇目重岡"],"8796102":[44,"竹田市","荻町政所"],"8796614":[44,"豊後大野市","緒方町知田"],"8791137":[44,"宇佐市","苅宇田"],"8791311":[44,"杵築市","山香町内河野"],"8790628":[44,"豊後高田市","新町"],"8796433":[44,"豊後大野市","大野町大原"],"8795404":[44,"由布市","庄内町櫟木"],"8791500":[44,"速見郡日出町",""],"8790854":[44,"豊後高田市","田染小崎"],"8796634":[44,"豊後大野市","緒方町寺原"],"8790607":[44,"豊後高田市","新栄"],"8796902":[44,"豊後大野市","清川町雨堤"],"8797873":[44,"大分市","宮尾"],"8796633":[44,"豊後大野市","緒方町小宛"],"8794301":[44,"玖珠郡玖珠町","四日市"],"8790225":[44,"中津市","三光上深水"],"8795112":[44,"由布市","湯布院町湯平"],"8796901":[44,"豊後大野市","清川町臼尾"],"8797143":[44,"豊後大野市","三重町久田"],"8794400":[44,"玖珠郡玖珠町",""],"8795551":[44,"別府市","内成"],"8794405":[44,"玖珠郡玖珠町","岩室"],"8796422":[44,"豊後大野市","大野町小倉木"],"8790236":[44,"宇佐市","清水"],"8790451":[44,"宇佐市","畑田"],"8796616":[44,"豊後大野市","緒方町久土知"],"8795432":[44,"由布市","庄内町畑田"],"8796211":[44,"豊後大野市","朝地町宮生"],"8790843":[44,"豊後高田市","田染相原"],"8790304":[44,"宇佐市","尾永井"],"8796333":[44,"豊後大野市","朝地町栗林"],"8797311":[44,"豊後大野市","犬飼町柴北"],"8796445":[44,"豊後大野市","大野町片島"],"8790466":[44,"宇佐市","上拝田"],"8792442":[44,"津久見市","港町"],"8797306":[44,"豊後大野市","犬飼町下津尾"],"8796913":[44,"豊後大野市","清川町平石"],"8795411":[44,"由布市","庄内町龍原"],"8790124":[44,"中津市","田尻崎"],"8790104":[44,"中津市","野依"],"8796134":[44,"竹田市","荻町瓜作"],"8790612":[44,"豊後高田市","佐野"],"8797122":[44,"豊後大野市","三重町鷲谷"],"8790317":[44,"宇佐市","下高"],"8791507":[44,"速見郡日出町","豊岡"],"8795512":[44,"由布市","挾間町来鉢"],"8790441":[44,"宇佐市","吉松"],"8797413":[44,"豊後大野市","千歳町下山"],"8790616":[44,"豊後高田市","水崎"],"8797874":[44,"大分市","福良"],"8796405":[44,"豊後大野市","大野町代三五"],"8797401":[44,"豊後大野市","千歳町新殿"],"8797761":[44,"大分市","中戸次"],"8792431":[44,"津久見市","大友町"],"8791136":[44,"宇佐市","西木"],"8790234":[44,"宇佐市","今仁"],"8793302":[44,"佐伯市","宇目南田原"],"8797502":[44,"大分市","端登"],"8796401":[44,"豊後大野市","大野町安藤"],"8790164":[44,"宇佐市","富山"],"8790443":[44,"宇佐市","葛原"],"8790733":[44,"豊後高田市","荒尾"],"8796111":[44,"竹田市","荻町南河内"],"8793102":[44,"佐伯市","直川上直見"]}
