{"9980113":[6,"酒田市","広岡新田"],"9980878":[6,"酒田市","こあら"],"9980859":[6,"酒田市","大町"],"9980041":[6,"酒田市","新井田町"],"9980111":[6,"酒田市","黒森"],"9980005":[6,"酒田市","宮海"],"9980063":[6,"酒田市","南新町"],"9980814":[6,"酒田市","小牧新田"],"9980824":[6,"酒田市","大宮町"],"9980806":[6,"酒田市","境興野"],"9980874":[6,"酒田市","四ツ興野"],"9980805":[6,"酒田市","関"],"9980018":[6,"酒田市","泉町"],"9980832":[6,"酒田市","両羽町"],"9980812":[6,"酒田市","本川"],"9980838":[6,"酒田市","山居町"],"9980875":[6,"酒田市","東町"],"9980858":[6,"酒田市","緑町"],"9980012":[6,"酒田市","下安町"],"9980103":[6,"酒田市","錦町"],"9980042":[6,"酒田市","上本町"],"9980876":[6,"酒田市","古荒新田"],"9980873":[6,"酒田市","土崎"],"9980064":[6,"酒田市","大浜"],"9980872":[6,"酒田市","中野新田"],"9980821":[6,"酒田市","遊摺部"],"9980036":[6,"酒田市","船場町"],"9980074":[6,"酒田市","浜松町"],"9980017":[6,"酒田市","西野町"],"9980104":[6,"酒田市","広栄町"],"9980822":[6,"酒田市","大宮"],"9980015":[6,"酒田市","北千日堂前"],"9980871":[6,"酒田市","荻島"],"9980865":[6,"酒田市","北新橋"],"9980837":[6,"酒田市","下瀬"],"9980836":[6,"酒田市","入船町"],"9980003":[6,"酒田市","酒井新田"],"9980027":[6,"酒田市","北今町"],"9980022":[6,"酒田市","駅東"],"9980102":[6,"酒田市","京田"],"9980044":[6,"酒田市","中町"],"9980073":[6,"酒田市","松美町"],"9980101":[6,"酒田市","坂野辺新田"],"9980804":[6,"酒田市","横代"],"9980029":[6,"酒田市","住吉町"],"9980002":[6,"酒田市","藤塚"],"9980071":[6,"酒田市","古湊町"],"9980877":[6,"酒田市","大多新田"],"9980035":[6,"酒田市","寿町"],"9980034":[6,"酒田市","中央西町"],"9980112":[6,"酒田市","浜中"],"9980072":[6,"酒田市","北浜町"],"9980033":[6,"酒田市","中央東町"],"9980802":[6,"酒田市","生石"],"9980819":[6,"酒田市","熊野田"],"9980813":[6,"酒田市","茨野新田"],"9980025":[6,"酒田市","南千日町"],"9980803":[6,"酒田市","大槻新田"],"9980028":[6,"酒田市","北里町"],"9980054":[6,"酒田市","宮野浦"],"9980854":[6,"酒田市","末広町"],"9980021":[6,"酒田市","旭新町"],"9980843":[6,"酒田市","千石町"],"9980014":[6,"酒田市","千日町"],"9980062":[6,"酒田市","北新町"],"9980053":[6,"酒田市","若宮町"],"9980862":[6,"酒田市","曙町"],"9980006":[6,"酒田市","ゆたか"],"9980043":[6,"酒田市","本町"],"9980024":[6,"酒田市","御成町"],"9980105":[6,"酒田市","広野新田"],"9980864":[6,"酒田市","新橋"],"9980863":[6,"酒田市","日の出町"],"9980842":[6,"酒田市","亀ケ崎"],"9980013":[6,"酒田市","東泉町"],"9980826":[6,"酒田市","初瀬"],"9980001":[6,"酒田市","穂積"],"9980817":[6,"酒田市","熊手島"],"9980125":[6,"酒田市","広野"],"9980823":[6,"酒田市","卸町"],"9980016":[6,"酒田市","北千日町"],"9980833":[6,"酒田市","若原町"],"9980011":[6,"酒田市","上安町"],"9980861":[6,"酒田市","富士見町"],"9980828":[6,"酒田市","あきほ町"],"9980281":[6,"酒田市","飛島"],"9980052":[6,"酒田市","緑ケ丘"],"9980026":[6,"酒田市","栄町"],"9980835":[6,"酒田市","堤町"],"9980061":[6,"酒田市","光ケ丘"],"9980815":[6,"酒田市","小牧"],"9980114":[6,"酒田市","十里塚"],"9980055":[6,"酒田市","飯森山"],"9980031":[6,"酒田市","浜田"],"9980000":[6,"酒田市",""],"9980046":[6,"酒田市","一番町"],"9980852":[6,"酒田市","こがね町"],"9980856":[6,"酒田市","東栄町"],"9980841":[6,"酒田市","松原南"],"9980857":[6,"酒田市","若浜町"],"9980023":[6,"酒田市","幸町"],"9980827":[6,"酒田市","草刈谷地"],"9980853":[6,"酒田市","みずほ"],"9980834":[6,"酒田市","若竹町"],"9980801":[6,"酒田市","北沢"],"9980818":[6,"酒田市","勝保関"],"9980075":[6,"酒田市","高砂"],"9980831":[6,"酒田市","東両羽町"],"9980032":[6,"酒田市","相生町"],"9980037":[6,"酒田市","日吉町"],"9980045":[6,"酒田市","二番町"],"9980816":[6,"酒田市","大野新田"],"9980855":[6,"酒田市","東中の口町"],"9980851":[6,"酒田市","東大町"],"9980051":[6,"酒田市","高見台"],"9980004":[6,"酒田市","豊里"],"9980829":[6,"酒田市","仁助谷地"],"9980811":[6,"酒田市","手蔵田"]}
