{"6340845":[29,"橿原市","中曽司町"],"6340045":[29,"橿原市","石川町"],"6340811":[29,"橿原市","小綱町"],"6340115":[29,"高市郡明日香村","上"],"6340143":[29,"高市郡明日香村","立部"],"6340123":[29,"高市郡明日香村","稲渕"],"6340821":[29,"橿原市","西池尻町"],"6340025":[29,"橿原市","木之本町"],"6340051":[29,"橿原市","白橿町"],"6340824":[29,"橿原市","一町"],"6340042":[29,"橿原市","菖蒲町"],"6340832":[29,"橿原市","五井町"],"6340063":[29,"橿原市","久米町"],"6340803":[29,"橿原市","上品寺町"],"6340103":[29,"高市郡明日香村","飛鳥"],"6340100":[29,"高市郡明日香村",""],"6340014":[29,"橿原市","石原田町"],"6340072":[29,"橿原市","醍醐町"],"6340008":[29,"橿原市","十市町"],"6340073":[29,"橿原市","縄手町"],"6340122":[29,"高市郡明日香村","阪田"],"6340102":[29,"高市郡明日香村","奥山"],"6340043":[29,"橿原市","五条野町"],"6340141":[29,"高市郡明日香村","川原"],"6340138":[29,"高市郡明日香村","越"],"6340022":[29,"橿原市","南浦町"],"6340003":[29,"橿原市","常盤町"],"6340074":[29,"橿原市","四分町"],"6340812":[29,"橿原市","今井町"],"6340107":[29,"高市郡明日香村","豊浦"],"6340005":[29,"橿原市","北八木町"],"6340829":[29,"橿原市","吉田町"],"6340135":[29,"高市郡明日香村","檜前"],"6340101":[29,"高市郡明日香村","小山"],"6340116":[29,"高市郡明日香村","尾曽"],"6340044":[29,"橿原市","大軽町"],"6340075":[29,"橿原市","小房町"],"6340108":[29,"高市郡明日香村","雷"],"6340805":[29,"橿原市","地黄町"],"6340031":[29,"橿原市","上飛騨町"],"6340001":[29,"橿原市","太田市町"],"6340121":[29,"高市郡明日香村","祝戸"],"6340112":[29,"高市郡明日香村","島庄"],"6340027":[29,"橿原市","高殿町"],"6340837":[29,"橿原市","曲川町"],"6340134":[29,"高市郡明日香村","阿部山"],"6340113":[29,"高市郡明日香村","上居"],"6340835":[29,"橿原市","東坊城町"],"6340847":[29,"橿原市","飯高町"],"6340013":[29,"橿原市","出合町"],"6340021":[29,"橿原市","東池尻町"],"6340117":[29,"高市郡明日香村","冬野"],"6340131":[29,"高市郡明日香村","御園"],"6340816":[29,"橿原市","慈明寺町"],"6340032":[29,"橿原市","田中町"],"6340802":[29,"橿原市","新口町"],"6340034":[29,"橿原市","飛騨町"],"6340125":[29,"高市郡明日香村","入谷"],"6340077":[29,"橿原市","南八木町"],"6340827":[29,"橿原市","光陽町"],"6340000":[29,"橿原市",""],"6340011":[29,"橿原市","出垣内町"],"6340105":[29,"高市郡明日香村","東山"],"6340104":[29,"高市郡明日香村","八釣"],"6340052":[29,"橿原市","南妙法寺町"],"6340071":[29,"橿原市","山之坊町"],"6340012":[29,"橿原市","膳夫町"],"6340009":[29,"橿原市","中町"],"6340814":[29,"橿原市","山本町"],"6340064":[29,"橿原市","見瀬町"],"6340144":[29,"高市郡明日香村","平田"],"6340062":[29,"橿原市","御坊町"],"6340002":[29,"橿原市","東竹田町"],"6340842":[29,"橿原市","豊田町"],"6340061":[29,"橿原市","大久保町"],"6340078":[29,"橿原市","八木町"],"6340132":[29,"高市郡明日香村","栗原"],"6340841":[29,"橿原市","大垣町"],"6340004":[29,"橿原市","木原町"],"6340033":[29,"橿原市","城殿町"],"6340076":[29,"橿原市","兵部町"],"6340831":[29,"橿原市","曽我町"],"6340834":[29,"橿原市","雲梯町"],"6340801":[29,"橿原市","西新堂町"],"6340823":[29,"橿原市","北越智町"],"6340046":[29,"橿原市","栄和町"],"6340023":[29,"橿原市","戒外町"],"6340828":[29,"橿原市","古川町"],"6340822":[29,"橿原市","鳥屋町"],"6340041":[29,"橿原市","和田町"],"6340118":[29,"高市郡明日香村","畑"],"6340826":[29,"橿原市","川西町"],"6340029":[29,"橿原市","下八釣町"],"6340844":[29,"橿原市","土橋町"],"6340007":[29,"橿原市","葛本町"],"6340028":[29,"橿原市","法花寺町"],"6340833":[29,"橿原市","忌部町"],"6340813":[29,"橿原市","四条町"],"6340026":[29,"橿原市","別所町"],"6340145":[29,"高市郡明日香村","野口"],"6340142":[29,"高市郡明日香村","橘"],"6340111":[29,"高市郡明日香村","岡"],"6340114":[29,"高市郡明日香村","細川"],"6340836":[29,"橿原市","新堂町"],"6340815":[29,"橿原市","大谷町"],"6340804":[29,"橿原市","内膳町"],"6340133":[29,"高市郡明日香村","大根田"],"6340065":[29,"橿原市","畝傍町"],"6340825":[29,"橿原市","観音寺町"],"6340024":[29,"橿原市","南山町"],"6340106":[29,"高市郡明日香村","小原"],"6340817":[29,"橿原市","寺田町"],"6340006":[29,"橿原市","新賀町"],"6340136":[29,"高市郡明日香村","地ノ窪"],"6340843":[29,"橿原市","北妙法寺町"],"6340137":[29,"高市郡明日香村","真弓"],"6340846":[29,"橿原市","小槻町"],"6340124":[29,"高市郡明日香村","栢森"]}
