{"4080117":[19,"北杜市","須玉町若神子新町"],"4080023":[19,"北杜市","長坂町渋沢"],"4080033":[19,"北杜市","長坂町白井沢"],"4080104":[19,"北杜市","須玉町小倉"],"4080303":[19,"北杜市","武川町宮脇"],"4080301":[19,"北杜市","武川町三吹"],"4080314":[19,"北杜市","白州町大坊"],"4080034":[19,"北杜市","長坂町大八田"],"4080002":[19,"北杜市","高根町村山北割"],"4080317":[19,"北杜市","白州町下教来石"],"4080103":[19,"北杜市","須玉町江草"],"4080024":[19,"北杜市","長坂町富岡"],"4080116":[19,"北杜市","須玉町境之澤"],"4080004":[19,"北杜市","高根町堤"],"4080025":[19,"北杜市","長坂町長坂下条"],"4080316":[19,"北杜市","白州町鳥原"],"4080026":[19,"北杜市","長坂町日野"],"4080305":[19,"北杜市","武川町黒澤"],"4080011":[19,"北杜市","高根町箕輪新町"],"4080036":[19,"北杜市","長坂町中丸"],"4080204":[19,"北杜市","明野町上手"],"4080115":[19,"北杜市","須玉町大豆生田"],"4080302":[19,"北杜市","武川町牧原"],"4080102":[19,"北杜市","須玉町比志"],"4080035":[19,"北杜市","長坂町夏秋"],"4080312":[19,"北杜市","白州町台ケ原"],"4080021":[19,"北杜市","長坂町長坂上条"],"4080032":[19,"北杜市","長坂町大井ケ森"],"4080019":[19,"北杜市","高根町村山東割"],"4080307":[19,"北杜市","武川町柳澤"],"4080022":[19,"北杜市","長坂町塚川"],"4080111":[19,"北杜市","須玉町穴平"],"4080101":[19,"北杜市","須玉町小尾"],"4080202":[19,"北杜市","明野町小笠原"],"4080205":[19,"北杜市","明野町浅尾新田"],"4080206":[19,"北杜市","明野町下神取"],"4080313":[19,"北杜市","白州町横手"],"4080031":[19,"北杜市","長坂町小荒間"],"4080112":[19,"北杜市","須玉町若神子"],"4080043":[19,"北杜市","小淵沢町下笹尾"],"4080201":[19,"北杜市","明野町浅尾"],"4080304":[19,"北杜市","武川町新奥"],"4080318":[19,"北杜市","白州町上教来石"],"4080306":[19,"北杜市","武川町山高"],"4080105":[19,"北杜市","須玉町東向"],"4080203":[19,"北杜市","明野町三之蔵"],"4080037":[19,"北杜市","長坂町中島"],"4080207":[19,"北杜市","明野町上神取"],"4080012":[19,"北杜市","高根町箕輪"],"4080016":[19,"北杜市","高根町上黒澤"],"4080319":[19,"北杜市","白州町大武川"],"4080113":[19,"北杜市","須玉町大蔵"],"4080017":[19,"北杜市","高根町五町田"],"4080311":[19,"北杜市","白州町花水"],"4080044":[19,"北杜市","小淵沢町"],"4080114":[19,"北杜市","須玉町藤田"],"4080018":[19,"北杜市","高根町村山西割"],"4080013":[19,"北杜市","高根町蔵原"],"4080315":[19,"北杜市","白州町白須"],"4080003":[19,"北杜市","高根町東井出"],"4080000":[19,"北杜市",""],"4080015":[19,"北杜市","高根町下黒澤"],"4080001":[19,"北杜市","高根町長沢"],"4080014":[19,"北杜市","高根町小池"],"4080041":[19,"北杜市","小淵沢町上笹尾"],"4080042":[19,"北杜市","小淵沢町松向"]}
