{"5430034":[27,"大阪市天王寺区","松ケ鼻町"],"5430025":[27,"大阪市天王寺区","下味原町"],"5430043":[27,"大阪市天王寺区","勝山"],"5430015":[27,"大阪市天王寺区","真田山町"],"5430012":[27,"大阪市天王寺区","空堀町"],"5430022":[27,"大阪市天王寺区","味原本町"],"5430051":[27,"大阪市天王寺区","四天王寺"],"5430016":[27,"大阪市天王寺区","餌差町"],"5430028":[27,"大阪市天王寺区","小橋町"],"5430021":[27,"大阪市天王寺区","東高津町"],"5430075":[27,"大阪市天王寺区","夕陽丘町"],"5430063":[27,"大阪市天王寺区","茶臼山町"],"5430052":[27,"大阪市天王寺区","大道"],"5430074":[27,"大阪市天王寺区","六万体町"],"5430061":[27,"大阪市天王寺区","伶人町"],"5430071":[27,"大阪市天王寺区","生玉町"],"5430045":[27,"大阪市天王寺区","寺田町"],"5430072":[27,"大阪市天王寺区","生玉前町"],"5430000":[27,"大阪市天王寺区",""],"5430062":[27,"大阪市天王寺区","逢阪"],"5430054":[27,"大阪市天王寺区","南河堀町"],"5430073":[27,"大阪市天王寺区","生玉寺町"],"5430027":[27,"大阪市天王寺区","筆ケ崎町"],"5430023":[27,"大阪市天王寺区","味原町"],"5430036":[27,"大阪市天王寺区","小宮町"],"5430018":[27,"大阪市天王寺区","空清町"],"5430032":[27,"大阪市天王寺区","細工谷"],"5430041":[27,"大阪市天王寺区","真法院町"],"5430031":[27,"大阪市天王寺区","石ケ辻町"],"5430017":[27,"大阪市天王寺区","城南寺町"],"5430076":[27,"大阪市天王寺区","下寺町"],"5430042":[27,"大阪市天王寺区","烏ケ辻"],"5430013":[27,"大阪市天王寺区","玉造本町"],"5430024":[27,"大阪市天王寺区","舟橋町"],"5430014":[27,"大阪市天王寺区","玉造元町"],"5430053":[27,"大阪市天王寺区","北河堀町"],"5430044":[27,"大阪市天王寺区","国分町"],"5430033":[27,"大阪市天王寺区","堂ケ芝"],"5430037":[27,"大阪市天王寺区","上之宮町"],"5430026":[27,"大阪市天王寺区","東上町"],"5430011":[27,"大阪市天王寺区","清水谷町"],"5430002":[27,"大阪市天王寺区","上汐"],"5430056":[27,"大阪市天王寺区","堀越町"],"5430035":[27,"大阪市天王寺区","北山町"],"5430001":[27,"大阪市天王寺区","上本町"],"5430055":[27,"大阪市天王寺区","悲田院町"]}
