{"6260066":[26,"宮津市","獅子"],"6260035":[26,"宮津市","喜多"],"6260064":[26,"宮津市","波路町"],"6260000":[26,"宮津市",""],"6260403":[26,"与謝郡伊根町","本庄浜"],"6260044":[26,"宮津市","吉原"],"6260006":[26,"宮津市","蛭子"],"6260024":[26,"宮津市","柳縄手"],"6260076":[26,"宮津市","中村"],"6260204":[26,"宮津市","長江"],"6260055":[26,"宮津市","鏡ケ浦"],"6260011":[26,"宮津市","白柏"],"6260077":[26,"宮津市","脇"],"6260225":[26,"宮津市","日置"],"6260001":[26,"宮津市","文珠"],"6260019":[26,"宮津市","万年新地"],"6260036":[26,"宮津市","今福"],"6260226":[26,"宮津市","畑"],"6260411":[26,"与謝郡伊根町","野室"],"6260002":[26,"宮津市","杉末"],"6260004":[26,"宮津市","川向"],"6260075":[26,"宮津市","小寺"],"6260034":[26,"宮津市","滝馬"],"6260045":[26,"宮津市","馬場先"],"6260025":[26,"宮津市","木ノ部"],"6260054":[26,"宮津市","銀丘"],"6260405":[26,"与謝郡伊根町","本庄上"],"6260014":[26,"宮津市","河原"],"6260222":[26,"宮津市","東野"],"6260065":[26,"宮津市","獅子崎"],"6260400":[26,"与謝郡伊根町",""],"6260413":[26,"与謝郡伊根町","泊"],"6260221":[26,"宮津市","木子"],"6260201":[26,"宮津市","田原"],"6260063":[26,"宮津市","皆原"],"6260213":[26,"宮津市","奥波見"],"6260017":[26,"宮津市","島崎"],"6260423":[26,"与謝郡伊根町","平田"],"6260431":[26,"与謝郡伊根町","菅野"],"6260417":[26,"与謝郡伊根町","峠"],"6260041":[26,"宮津市","鶴賀"],"6260401":[26,"与謝郡伊根町","蒲入"],"6260202":[26,"宮津市","大島"],"6260018":[26,"宮津市","本町"],"6260206":[26,"宮津市","日ケ谷"],"6260067":[26,"宮津市","矢原"],"6260046":[26,"宮津市","中ノ丁"],"6260003":[26,"宮津市","漁師"],"6260062":[26,"宮津市","山中"],"6260020":[26,"宮津市","猟師"],"6260224":[26,"宮津市","下世屋"],"6260051":[26,"宮津市","島陰"],"6260205":[26,"宮津市","外垣"],"6260212":[26,"宮津市","中波見"],"6260422":[26,"与謝郡伊根町","大原"],"6260016":[26,"宮津市","新浜"],"6260223":[26,"宮津市","松尾"],"6260047":[26,"宮津市","外側"],"6260071":[26,"宮津市","由良"],"6260053":[26,"宮津市","中津"],"6260021":[26,"宮津市","小川"],"6260015":[26,"宮津市","魚屋"],"6260052":[26,"宮津市","小田宿野"],"6260012":[26,"宮津市","浜町"],"6260032":[26,"宮津市","松原"],"6260031":[26,"宮津市","京口"],"6260026":[26,"宮津市","京口町"],"6260027":[26,"宮津市","京街道"],"6260432":[26,"与謝郡伊根町","本坂"],"6260227":[26,"宮津市","上世屋"],"6260061":[26,"宮津市","波路"],"6260421":[26,"与謝郡伊根町","新井"],"6260433":[26,"与謝郡伊根町","野村"],"6260073":[26,"宮津市","新宮"],"6260425":[26,"与謝郡伊根町","日出"],"6260013":[26,"宮津市","住吉"],"6260042":[26,"宮津市","安智"],"6260412":[26,"与謝郡伊根町","津母"],"6260072":[26,"宮津市","石浦"],"6260028":[26,"宮津市","大久保"],"6260402":[26,"与謝郡伊根町","長延"],"6260008":[26,"宮津市","万年"],"6260074":[26,"宮津市","上司"],"6260033":[26,"宮津市","宮村"],"6260023":[26,"宮津市","宮本"],"6260068":[26,"宮津市","田井"],"6260424":[26,"与謝郡伊根町","亀島"],"6260029":[26,"宮津市","金屋谷"],"6260043":[26,"宮津市","惣"],"6260203":[26,"宮津市","岩ケ鼻"],"6260037":[26,"宮津市","小田"],"6260415":[26,"与謝郡伊根町","井室"],"6260404":[26,"与謝郡伊根町","本庄宇治"],"6260005":[26,"宮津市","宮町"],"6260416":[26,"与謝郡伊根町","畑谷"],"6260211":[26,"宮津市","里波見"],"6260007":[26,"宮津市","池ノ谷"],"6260414":[26,"与謝郡伊根町","六万部"],"6260022":[26,"宮津市","万町"]}
