{"5360016":[27,"大阪市城東区","蒲生"],"5360002":[27,"大阪市城東区","今福東"],"5360013":[27,"大阪市城東区","鴫野東"],"5360003":[27,"大阪市城東区","今福南"],"5360023":[27,"大阪市城東区","東中浜"],"5360008":[27,"大阪市城東区","関目"],"5360005":[27,"大阪市城東区","中央"],"5360007":[27,"大阪市城東区","成育"],"5360022":[27,"大阪市城東区","永田"],"5360025":[27,"大阪市城東区","森之宮"],"5360000":[27,"大阪市城東区",""],"5360015":[27,"大阪市城東区","新喜多"],"5360024":[27,"大阪市城東区","中浜"],"5360014":[27,"大阪市城東区","鴫野西"],"5360021":[27,"大阪市城東区","諏訪"],"5360011":[27,"大阪市城東区","放出西"],"5360006":[27,"大阪市城東区","野江"],"5360012":[27,"大阪市城東区","天王田"],"5360004":[27,"大阪市城東区","今福西"],"5360017":[27,"大阪市城東区","新喜多東"],"5360001":[27,"大阪市城東区","古市"]}
