{"8670011":[43,"水俣市","陣内"],"8670282":[43,"水俣市","古里"],"8670068":[43,"水俣市","浜松町"],"8670058":[43,"水俣市","丸島町"],"8670051":[43,"水俣市","昭和町"],"8670025":[43,"水俣市","湯出"],"8670047":[43,"水俣市","緑ケ丘"],"8670045":[43,"水俣市","桜井町"],"8670015":[43,"水俣市","深川"],"8670174":[43,"水俣市","石坂川"],"8670036":[43,"水俣市","浦上町"],"8670043":[43,"水俣市","大黒町"],"8670008":[43,"水俣市","浜"],"8670003":[43,"水俣市","ひばりケ丘"],"8670067":[43,"水俣市","塩浜町"],"8670004":[43,"水俣市","わらび野"],"8670171":[43,"水俣市","宝川内"],"8670283":[43,"水俣市","大川"],"8670012":[43,"水俣市","古城"],"8670054":[43,"水俣市","汐見町"],"8670002":[43,"水俣市","初野"],"8670284":[43,"水俣市","越小場"],"8670023":[43,"水俣市","南福寺"],"8670014":[43,"水俣市","中鶴"],"8670024":[43,"水俣市","長野"],"8670056":[43,"水俣市","梅戸町"],"8670116":[43,"水俣市","薄原"],"8670044":[43,"水俣市","旭町"],"8670001":[43,"水俣市","小津奈木"],"8670032":[43,"水俣市","江添"],"8670021":[43,"水俣市","平町"],"8670016":[43,"水俣市","薄原"],"8670173":[43,"水俣市","葛渡"],"8670000":[43,"水俣市",""],"8670053":[43,"水俣市","野口町"],"8670046":[43,"水俣市","山手町"],"8670007":[43,"水俣市","桜ケ丘"],"8670034":[43,"水俣市","袋"],"8670022":[43,"水俣市","江南町"],"8670041":[43,"水俣市","天神町"],"8670006":[43,"水俣市","白浜町"],"8670048":[43,"水俣市","多々良町"],"8670172":[43,"水俣市","市渡瀬"],"8670065":[43,"水俣市","浜町"],"8670066":[43,"水俣市","古賀町"],"8670042":[43,"水俣市","大園町"],"8670281":[43,"水俣市","久木野"],"8670035":[43,"水俣市","月浦"],"8670033":[43,"水俣市","長崎"],"8670052":[43,"水俣市","港町"],"8670059":[43,"水俣市","栄町"],"8670062":[43,"水俣市","築地"],"8670064":[43,"水俣市","幸町"],"8670057":[43,"水俣市","祇園町"],"8670061":[43,"水俣市","八幡町"],"8670005":[43,"水俣市","牧ノ内"],"8670009":[43,"水俣市","大迫"],"8670055":[43,"水俣市","明神町"],"8670031":[43,"水俣市","八ノ窪町"],"8670013":[43,"水俣市","長野町"],"8670063":[43,"水俣市","洗切町"],"8670049":[43,"水俣市","百間町"]}
