{"8850075":[45,"都城市","八幡町"],"8850015":[45,"都城市","千町"],"8851205":[45,"都城市","高城町石山"],"8850224":[45,"都城市","御池町"],"8850072":[45,"都城市","上町"],"8850061":[45,"都城市","下長飯町"],"8850032":[45,"都城市","中原町"],"8850019":[45,"都城市","祝吉"],"8850111":[45,"都城市","菓子野町"],"8850051":[45,"都城市","蔵原町"],"8850095":[45,"都城市","蓑原町"],"8850093":[45,"都城市","志比田町"],"8850074":[45,"都城市","甲斐元町"],"8850024":[45,"都城市","北原町"],"8850034":[45,"都城市","菖蒲原町"],"8851201":[45,"都城市","高城町高城"],"8850055":[45,"都城市","早鈴町"],"8850222":[45,"都城市","美川町"],"8850006":[45,"都城市","吉尾町"],"8851312":[45,"都城市","高城町四家"],"8850025":[45,"都城市","前田町"],"8851202":[45,"都城市","高城町穂満坊"],"8850053":[45,"都城市","上東町"],"8850043":[45,"都城市","豊満町"],"8850221":[45,"都城市","高野町"],"8850076":[45,"都城市","西町"],"8850017":[45,"都城市","年見町"],"8850036":[45,"都城市","広原町"],"8850225":[45,"都城市","夏尾町"],"8850033":[45,"都城市","妻ケ丘町"],"8850012":[45,"都城市","上川東"],"8850018":[45,"都城市","郡元"],"8850094":[45,"都城市","都原町"],"8850063":[45,"都城市","梅北町"],"8851311":[45,"都城市","高城町有水"],"8850035":[45,"都城市","立野町"],"8850062":[45,"都城市","大岩田町"],"8851204":[45,"都城市","高城町桜木"],"8851105":[45,"都城市","丸谷町"],"8850041":[45,"都城市","一万城町"],"8850001":[45,"都城市","金田町"],"8850091":[45,"都城市","横市町"],"8850011":[45,"都城市","下川東"],"8851203":[45,"都城市","高城町大井手"],"8850016":[45,"都城市","早水町"],"8850113":[45,"都城市","関之尾町"],"8851102":[45,"都城市","下水流町"],"8850114":[45,"都城市","庄内町"],"8850054":[45,"都城市","若葉町"],"8850023":[45,"都城市","栄町"],"8850082":[45,"都城市","南鷹尾町"],"8850092":[45,"都城市","南横市町"],"8850112":[45,"都城市","乙房町"],"8850083":[45,"都城市","都島町"],"8850077":[45,"都城市","松元町"],"8850022":[45,"都城市","小松原町"],"8850081":[45,"都城市","鷹尾"],"8850064":[45,"都城市","今町"],"8850037":[45,"都城市","花繰町"],"8850044":[45,"都城市","安久町"],"8850042":[45,"都城市","上長飯町"],"8850002":[45,"都城市","太郎坊町"],"8851101":[45,"都城市","岩満町"],"8851104":[45,"都城市","野々美谷町"],"8850078":[45,"都城市","宮丸町"],"8850031":[45,"都城市","天神町"],"8850071":[45,"都城市","中町"],"8851103":[45,"都城市","上水流町"],"8850026":[45,"都城市","大王町"],"8850079":[45,"都城市","牟田町"],"8850021":[45,"都城市","平江町"],"8850003":[45,"都城市","高木町"],"8850086":[45,"都城市","久保原町"],"8850013":[45,"都城市","郡元町"],"8850085":[45,"都城市","平塚町"],"8850005":[45,"都城市","神之山町"],"8850223":[45,"都城市","吉之元町"],"8850084":[45,"都城市","五十町"],"8850004":[45,"都城市","都北町"],"8850000":[45,"都城市",""],"8850014":[45,"都城市","祝吉町"],"8850052":[45,"都城市","東町"],"8850073":[45,"都城市","姫城町"]}
