{"7740000":[36,"阿南市",""],"7740009":[36,"阿南市","西路見町"],"7740007":[36,"阿南市","出来町"],"7740008":[36,"阿南市","原ケ崎町"],"7740047":[36,"阿南市","下大野町"],"7740017":[36,"阿南市","見能林町"],"7740006":[36,"阿南市","黒津地町"],"7740001":[36,"阿南市","辰巳町"],"7740012":[36,"阿南市","七見町"],"7740046":[36,"阿南市","長生町"],"7740014":[36,"阿南市","学原町"],"7740043":[36,"阿南市","柳島町"],"7740011":[36,"阿南市","領家町"],"7740048":[36,"阿南市","中大野町"],"7740003":[36,"阿南市","畭町"],"7740016":[36,"阿南市","中林町"],"7740004":[36,"阿南市","福村町"],"7740041":[36,"阿南市","住吉町"],"7740045":[36,"阿南市","宝田町"],"7740042":[36,"阿南市","横見町"],"7740015":[36,"阿南市","才見町"],"7740044":[36,"阿南市","上中町"],"7740022":[36,"阿南市","大潟町"],"7740021":[36,"阿南市","津乃峰町"],"7740049":[36,"阿南市","上大野町"],"7740030":[36,"阿南市","富岡町"],"7741760":[36,"阿南市","伊島町"],"7740013":[36,"阿南市","日開野町"],"7740023":[36,"阿南市","橘町"],"7740002":[36,"阿南市","豊益町"],"7740005":[36,"阿南市","向原町"]}
