{"8160951":[40,"大野城市","下大利団地"],"8160924":[40,"大野城市","栄町"],"8160855":[40,"春日市","天神山"],"8160862":[40,"春日市","弥生"],"8160848":[40,"春日市","白水池"],"8160872":[40,"春日市","桜ケ丘"],"8160851":[40,"春日市","昇町"],"8160833":[40,"春日市","紅葉ケ丘東"],"8160902":[40,"大野城市","乙金"],"8160814":[40,"春日市","春日"],"8160841":[40,"春日市","塚原台"],"8160933":[40,"大野城市","瑞穂町"],"8160901":[40,"大野城市","乙金東"],"8160904":[40,"大野城市","大池"],"8160863":[40,"春日市","須玖南"],"8160963":[40,"大野城市","宮野台"],"8160973":[40,"大野城市","横峰"],"8160942":[40,"大野城市","中央"],"8160972":[40,"大野城市","平野台"],"8160849":[40,"春日市","星見ヶ丘"],"8160831":[40,"春日市","大谷"],"8160932":[40,"大野城市","瓦田"],"8160921":[40,"大野城市","仲畑"],"8160811":[40,"春日市","春日公園"],"8160873":[40,"春日市","日の出町"],"8160824":[40,"春日市","小倉"],"8160911":[40,"大野城市","大城"],"8160803":[40,"春日市","春日原南町"],"8160864":[40,"春日市","須玖北"],"8160871":[40,"春日市","須玖"],"8160807":[40,"春日市","宝町"],"8160861":[40,"春日市","岡本"],"8160854":[40,"春日市","下白水北"],"8160844":[40,"春日市","上白水"],"8160847":[40,"春日市","大土居"],"8160905":[40,"大野城市","川久保"],"8160806":[40,"春日市","光町"],"8160812":[40,"春日市","平田台"],"8160843":[40,"春日市","松ケ丘"],"8160983":[40,"大野城市","月の浦"],"8160982":[40,"大野城市","畑ケ坂"],"8160826":[40,"春日市","小倉東"],"8160943":[40,"大野城市","白木原"],"8160981":[40,"大野城市","若草"],"8160821":[40,"春日市","若葉台東"],"8160852":[40,"春日市","一の谷"],"8160802":[40,"春日市","春日原北町"],"8160804":[40,"春日市","原町"],"8160956":[40,"大野城市","南大利"],"8160954":[40,"大野城市","紫台"],"8160000":[40,"春日市",""],"8160953":[40,"大野城市","旭ケ丘"],"8160952":[40,"大野城市","下大利"],"8160906":[40,"大野城市","中"],"8160823":[40,"春日市","若葉台西"],"8160805":[40,"春日市","千歳町"],"8160903":[40,"大野城市","乙金台"],"8160845":[40,"春日市","白水ケ丘"],"8160923":[40,"大野城市","雑餉隈町"],"8160825":[40,"春日市","伯玄町"],"8160801":[40,"春日市","春日原東町"],"8160832":[40,"春日市","紅葉ケ丘西"],"8160971":[40,"大野城市","牛頸"],"8160846":[40,"春日市","下白水南"],"8160853":[40,"春日市","泉"],"8160931":[40,"大野城市","筒井"],"8160822":[40,"春日市","ちくし台"],"8160813":[40,"春日市","惣利"],"8160941":[40,"大野城市","東大利"],"8160912":[40,"大野城市","御笠川"],"8160874":[40,"春日市","大和町"],"8160934":[40,"大野城市","曙町"],"8160961":[40,"大野城市","緑ケ丘"],"8160935":[40,"大野城市","錦町"],"8160955":[40,"大野城市","上大利"],"8160964":[40,"大野城市","南ケ丘"],"8160922":[40,"大野城市","山田"],"8160962":[40,"大野城市","つつじケ丘"],"8160842":[40,"春日市","下白水"]}
