{"5700000":[27,"守口市",""],"5700094":[27,"守口市","京阪北本通"],"5700016":[27,"守口市","大日東町"],"5700097":[27,"守口市","桃町"],"5700042":[27,"守口市","寺方錦通"],"5700065":[27,"守口市","滝井元町"],"5700066":[27,"守口市","梅園町"],"5700029":[27,"守口市","来迎町"],"5700015":[27,"守口市","梶町"],"5700081":[27,"守口市","日吉町"],"5700056":[27,"守口市","寺内町"],"5700077":[27,"守口市","寿町"],"5700087":[27,"守口市","梅町"],"5700086":[27,"守口市","竹町"],"5700071":[27,"守口市","祝町"],"5700035":[27,"守口市","東光町"],"5700022":[27,"守口市","暁町"],"5700079":[27,"守口市","金下町"],"5700028":[27,"守口市","本町"],"5700095":[27,"守口市","八島町"],"5700034":[27,"守口市","西郷通"],"5700027":[27,"守口市","桜町"],"5700073":[27,"守口市","土居町"],"5700017":[27,"守口市","佐太東町"],"5700051":[27,"守口市","大枝南町"],"5700038":[27,"守口市","河原町"],"5700064":[27,"守口市","長池町"],"5700008":[27,"守口市","八雲北町"],"5700001":[27,"守口市","佐太西町"],"5700055":[27,"守口市","春日町"],"5700063":[27,"守口市","大門町"],"5700076":[27,"守口市","滝井西町"],"5700004":[27,"守口市","淀江町"],"5700002":[27,"守口市","佐太中町"],"5700039":[27,"守口市","橋波西之町"],"5700041":[27,"守口市","東郷通"],"5700072":[27,"守口市","早苗町"],"5700007":[27,"守口市","下島町"],"5700052":[27,"守口市","松下町"],"5700032":[27,"守口市","菊水通"],"5700062":[27,"守口市","馬場町"],"5700006":[27,"守口市","八雲西町"],"5700084":[27,"守口市","緑町"],"5700075":[27,"守口市","紅屋町"],"5700012":[27,"守口市","大久保町"],"5700003":[27,"守口市","大日町"],"5700013":[27,"守口市","東町"],"5700091":[27,"守口市","北斗町"],"5700026":[27,"守口市","松月町"],"5700011":[27,"守口市","金田町"],"5700005":[27,"守口市","八雲中町"],"5700085":[27,"守口市","松町"],"5700014":[27,"守口市","藤田町"],"5700025":[27,"守口市","竜田通"],"5700093":[27,"守口市","浜町"],"5700024":[27,"守口市","神木町"],"5700083":[27,"守口市","京阪本通"],"5700082":[27,"守口市","豊秀町"],"5700037":[27,"守口市","大枝北町"],"5700045":[27,"守口市","南寺方中通"],"5700046":[27,"守口市","南寺方北通"],"5700048":[27,"守口市","寺方本通"],"5700092":[27,"守口市","日光町"],"5700009":[27,"守口市","大庭町"],"5700053":[27,"守口市","高瀬町"],"5700023":[27,"守口市","日向町"],"5700047":[27,"守口市","寺方元町"],"5700078":[27,"守口市","平代町"],"5700044":[27,"守口市","南寺方南通"],"5700031":[27,"守口市","橋波東之町"],"5700033":[27,"守口市","大宮通"],"5700021":[27,"守口市","八雲東町"],"5700054":[27,"守口市","大枝西町"],"5700043":[27,"守口市","高瀬旧大枝"],"5700061":[27,"守口市","小春町"],"5700074":[27,"守口市","文園町"],"5700096":[27,"守口市","外島町"],"5700036":[27,"守口市","大枝東町"],"5700098":[27,"守口市","新橋寺町"]}
