{"1730014":[13,"板橋区","大山東町"],"1730013":[13,"板橋区","氷川町"],"1730036":[13,"板橋区","向原"],"1730021":[13,"板橋区","弥生町"],"1730015":[13,"板橋区","栄町"],"1730037":[13,"板橋区","小茂根"],"1730016":[13,"板橋区","中板橋"],"1730022":[13,"板橋区","仲町"],"1730034":[13,"板橋区","幸町"],"1730012":[13,"板橋区","大和町"],"1730024":[13,"板橋区","大山金井町"],"1730005":[13,"板橋区","仲宿"],"1730025":[13,"板橋区","熊野町"],"1730003":[13,"板橋区","加賀"],"1730002":[13,"板橋区","稲荷台"],"1730033":[13,"板橋区","大山西町"],"1730027":[13,"板橋区","南町"],"1730026":[13,"板橋区","中丸町"],"1730032":[13,"板橋区","大谷口上町"],"1730023":[13,"板橋区","大山町"],"1730001":[13,"板橋区","本町"],"1730004":[13,"板橋区","板橋"],"1730035":[13,"板橋区","大谷口"],"1730011":[13,"板橋区","双葉町"],"1730031":[13,"板橋区","大谷口北町"]}
