{"9460012":[15,"魚沼市","浦町"],"9460006":[15,"魚沼市","中之島"],"9460007":[15,"魚沼市","四日町"],"9460111":[15,"魚沼市","並柳"],"9460303":[15,"魚沼市","大白川"],"9460073":[15,"魚沼市","大沢"],"9460085":[15,"魚沼市","下折立"],"9460041":[15,"魚沼市","本町"],"9460108":[15,"魚沼市","親柄"],"9460002":[15,"魚沼市","稲荷町"],"9460107":[15,"魚沼市","雁坂下"],"9460062":[15,"魚沼市","一日市"],"9460034":[15,"魚沼市","大浦新田"],"9460005":[15,"魚沼市","横町"],"9460211":[15,"魚沼市","上長鳥新田"],"9460061":[15,"魚沼市","新保"],"9460105":[15,"魚沼市","金ケ沢"],"9460081":[15,"魚沼市","葎沢"],"9460302":[15,"魚沼市","芋鞘"],"9460115":[15,"魚沼市","山口"],"9460201":[15,"魚沼市","高倉"],"9460001":[15,"魚沼市","日渡新田"],"9460032":[15,"魚沼市","板木"],"9460072":[15,"魚沼市","七日市新田"],"9460025":[15,"魚沼市","古新田"],"9460057":[15,"魚沼市","中島"],"9460125":[15,"魚沼市","越又"],"9460301":[15,"魚沼市","田小屋"],"9460109":[15,"魚沼市","和田"],"9460055":[15,"魚沼市","山田"],"9460216":[15,"魚沼市","須原"],"9460022":[15,"魚沼市","上原"],"9460207":[15,"魚沼市","福山新田"],"9460213":[15,"魚沼市","細野"],"9460124":[15,"魚沼市","大芋川"],"9460033":[15,"魚沼市","大浦"],"9460071":[15,"魚沼市","七日市"],"9460031":[15,"魚沼市","原虫野"],"9460205":[15,"魚沼市","宮椿新田"],"9460052":[15,"魚沼市","江口"],"9460121":[15,"魚沼市","小庭名"],"9460112":[15,"魚沼市","田尻"],"9460038":[15,"魚沼市","伊勢島"],"9460075":[15,"魚沼市","吉田"],"9460064":[15,"魚沼市","池平"],"9460036":[15,"魚沼市","岡新田"],"9460225":[15,"魚沼市","三渕沢"],"9460086":[15,"魚沼市","折立又新田"],"9460206":[15,"魚沼市","西名新田"],"9460226":[15,"魚沼市","大倉"],"9460011":[15,"魚沼市","小出島"],"9460212":[15,"魚沼市","長鳥"],"9460214":[15,"魚沼市","松川"],"9460063":[15,"魚沼市","中家"],"9460305":[15,"魚沼市","大栃山"],"9460024":[15,"魚沼市","中原"],"9460056":[15,"魚沼市","山田下"],"9460123":[15,"魚沼市","水沢"],"9460076":[15,"魚沼市","井口新田"],"9460222":[15,"魚沼市","福田新田"],"9460053":[15,"魚沼市","長松"],"9460035":[15,"魚沼市","十日町"],"9460221":[15,"魚沼市","須川"],"9460304":[15,"魚沼市","穴沢"],"9460101":[15,"魚沼市","小平尾"],"9460021":[15,"魚沼市","佐梨"],"9460204":[15,"魚沼市","西名"],"9460023":[15,"魚沼市","干溝"],"9460306":[15,"魚沼市","平野又"],"9460122":[15,"魚沼市","吉原"],"9460307":[15,"魚沼市","横根"],"9460103":[15,"魚沼市","滝之又"],"9460215":[15,"魚沼市","大原新田"],"9460104":[15,"魚沼市","栗山"],"9460106":[15,"魚沼市","田中"],"9460224":[15,"魚沼市","赤土"],"9460037":[15,"魚沼市","虫野"],"9460114":[15,"魚沼市","泉沢"],"9460088":[15,"魚沼市","大湯温泉"],"9460083":[15,"魚沼市","蓑和田"],"9460042":[15,"魚沼市","柳原"],"9460223":[15,"魚沼市","大倉沢"],"9460202":[15,"魚沼市","東野名"],"9460082":[15,"魚沼市","湯之谷芋川"],"9460003":[15,"魚沼市","諏訪町"],"9460203":[15,"魚沼市","渋川"],"9460113":[15,"魚沼市","東中"],"9460054":[15,"魚沼市","米沢"],"9460087":[15,"魚沼市","上折立"],"9460102":[15,"魚沼市","外山"],"9460084":[15,"魚沼市","宇津野"],"9460051":[15,"魚沼市","今泉"],"9460000":[15,"魚沼市",""],"9460065":[15,"魚沼市","中子沢"],"9460058":[15,"魚沼市","中島新田"],"9460004":[15,"魚沼市","大塚新田"],"9460066":[15,"魚沼市","三ツ又"],"9460043":[15,"魚沼市","青島"]}
