{"3770412":[10,"吾妻郡中之条町","栃窪"],"3770813":[10,"吾妻郡東吾妻町","三島"],"3771301":[10,"吾妻郡長野原町","川原畑"],"3770002":[10,"渋川市","中村"],"3771612":[10,"吾妻郡嬬恋村","大前"],"3771306":[10,"吾妻郡長野原町","古森"],"3771524":[10,"吾妻郡嬬恋村","鎌原"],"3771528":[10,"吾妻郡嬬恋村","干俣"],"3770025":[10,"渋川市","川島"],"3770802":[10,"吾妻郡東吾妻町","川戸"],"3771617":[10,"吾妻郡嬬恋村","鎌原"],"3771412":[10,"吾妻郡長野原町","北軽井沢"],"3771401":[10,"吾妻郡嬬恋村","鎌原"],"3771525":[10,"吾妻郡嬬恋村","西窪"],"3770421":[10,"吾妻郡中之条町","市城"],"3770024":[10,"渋川市","祖母島"],"3770031":[10,"渋川市","阿久津"],"3771526":[10,"吾妻郡嬬恋村","三原"],"3770302":[10,"吾妻郡東吾妻町","岡崎"],"3770026":[10,"渋川市","南牧"],"3771300":[10,"吾妻郡長野原町",""],"3771611":[10,"吾妻郡嬬恋村","干俣"],"3770204":[10,"渋川市","白井"],"3771616":[10,"吾妻郡嬬恋村","鎌原"],"3770051":[10,"渋川市","北橘町赤城山"],"3770003":[10,"渋川市","八木原"],"3770543":[10,"吾妻郡中之条町","山田"],"3770433":[10,"吾妻郡中之条町","折田"],"3770431":[10,"吾妻郡中之条町","岩本"],"3770052":[10,"渋川市","北橘町上箱田"],"3770006":[10,"渋川市","行幸田"],"3771500":[10,"吾妻郡嬬恋村",""],"3771305":[10,"吾妻郡長野原町","与喜屋"],"3771615":[10,"吾妻郡嬬恋村","鎌原"],"3770305":[10,"吾妻郡東吾妻町","五町田"],"3770812":[10,"吾妻郡東吾妻町","厚田"],"3770806":[10,"吾妻郡東吾妻町","小泉"],"3770541":[10,"吾妻郡中之条町","上沢渡"],"3770004":[10,"渋川市","半田"],"3770803":[10,"吾妻郡東吾妻町","金井"],"3770053":[10,"渋川市","北橘町箱田"],"3770544":[10,"吾妻郡中之条町","折田"],"3770432":[10,"吾妻郡中之条町","五反田"],"3770303":[10,"吾妻郡東吾妻町","新巻"],"3770065":[10,"渋川市","北橘町小室"],"3770413":[10,"吾妻郡中之条町","大塚"],"3771700":[10,"吾妻郡草津町",""],"3770815":[10,"吾妻郡東吾妻町","岩下"],"3770425":[10,"吾妻郡中之条町","西中之条"],"3771309":[10,"吾妻郡長野原町","林"],"3771523":[10,"吾妻郡嬬恋村","芦生田"],"3770424":[10,"吾妻郡中之条町","中之条町"],"3770700":[10,"吾妻郡高山村",""],"3770304":[10,"吾妻郡東吾妻町","奥田"],"3771310":[10,"吾妻郡長野原町","応桑"],"3770416":[10,"吾妻郡中之条町","蟻川"],"3771411":[10,"吾妻郡長野原町","応桑"],"3770101":[10,"渋川市","伊香保町湯中子"],"3771521":[10,"吾妻郡嬬恋村","今井"],"3771303":[10,"吾妻郡長野原町","横壁"],"3771403":[10,"吾妻郡嬬恋村","鎌原"],"3770000":[10,"渋川市",""],"3771702":[10,"吾妻郡中之条町","生須"],"3770934":[10,"吾妻郡東吾妻町","須賀尾"],"3770422":[10,"吾妻郡中之条町","青山"],"3771613":[10,"吾妻郡嬬恋村","大笹"],"3771312":[10,"吾妻郡中之条町","日影"],"3771701":[10,"吾妻郡中之条町","入山"],"3771614":[10,"吾妻郡嬬恋村","田代"],"3771712":[10,"吾妻郡草津町","前口"],"3770807":[10,"吾妻郡東吾妻町","泉沢"],"3770312":[10,"渋川市","小野子"],"3770932":[10,"吾妻郡東吾妻町","萩生"],"3770027":[10,"渋川市","金井"],"3770801":[10,"吾妻郡東吾妻町","原町"],"3770434":[10,"吾妻郡中之条町","山田"],"3770800":[10,"吾妻郡東吾妻町",""],"3770411":[10,"吾妻郡中之条町","大道"],"3771703":[10,"吾妻郡中之条町","太子"],"3771311":[10,"吾妻郡中之条町","赤岩"],"3770063":[10,"渋川市","北橘町分郷八崎"],"3770205":[10,"渋川市","北牧"],"3771302":[10,"吾妻郡長野原町","川原湯"],"3771704":[10,"吾妻郡中之条町","小雨"],"3770814":[10,"吾妻郡東吾妻町","松谷"],"3770423":[10,"吾妻郡中之条町","伊勢町"],"3770933":[10,"吾妻郡東吾妻町","本宿"],"3770311":[10,"渋川市","村上"],"3770417":[10,"吾妻郡中之条町","赤坂"],"3770054":[10,"渋川市","北橘町下南室"],"3770804":[10,"吾妻郡東吾妻町","岩井"],"3770007":[10,"渋川市","石原"],"3770301":[10,"吾妻郡東吾妻町","箱島"],"3771522":[10,"吾妻郡嬬恋村","袋倉"],"3770055":[10,"渋川市","北橘町上南室"],"3770414":[10,"吾妻郡中之条町","平"],"3770064":[10,"渋川市","北橘町八崎"],"3771404":[10,"吾妻郡嬬恋村","鎌原"],"3771307":[10,"吾妻郡長野原町","羽根尾"],"3770201":[10,"渋川市","上白井"],"3771304":[10,"吾妻郡長野原町","長野原"],"3770206":[10,"渋川市","横堀"],"3771402":[10,"吾妻郡嬬恋村","鎌原"],"3770062":[10,"渋川市","北橘町真壁"],"3771405":[10,"吾妻郡嬬恋村","鎌原"],"3770542":[10,"吾妻郡中之条町","下沢渡"],"3770005":[10,"渋川市","有馬"],"3771527":[10,"吾妻郡嬬恋村","門貝"],"3770203":[10,"渋川市","吹屋"],"3770061":[10,"渋川市","北橘町下箱田"],"3770702":[10,"吾妻郡高山村","中山"],"3770202":[10,"渋川市","中郷"],"3770811":[10,"吾妻郡東吾妻町","郷原"],"3770102":[10,"渋川市","伊香保町伊香保"],"3770931":[10,"吾妻郡東吾妻町","大戸"],"3770816":[10,"吾妻郡東吾妻町","矢倉"],"3771512":[10,"吾妻郡嬬恋村","大前"],"3770701":[10,"吾妻郡高山村","尻高"],"3770805":[10,"吾妻郡東吾妻町","植栗"],"3770103":[10,"渋川市","伊香保町水沢"],"3771308":[10,"吾妻郡長野原町","大津"],"3770400":[10,"吾妻郡中之条町",""],"3770601":[10,"吾妻郡中之条町","四万"],"3770935":[10,"吾妻郡東吾妻町","大柏木"],"3771711":[10,"吾妻郡草津町","草津"],"3770415":[10,"吾妻郡中之条町","横尾"],"3770008":[10,"渋川市","渋川"]}
