{"0410611":[1,"函館市","新浜町"],"0411100":[1,"亀田郡七飯町",""],"0411135":[1,"亀田郡七飯町","緑町"],"0410404":[1,"函館市","中浜町"],"0411251":[1,"北斗市","本郷"],"0411611":[1,"函館市","川汲町"],"0411214":[1,"北斗市","東前"],"0411103":[1,"亀田郡七飯町","藤城"],"0411101":[1,"亀田郡七飯町","仁山"],"0411104":[1,"亀田郡七飯町","上藤城"],"0410834":[1,"函館市","東山町"],"0410524":[1,"函館市","古武井町"],"0411241":[1,"北斗市","稲里"],"0411102":[1,"亀田郡七飯町","峠下"],"0411603":[1,"函館市","尾札部町"],"0411405":[1,"茅部郡鹿部町","駒見"],"0410606":[1,"函館市","新恵山町"],"0411201":[1,"北斗市","本町"],"0411612":[1,"函館市","安浦町"],"0410836":[1,"函館市","山の手"],"0411221":[1,"北斗市","清水川"],"0410805":[1,"函館市","赤川"],"0410804":[1,"函館市","赤川町"],"0411225":[1,"北斗市","文月"],"0410602":[1,"函館市","島泊町"],"0411355":[1,"亀田郡七飯町","西大沼"],"0410523":[1,"函館市","柏野町"],"0410844":[1,"函館市","川原町"],"0410302":[1,"函館市","瀬田来町"],"0411132":[1,"亀田郡七飯町","豊田"],"0410837":[1,"函館市","陣川"],"0410831":[1,"函館市","神山町"],"0410262":[1,"函館市","古川町"],"0410526":[1,"函館市","高岱町"],"0411402":[1,"茅部郡鹿部町","鹿部"],"0411403":[1,"茅部郡鹿部町","宮浜"],"0411111":[1,"亀田郡七飯町","本町"],"0410605":[1,"函館市","恵山岬町"],"0410405":[1,"函館市","川上町"],"0410802":[1,"函館市","石川町"],"0411621":[1,"函館市","豊崎町"],"0411352":[1,"亀田郡七飯町","軍川"],"0411624":[1,"函館市","岩戸町"],"0410853":[1,"函館市","中道"],"0411231":[1,"北斗市","向野"],"0410408":[1,"函館市","吉畑町"],"0411613":[1,"函館市","臼尻町"],"0410833":[1,"函館市","陣川町"],"0411211":[1,"北斗市","白川"],"0410311":[1,"函館市","浜町"],"0411224":[1,"北斗市","南大野"],"0410253":[1,"函館市","小安山町"],"0411622":[1,"函館市","大船町"],"0410824":[1,"函館市","西桔梗町"],"0411401":[1,"茅部郡鹿部町","大岩"],"0410841":[1,"函館市","日吉町"],"0411112":[1,"亀田郡七飯町","鳴川"],"0410852":[1,"函館市","鍛治"],"0410264":[1,"函館市","鶴野町"],"0410801":[1,"函館市","桔梗町"],"0410263":[1,"函館市","豊原町"],"0411136":[1,"亀田郡七飯町","飯田町"],"0410832":[1,"函館市","神山"],"0410312":[1,"函館市","新二見町"],"0410813":[1,"函館市","亀田本町"],"0410401":[1,"函館市","日浦町"],"0410601":[1,"函館市","新八幡町"],"0411243":[1,"北斗市","中山"],"0410821":[1,"函館市","港町"],"0411400":[1,"茅部郡鹿部町",""],"0411212":[1,"北斗市","細入"],"0410407":[1,"函館市","日和山町"],"0410823":[1,"函館市","昭和町"],"0410306":[1,"函館市","丸山町"],"0411105":[1,"亀田郡七飯町","桜町"],"0410261":[1,"函館市","石崎町"],"0411623":[1,"函館市","双見町"],"0410252":[1,"函館市","釜谷町"],"0410843":[1,"函館市","花園町"],"0411404":[1,"茅部郡鹿部町","本別"],"0410265":[1,"函館市","白石町"],"0410403":[1,"函館市","大澗町"],"0410807":[1,"函館市","北美原"],"0410251":[1,"函館市","小安町"],"0411131":[1,"亀田郡七飯町","中野"],"0411222":[1,"北斗市","千代田"],"0410304":[1,"函館市","泊町"],"0411242":[1,"北斗市","市渡"],"0410822":[1,"函館市","亀田港町"],"0410303":[1,"函館市","弁才町"],"0411213":[1,"北斗市","開発"],"0410851":[1,"函館市","本通"],"0411244":[1,"北斗市","村山"],"0410301":[1,"函館市","汐首町"],"0411602":[1,"函館市","木直町"],"0411226":[1,"北斗市","村内"],"0410603":[1,"函館市","富浦町"],"0411601":[1,"函館市","古部町"],"0411353":[1,"亀田郡七飯町","上軍川"],"0411223":[1,"北斗市","一本木"],"0410313":[1,"函館市","原木町"],"0411134":[1,"亀田郡七飯町","鶴野"],"0410812":[1,"函館市","昭和"],"0410803":[1,"函館市","亀田中野町"],"0410808":[1,"函館市","桔梗"],"0410806":[1,"函館市","美原"],"0410835":[1,"函館市","東山"],"0411133":[1,"亀田郡七飯町","中島"],"0410522":[1,"函館市","恵山町"],"0410604":[1,"函館市","元村町"],"0411215":[1,"北斗市","萩野"],"0410521":[1,"函館市","御崎町"],"0411351":[1,"亀田郡七飯町","東大沼"],"0410612":[1,"函館市","銚子町"],"0411121":[1,"亀田郡七飯町","大中山"],"0410613":[1,"函館市","絵紙山町"],"0411354":[1,"亀田郡七飯町","大沼町"],"0410402":[1,"函館市","豊浦町"],"0410406":[1,"函館市","女那川町"],"0411122":[1,"亀田郡七飯町","大川"],"0410811":[1,"函館市","富岡町"],"0410305":[1,"函館市","館町"],"0410525":[1,"函館市","日ノ浜町"]}
