{"2050012":[13,"羽村市","羽"],"2050021":[13,"羽村市","川崎"],"2050016":[13,"羽村市","羽加美"],"2050022":[13,"羽村市","双葉町"],"2050013":[13,"羽村市","富士見平"],"2050002":[13,"羽村市","栄町"],"2050023":[13,"羽村市","神明台"],"2050017":[13,"羽村市","羽西"],"2050000":[13,"羽村市",""],"2050003":[13,"羽村市","緑ケ丘"],"2050015":[13,"羽村市","羽中"],"2050014":[13,"羽村市","羽東"],"2050001":[13,"羽村市","小作台"],"2050011":[13,"羽村市","五ノ神"],"2050024":[13,"羽村市","玉川"]}
