{"9392507":[16,"南砺市","利賀村"],"9392354":[16,"富山市","八尾町東町"],"9391837":[16,"南砺市","大宮野新"],"9398272":[16,"富山市","太郎丸本町"],"9392724":[16,"富山市","婦中町ねむの木"],"9391545":[16,"南砺市","布袋"],"9390155":[16,"高岡市","福岡町西明寺"],"9393512":[16,"富山市","水橋大町"],"9398177":[16,"富山市","安養寺"],"9392232":[16,"富山市","小羽"],"9391308":[16,"砺波市","三郎丸"],"9390111":[16,"高岡市","福岡町福岡"],"9392374":[16,"富山市","八尾町上高善寺"],"9392437":[16,"富山市","八尾町高野"],"9390617":[16,"下新川郡入善町","春日"],"9391912":[16,"南砺市","大島"],"9392729":[16,"富山市","婦中町響の杜"],"9391103":[16,"高岡市","戸出池田町"],"9390616":[16,"下新川郡入善町","横山"],"9392743":[16,"富山市","婦中町清水島"],"9392719":[16,"富山市","婦中町西ヶ丘"],"9391438":[16,"砺波市","安川"],"9390321":[16,"射水市","青井谷"],"9393543":[16,"富山市","水橋常願寺"],"9390701":[16,"下新川郡朝日町","横尾"],"9390729":[16,"下新川郡朝日町","舟川新"],"9391517":[16,"南砺市","百町"],"9398024":[16,"富山市","古寺新町"],"9391526":[16,"南砺市","江田"],"9391316":[16,"砺波市","大門"],"9398175":[16,"富山市","上栗山"],"9390244":[16,"射水市","本田"],"9390731":[16,"下新川郡朝日町","東草野"],"9398052":[16,"富山市","大泉１区南部"],"9390627":[16,"下新川郡入善町","椚山"],"9392606":[16,"富山市","婦中町長沢"],"9391367":[16,"砺波市","広上町"],"9390274":[16,"射水市","小島"],"9391135":[16,"高岡市","戸出竹北"],"9392717":[16,"富山市","婦中町上田島"],"9398006":[16,"富山市","山室"],"9392733":[16,"富山市","婦中町成子"],"9398082":[16,"富山市","小泉町"],"9391427":[16,"砺波市","伏木谷"],"9391654":[16,"南砺市","福光"],"9391871":[16,"南砺市","池尻"],"9390524":[16,"富山市","水橋東舘町"],"9390313":[16,"射水市","塚越"],"9391266":[16,"高岡市","今泉新"],"9398005":[16,"富山市","中市"],"9391275":[16,"高岡市","中田"],"9398075":[16,"富山市","今泉"],"9391722":[16,"南砺市","徳成"],"9398011":[16,"富山市","不二栄町"],"9391114":[16,"高岡市","戸出西部金屋"],"9392758":[16,"富山市","婦中町下条"],"9393505":[16,"富山市","水橋浜町"],"9390406":[16,"射水市","開口"],"9391374":[16,"砺波市","山王町"],"9391513":[16,"南砺市","野尻野"],"9391604":[16,"南砺市","土山"],"9391711":[16,"南砺市","在房"],"9392313":[16,"富山市","八尾町滅鬼"],"9391962":[16,"南砺市","猪谷"],"9390747":[16,"下新川郡朝日町","大屋"],"9398161":[16,"富山市","牧田"],"9392333":[16,"富山市","八尾町桐谷"],"9391382":[16,"砺波市","花園町"],"9391928":[16,"南砺市","上松尾"],"9390677":[16,"下新川郡入善町","木根"],"9391577":[16,"南砺市","寺家新屋敷"],"9392514":[16,"南砺市","利賀村上畠"],"9391667":[16,"南砺市","開発"],"9393551":[16,"富山市","水橋中村"],"9391851":[16,"南砺市","信末"],"9391555":[16,"南砺市","七村滝寺"],"9398213":[16,"富山市","黒瀬"],"9392184":[16,"富山市","楡原"],"9391408":[16,"砺波市","八十歩"],"9392623":[16,"富山市","婦中町蓮花寺"],"9390635":[16,"下新川郡入善町","若栗新"],"9391815":[16,"南砺市","城端"],"9392206":[16,"富山市","坂本"],"9391634":[16,"南砺市","福光"],"9390711":[16,"下新川郡朝日町","笹川"],"9391353":[16,"砺波市","十年明"],"9390000":[16,"富山市",""],"9391332":[16,"砺波市","永福町"],"9392472":[16,"富山市","八尾町野須郷"],"9390341":[16,"射水市","三ケ"],"9392412":[16,"富山市","八尾町東布谷"],"9393533":[16,"富山市","水橋高堂"],"9398043":[16,"富山市","太田向陽台"],"9392364":[16,"富山市","八尾町水谷"],"9391922":[16,"南砺市","渡原"],"9390411":[16,"射水市","円池"],"9392324":[16,"富山市","八尾町北谷"],"9392411":[16,"富山市","八尾町東川倉"],"9392759":[16,"富山市","婦中町友坂"],"9392735":[16,"富山市","婦中町為成新"],"9398242":[16,"富山市","福居"],"9392611":[16,"富山市","婦中町かたかご台"],"9398233":[16,"富山市","任海"],"9391606":[16,"南砺市","能美"],"9398091":[16,"富山市","旭町"],"9390232":[16,"射水市","大門"],"9390673":[16,"下新川郡入善町","吉原東"],"9392213":[16,"富山市","牛ケ増"],"9391662":[16,"南砺市","福光"],"9391814":[16,"南砺市","大宮野"],"9398055":[16,"富山市","下堀"],"9391572":[16,"南砺市","福野"],"9391534":[16,"南砺市","広安"],"9390118":[16,"高岡市","福岡町大野"],"9390134":[16,"高岡市","福岡町木舟"],"9392703":[16,"富山市","婦中町希望ケ丘"],"9398221":[16,"富山市","八日町"],"9392373":[16,"富山市","八尾町高善寺"],"9398281":[16,"富山市","今泉西部町"],"9391743":[16,"南砺市","大塚"],"9391562":[16,"南砺市","福野"],"9398101":[16,"富山市","西野新"],"9392233":[16,"富山市","長川原"],"9391762":[16,"南砺市","七曲"],"9390622":[16,"下新川郡入善町","日吉"],"9398122":[16,"富山市","新名"],"9391425":[16,"砺波市","井栗谷"],"9390657":[16,"下新川郡入善町","東狐"],"9391121":[16,"高岡市","戸出葵町"],"9398036":[16,"富山市","高屋敷"],"9398063":[16,"富山市","小杉"],"9391831":[16,"南砺市","千福"],"9390257":[16,"射水市","西広上"],"9398132":[16,"富山市","月岡町"],"9390547":[16,"富山市","水橋小池"],"9398181":[16,"富山市","若竹町"],"9390123":[16,"高岡市","福岡町西川原島"],"9391435":[16,"砺波市","三合新"],"9390723":[16,"下新川郡朝日町","不動堂"],"9398142":[16,"富山市","月岡西緑町"],"9392305":[16,"富山市","八尾町井田新"],"9391804":[16,"南砺市","西明"],"9391531":[16,"南砺市","院林"],"9391386":[16,"砺波市","幸町"],"9398154":[16,"富山市","森田"],"9390562":[16,"富山市","水橋田伏"],"9390702":[16,"下新川郡朝日町","元屋敷"],"9391841":[16,"南砺市","細木"],"9391675":[16,"南砺市","祖谷"],"9398084":[16,"富山市","西中野町"],"9398065":[16,"富山市","赤田新町"],"9390301":[16,"射水市","稲積"],"9392705":[16,"富山市","婦中町宮ケ島"],"9391611":[16,"南砺市","岩安"],"9390679":[16,"下新川郡入善町","五十里"],"9391111":[16,"高岡市","戸出徳市"],"9393535":[16,"富山市","水橋新堀"],"9391341":[16,"砺波市","高波"],"9390306":[16,"射水市","手崎"],"9390364":[16,"射水市","南太閤山"],"9390404":[16,"射水市","市井"],"9391116":[16,"高岡市","戸出吉住"],"9392208":[16,"富山市","南野田"],"9398053":[16,"富山市","堀川天山町"],"9391333":[16,"砺波市","苗加"],"9391515":[16,"南砺市","福野軸屋"],"9391855":[16,"南砺市","大窪"],"9390733":[16,"下新川郡朝日町","月山"],"9398102":[16,"富山市","昭和新町"],"9392444":[16,"富山市","八尾町上仁歩"],"9393541":[16,"富山市","水橋沖"],"9391376":[16,"砺波市","平和町"],"9392416":[16,"富山市","八尾町谷折"],"9391806":[16,"南砺市","北野"],"9391122":[16,"高岡市","戸出古戸出"],"9392376":[16,"富山市","八尾町福島"],"9398124":[16,"富山市","八川"],"9390672":[16,"下新川郡入善町","田中"],"9391916":[16,"南砺市","見座"],"9391926":[16,"南砺市","小来栖"],"9390287":[16,"射水市","赤井"],"9391528":[16,"南砺市","安清"],"9390413":[16,"射水市","串田"],"9392163":[16,"富山市","布尻"],"9392728":[16,"富山市","婦中町蛍川"],"9398214":[16,"富山市","黒崎"],"9390243":[16,"射水市","下若"],"9390401":[16,"射水市","水戸田"],"9392625":[16,"富山市","婦中町上瀬"],"9392331":[16,"富山市","八尾町下笹原"],"9398224":[16,"富山市","友杉"],"9390315":[16,"射水市","椎土"],"9392403":[16,"富山市","八尾町道畑下中山"],"9390643":[16,"下新川郡入善町","青木"],"9391974":[16,"南砺市","田下"],"9391523":[16,"南砺市","野原"],"9392712":[16,"富山市","婦中町塚原"],"9391429":[16,"砺波市","寺尾"],"9392477":[16,"富山市","八尾町上野"],"9391701":[16,"南砺市","遊部"],"9398166":[16,"富山市","上熊野"],"9392505":[16,"南砺市","利賀村北豆谷"],"9392435":[16,"富山市","八尾町上牧"],"9391914":[16,"南砺市","上梨"],"9392235":[16,"富山市","下伏"],"9398164":[16,"富山市","林崎"],"9390641":[16,"下新川郡入善町","下上野"],"9391328":[16,"砺波市","大辻"],"9390522":[16,"富山市","水橋中村栄町"],"9392251":[16,"富山市","大久保新町"],"9392502":[16,"南砺市","利賀村高沼"],"9392343":[16,"富山市","八尾町諏訪町"],"9398211":[16,"富山市","二口町"],"9390662":[16,"下新川郡入善町","下飯野新"],"9391326":[16,"砺波市","鹿島"],"9391324":[16,"砺波市","荒高屋"],"9398047":[16,"富山市","清住町"],"9390231":[16,"射水市","犬内"],"9390152":[16,"高岡市","福岡町五位"],"9391861":[16,"南砺市","城端"],"9391972":[16,"南砺市","葎島"],"9391812":[16,"南砺市","蓑谷"],"9398231":[16,"富山市","下熊野"],"9390121":[16,"高岡市","福岡町下老子"],"9392362":[16,"富山市","八尾町奥田"],"9398045":[16,"富山市","本郷町"],"9390132":[16,"高岡市","福岡町大滝"],"9392512":[16,"南砺市","利賀村中村"],"9391264":[16,"高岡市","下山田"],"9392453":[16,"富山市","八尾町倉ケ谷"],"9390623":[16,"下新川郡入善町","小杉"],"9392421":[16,"富山市","八尾町田頭"],"9390713":[16,"下新川郡朝日町","長野"],"9391567":[16,"南砺市","福野"],"9390105":[16,"高岡市","福岡町馬場"],"9390744":[16,"下新川郡朝日町","平柳"],"9392244":[16,"富山市","西塩野"],"9391823":[16,"南砺市","打尾"],"9392613":[16,"富山市","婦中町高日附"],"9390527":[16,"富山市","水橋新大町"],"9392737":[16,"富山市","婦中町十五丁"],"9390637":[16,"下新川郡入善町","新屋"],"9390555":[16,"富山市","水橋高寺"],"9390600":[16,"下新川郡入善町",""],"9391351":[16,"砺波市","千代"],"9391833":[16,"南砺市","上見"],"9398252":[16,"富山市","秋ケ島"],"9390545":[16,"富山市","水橋伊勢領"],"9392222":[16,"富山市","笹津"],"9392253":[16,"富山市","八木山"],"9390632":[16,"下新川郡入善町","墓ノ木"],"9398194":[16,"富山市","南金屋"],"9398157":[16,"富山市","珠泉西町"],"9398222":[16,"富山市","蜷川"],"9391564":[16,"南砺市","福野"],"9391306":[16,"砺波市","宮村"],"9390506":[16,"富山市","水橋大町"],"9392474":[16,"富山市","八尾町下ノ名"],"9392639":[16,"富山市","婦中町平等"],"9393555":[16,"富山市","水橋市田袋"],"9398121":[16,"富山市","石屋"],"9391343":[16,"砺波市","新富町"],"9391505":[16,"南砺市","長源寺"],"9398096":[16,"富山市","西大泉"],"9390535":[16,"富山市","水橋開発町"],"9398112":[16,"富山市","城ケ丘"],"9391532":[16,"南砺市","寺家"],"9398207":[16,"富山市","布瀬本町"],"9391907":[16,"南砺市","夏焼"],"9391346":[16,"砺波市","狐島"],"9390113":[16,"高岡市","福岡町上蓑"],"9391405":[16,"砺波市","福岡"],"9391371":[16,"砺波市","栄町"],"9392204":[16,"富山市","万願寺"],"9392212":[16,"富山市","舟倉"],"9390115":[16,"高岡市","福岡町下蓑"],"9390655":[16,"下新川郡入善町","五郎八"],"9392722":[16,"富山市","婦中町添島"],"9391853":[16,"南砺市","城端"],"9391878":[16,"南砺市","上広安"],"9392464":[16,"富山市","八尾町竹ノ内"],"9391921":[16,"南砺市","杉尾"],"9392315":[16,"富山市","八尾町井栗谷"],"9391626":[16,"南砺市","法林寺"],"9391755":[16,"南砺市","立野原西"],"9390253":[16,"射水市","堀内"],"9391252":[16,"高岡市","常国みどり台"],"9392323":[16,"富山市","八尾町村杉"],"9398204":[16,"富山市","根塚町"],"9398139":[16,"富山市","月岡新"],"9391636":[16,"南砺市","福光"],"9391368":[16,"砺波市","本町"],"9392627":[16,"富山市","婦中町上野"],"9391600":[16,"南砺市",""],"9390737":[16,"下新川郡朝日町","月山新"],"9398041":[16,"富山市","太田中区"],"9392336":[16,"富山市","八尾町角間"],"9391548":[16,"南砺市","桐木"],"9391745":[16,"南砺市","縄蔵"],"9390532":[16,"富山市","水橋市江新町"],"9392257":[16,"富山市","南花園町"],"9390554":[16,"富山市","水橋専光寺"],"9390141":[16,"高岡市","福岡町鳥倉"],"9391867":[16,"南砺市","城端"],"9391423":[16,"砺波市","東別所"],"9391568":[16,"南砺市","福野"],"9391758":[16,"南砺市","殿"],"9390303":[16,"射水市","西高木"],"9391561":[16,"南砺市","福野"],"9390273":[16,"射水市","中野"],"9390525":[16,"富山市","水橋新舘町"],"9391362":[16,"砺波市","鍋島"],"9391574":[16,"南砺市","福野"],"9393501":[16,"富山市","水橋印田町"],"9392442":[16,"富山市","八尾町下仁歩"],"9391734":[16,"南砺市","竹林"],"9390102":[16,"高岡市","福岡町三日市"],"9392245":[16,"富山市","加納"],"9392183":[16,"富山市","割山"],"9391101":[16,"高岡市","戸出市野瀬"],"9391732":[16,"南砺市","荒木"],"9391113":[16,"高岡市","戸出石代"],"9392317":[16,"富山市","八尾町丸山"],"9390285":[16,"射水市","本開発"],"9390234":[16,"射水市","二口"],"9391385":[16,"砺波市","東幸町"],"9391303":[16,"砺波市","大窪"],"9391903":[16,"南砺市","寿川"],"9398185":[16,"富山市","二俣"],"9391313":[16,"砺波市","柳瀬"],"9390735":[16,"下新川郡朝日町","赤川"],"9390567":[16,"富山市","水橋北馬場"],"9392752":[16,"富山市","婦中町小泉"],"9390512":[16,"富山市","水橋東出町"],"9391507":[16,"南砺市","二日町"],"9390705":[16,"下新川郡朝日町","大平"],"9398146":[16,"富山市","中布目"],"9391525":[16,"南砺市","三清西"],"9390415":[16,"射水市","梅木"],"9391355":[16,"砺波市","杉木"],"9391541":[16,"南砺市","晩田"],"9391826":[16,"南砺市","瀬戸"],"9392161":[16,"富山市","芦生"],"9390743":[16,"下新川郡朝日町","道下"],"9390508":[16,"富山市","水橋西浜町"],"9390613":[16,"下新川郡入善町","田の又"],"9391843":[16,"南砺市","金戸"],"9392423":[16,"富山市","八尾町新屋"],"9392252":[16,"富山市","上大久保"],"9391672":[16,"南砺市","広谷"],"9391811":[16,"南砺市","理休"],"9391431":[16,"砺波市","頼成"],"9391413":[16,"砺波市","市谷"],"9393521":[16,"富山市","水橋畠等"],"9392417":[16,"富山市","八尾町川住"],"9391673":[16,"南砺市","糸谷新"],"9390552":[16,"富山市","水橋恋塚"],"9390543":[16,"富山市","水橋五郎丸"],"9393545":[16,"富山市","水橋入部町"],"9391335":[16,"砺波市","鷹栖"],"9391551":[16,"南砺市","上津"],"9392725":[16,"富山市","婦中町持田"],"9391542":[16,"南砺市","梅ケ島"],"9391262":[16,"高岡市","山下"],"9390664":[16,"下新川郡入善町","蛇沢"],"9391537":[16,"南砺市","田屋"],"9392407":[16,"富山市","八尾町下乗嶺"],"9392226":[16,"富山市","下タ林"],"9393515":[16,"富山市","水橋辻ケ堂"],"9390631":[16,"下新川郡入善町","下山"],"9390646":[16,"下新川郡入善町","青木新"],"9391357":[16,"砺波市","小杉"],"9390124":[16,"高岡市","福岡町小伊勢領"],"9398073":[16,"富山市","大町"],"9398162":[16,"富山市","青柳"],"9398137":[16,"富山市","開発"],"9390726":[16,"下新川郡朝日町","下山新"],"9391845":[16,"南砺市","示野"],"9391118":[16,"高岡市","戸出栄町"],"9392601":[16,"富山市","婦中町小長沢"],"9391434":[16,"砺波市","三合"],"9390749":[16,"下新川郡朝日町","泊新"],"9391747":[16,"南砺市","山田"],"9390654":[16,"下新川郡入善町","板屋"],"9390156":[16,"高岡市","福岡町小野"],"9398263":[16,"富山市","才覚寺"],"9398033":[16,"富山市","横内"],"9392614":[16,"富山市","婦中町上井沢"],"9391644":[16,"南砺市","福光"],"9391624":[16,"南砺市","八幡"],"9392519":[16,"南砺市","利賀村水無"],"9390314":[16,"射水市","土代"],"9392746":[16,"富山市","婦中町浜子"],"9392637":[16,"富山市","婦中町鶚谷"],"9398092":[16,"富山市","雄山町"],"9390317":[16,"射水市","山本新"],"9391968":[16,"南砺市","上平細島"],"9392441":[16,"富山市","八尾町大下"],"9390715":[16,"下新川郡朝日町","南保"],"9390407":[16,"射水市","竹鼻"],"9390652":[16,"下新川郡入善町","袖沢"],"9391301":[16,"砺波市","石丸"],"9398196":[16,"富山市","上野南町"],"9398032":[16,"富山市","流杉"],"9398094":[16,"富山市","大泉本町"],"9391377":[16,"砺波市","寿町"],"9390402":[16,"射水市","流通センター水戸田"],"9391125":[16,"高岡市","戸出岡御所"],"9398202":[16,"富山市","西田地方町"],"9398215":[16,"富山市","掛尾栄町"],"9398173":[16,"富山市","辰尾新町"],"9391403":[16,"砺波市","宮新"],"9391411":[16,"砺波市","上和田"],"9391766":[16,"南砺市","立野脇"],"9392713":[16,"富山市","婦中町上轡田"],"9391273":[16,"高岡市","葦附"],"9392706":[16,"富山市","婦中町速星"],"9390725":[16,"下新川郡朝日町","高橋"],"9391407":[16,"砺波市","権正寺"],"9392202":[16,"富山市","小黒"],"9390322":[16,"射水市","上野"],"9390117":[16,"高岡市","福岡町大野"],"9392425":[16,"富山市","八尾町庵谷"],"9392164":[16,"富山市","町長"],"9398104":[16,"富山市","西番"],"9390626":[16,"下新川郡入善町","入膳"],"9391503":[16,"南砺市","岩武新"],"9392306":[16,"富山市","八尾町井田"],"9391822":[16,"南砺市","林道"],"9391764":[16,"南砺市","吉見"],"9390305":[16,"射水市","鷲塚"],"9391348":[16,"砺波市","東中"],"9391973":[16,"南砺市","菅沼"],"9392649":[16,"富山市","婦中町余川"],"9392462":[16,"富山市","八尾町柴橋"],"9391964":[16,"南砺市","楮"],"9390412":[16,"射水市","荒町"],"9390611":[16,"下新川郡入善町","古黒部"],"9392622":[16,"富山市","婦中町沢田"],"9391576":[16,"南砺市","やかた"],"9392238":[16,"富山市","葛原"],"9398087":[16,"富山市","大泉町"],"9398035":[16,"富山市","大宮町"],"9391828":[16,"南砺市","中尾"],"9391321":[16,"砺波市","新明"],"9392447":[16,"富山市","八尾町鼠谷"],"9391614":[16,"南砺市","蔵原"],"9391966":[16,"南砺市","東赤尾"],"9391317":[16,"砺波市","矢木"],"9390119":[16,"高岡市","福岡町大滝"],"9393503":[16,"富山市","水橋立山町"],"9393532":[16,"富山市","水橋二ツ屋"],"9391979":[16,"南砺市","漆谷"],"9391757":[16,"南砺市","土生"],"9392414":[16,"富山市","八尾町東松瀬"],"9390666":[16,"下新川郡入善町","高畠"],"9392371":[16,"富山市","八尾町田中"],"9391925":[16,"南砺市","来栖"],"9390565":[16,"富山市","水橋金広"],"9390541":[16,"富山市","水橋鏡田"],"9393523":[16,"富山市","水橋池田舘"],"9398183":[16,"富山市","小中"],"9392754":[16,"富山市","婦中町麦島"],"9390533":[16,"富山市","水橋高志園町"],"9391610":[16,"南砺市","福光"],"9391417":[16,"砺波市","頼成新"],"9393526":[16,"富山市","水橋昭和町"],"9391713":[16,"南砺市","神成"],"9390143":[16,"高岡市","福岡町下向田"],"9392455":[16,"富山市","八尾町大玉生"],"9391104":[16,"高岡市","戸出町"],"9392603":[16,"富山市","婦中町羽根"],"9398057":[16,"富山市","堀"],"9391384":[16,"砺波市","坪内"],"9390561":[16,"富山市","水橋石割"],"9392255":[16,"富山市","長附"],"9391817":[16,"南砺市","城端"],"9392731":[16,"富山市","婦中町青島"],"9392224":[16,"富山市","春日"],"9392302":[16,"富山市","八尾町杉田"],"9390144":[16,"高岡市","福岡町上向田"],"9398026":[16,"富山市","山室荒屋新町"],"9392172":[16,"富山市","吉野"],"9390256":[16,"射水市","広上"],"9393553":[16,"富山市","水橋上的場"],"9392748":[16,"富山市","婦中町田屋"],"9391544":[16,"南砺市","新邸"],"9398208":[16,"富山市","布瀬町南"],"9391724":[16,"南砺市","梅野"],"9391133":[16,"高岡市","戸出放寺"],"9392616":[16,"富山市","婦中町小倉"],"9391763":[16,"南砺市","樋瀬戸"],"9391865":[16,"南砺市","城端"],"9391863":[16,"南砺市","城端"],"9391873":[16,"南砺市","池田"],"9398003":[16,"富山市","西公文名町"],"9392471":[16,"富山市","八尾町坂ノ下"],"9398201":[16,"富山市","花園町"],"9398077":[16,"富山市","春日町"],"9392433":[16,"富山市","八尾町清水"],"9398254":[16,"富山市","別名"],"9391875":[16,"南砺市","大野"],"9391682":[16,"南砺市","小二又"],"9390255":[16,"射水市","上条"],"9392352":[16,"富山市","八尾町下新町"],"9391527":[16,"南砺市","森清"],"9398144":[16,"富山市","上今町"],"9391415":[16,"砺波市","池原"],"9391267":[16,"高岡市","今泉"],"9392701":[16,"富山市","婦中町西本郷"],"9392326":[16,"富山市","八尾町岩屋"],"9391436":[16,"砺波市","福山"],"9390633":[16,"下新川郡入善町","浦山新"],"9391338":[16,"砺波市","鷹栖出"],"9390557":[16,"富山市","水橋大正"],"9392605":[16,"富山市","婦中町河原町"],"9390241":[16,"射水市","中村"],"9391631":[16,"南砺市","福光"],"9391307":[16,"砺波市","堀内"],"9392517":[16,"南砺市","利賀村阿別当"],"9392189":[16,"富山市","加賀沢"],"9391426":[16,"砺波市","川内"],"9391702":[16,"南砺市","吉江中"],"9391253":[16,"高岡市","若杉"],"9390568":[16,"富山市","水橋平塚"],"9391366":[16,"砺波市","表町"],"9390523":[16,"富山市","水橋中村新町"],"9392715":[16,"富山市","婦中町下坂倉"],"9390319":[16,"射水市","東太閤山"],"9398261":[16,"富山市","萩原"],"9390417":[16,"射水市","小泉"],"9392231":[16,"富山市","稲代"],"9390615":[16,"下新川郡入善町","八幡"],"9392361":[16,"富山市","八尾町三田"],"9391715":[16,"南砺市","宗守"],"9390128":[16,"高岡市","福岡町江尻"],"9392633":[16,"富山市","婦中町東谷"],"9398135":[16,"富山市","千俵町"],"9391632":[16,"南砺市","福光"],"9391387":[16,"砺波市","となみ町"],"9391646":[16,"南砺市","福光"],"9391312":[16,"砺波市","東開発"],"9392215":[16,"富山市","直坂"],"9391977":[16,"南砺市","西赤尾町"],"9392241":[16,"富山市","神通"],"9391802":[16,"南砺市","北野"],"9392708":[16,"富山市","婦中町島本郷"],"9398013":[16,"富山市","高原町"],"9392755":[16,"富山市","婦中町袋"],"9398015":[16,"富山市","中川原"],"9393513":[16,"富山市","水橋大正町"],"9391835":[16,"南砺市","京塚"],"9391704":[16,"南砺市","田中"],"9392366":[16,"富山市","八尾町保内"],"9391364":[16,"砺波市","豊町"],"9391741":[16,"南砺市","高宮"],"9390288":[16,"射水市","小林"],"9398072":[16,"富山市","堀川町"],"9391751":[16,"南砺市","赤坂"],"9391602":[16,"南砺市","高窪"],"9390361":[16,"射水市","太閤町"],"9391603":[16,"南砺市","砂子谷"],"9390728":[16,"下新川郡朝日町","窪田"],"9391271":[16,"高岡市","下麻生伸町"],"9398114":[16,"富山市","城村"],"9392635":[16,"富山市","婦中町大瀬谷"],"9398244":[16,"富山市","吉倉"],"9392334":[16,"富山市","八尾町上笹原"],"9392209":[16,"富山市","東大久保"],"9391553":[16,"南砺市","上川崎"],"9392431":[16,"富山市","八尾町栗須"],"9392187":[16,"富山市","猪谷"],"9391379":[16,"砺波市","出町中央"],"9398061":[16,"富山市","上新保"],"9391501":[16,"南砺市","本江"],"9392341":[16,"富山市","八尾町鏡町"],"9390502":[16,"富山市","水橋地蔵町"],"9391115":[16,"高岡市","戸出吉住新"],"9390675":[16,"下新川郡入善町","道市"],"9391923":[16,"南砺市","下梨"],"9398212":[16,"富山市","掛尾町"],"9398046":[16,"富山市","本郷新"],"9390624":[16,"下新川郡入善町","青島"],"9391331":[16,"砺波市","深江"],"9390621":[16,"下新川郡入善町","荒又"],"9392214":[16,"富山市","寺家"],"9390546":[16,"富山市","水橋上桜木"],"9390563":[16,"富山市","水橋佐野竹"],"9391565":[16,"南砺市","福野"],"9391342":[16,"砺波市","小島"],"9391511":[16,"南砺市","高堀"],"9391852":[16,"南砺市","是安"],"9390283":[16,"射水市","鳥取"],"9392734":[16,"富山市","婦中町新屋"],"9392757":[16,"富山市","婦中町道場"],"9391824":[16,"南砺市","上田"],"9390145":[16,"高岡市","福岡町上野"],"9391676":[16,"南砺市","舘"],"9393554":[16,"富山市","水橋小路"],"9390281":[16,"射水市","北高木"],"9392365":[16,"富山市","八尾町妙川寺"],"9398243":[16,"富山市","押上"],"9392332":[16,"富山市","八尾町掛畑"],"9391635":[16,"南砺市","福光"],"9390558":[16,"富山市","水橋上条新町"],"9398016":[16,"富山市","中川原台"],"9392221":[16,"富山市","西大沢"],"9391622":[16,"南砺市","遊部川原"],"9392162":[16,"富山市","今生津"],"9393525":[16,"富山市","水橋駅前"],"9392327":[16,"富山市","八尾町樫尾"],"9391354":[16,"砺波市","新栄町"],"9392718":[16,"富山市","婦中町分田"],"9398111":[16,"富山市","城新町"],"9391645":[16,"南砺市","福光"],"9390122":[16,"高岡市","福岡町一歩二歩"],"9391533":[16,"南砺市","八塚"],"9398251":[16,"富山市","西荒屋"],"9390245":[16,"射水市","棚田"],"9390233":[16,"射水市","大門新"],"9391832":[16,"南砺市","塔尾"],"9398115":[16,"富山市","城村新町"],"9392242":[16,"富山市","塩"],"9390674":[16,"下新川郡入善町","吉原"],"9392736":[16,"富山市","婦中町上新屋"],"9392355":[16,"富山市","八尾町西町"],"9390153":[16,"高岡市","福岡町花尾"],"9391879":[16,"南砺市","宮後"],"9392709":[16,"富山市","婦中町夢ケ丘"],"9392445":[16,"富山市","八尾町入谷"],"9390254":[16,"射水市","島"],"9391761":[16,"南砺市","太美"],"9390505":[16,"富山市","水橋東天神町"],"9391255":[16,"高岡市","滝"],"9398174":[16,"富山市","下栗山"],"9391323":[16,"砺波市","上中野"],"9390717":[16,"下新川郡朝日町","石谷"],"9390656":[16,"下新川郡入善町","笹原"],"9390671":[16,"下新川郡入善町","東五十里"],"9390106":[16,"高岡市","福岡町舞谷"],"9391552":[16,"南砺市","柴田屋"],"9398066":[16,"富山市","朝菜町"],"9398206":[16,"富山市","布瀬町"],"9392721":[16,"富山市","婦中町板倉"],"9391978":[16,"南砺市","下島"],"9392465":[16,"富山市","八尾町尾久"],"9398282":[16,"富山市","今泉北部町"],"9398223":[16,"富山市","島田"],"9390722":[16,"下新川郡朝日町","大家庄"],"9392211":[16,"富山市","市場"],"9398193":[16,"富山市","石田"],"9393511":[16,"富山市","水橋中町"],"9398153":[16,"富山市","吉岡"],"9390311":[16,"射水市","黒河"],"9391963":[16,"南砺市","成出"],"9398051":[16,"富山市","大泉中部"],"9392372":[16,"富山市","八尾町舘本郷"],"9392742":[16,"富山市","婦中町堀"],"9390521":[16,"富山市","水橋下段"],"9398182":[16,"富山市","悪王寺"],"9391908":[16,"南砺市","下出"],"9398083":[16,"富山市","西中野本町"],"9393506":[16,"富山市","水橋山王町"],"9391102":[16,"高岡市","戸出曙町"],"9391613":[16,"南砺市","川西"],"9390247":[16,"射水市","あおば台"],"9391117":[16,"高岡市","戸出大清水"],"9392631":[16,"富山市","婦中町高塚"],"9391723":[16,"南砺市","利波河"],"9392744":[16,"富山市","婦中町地角"],"9390171":[17,"羽咋郡宝達志水町","沢川"],"9390307":[16,"射水市","戸破"],"9392506":[16,"南砺市","利賀村大豆谷"],"9391756":[16,"南砺市","土生新"],"9391136":[16,"高岡市","戸出延島"],"9390536":[16,"富山市","水橋柳寺"],"9392607":[16,"富山市","婦中町新町"],"9392413":[16,"富山市","八尾町赤石"],"9392342":[16,"富山市","八尾町上新町"],"9392515":[16,"南砺市","利賀村細島"],"9392234":[16,"富山市","須原"],"9390275":[16,"射水市","八塚"],"9390286":[16,"射水市","今開発"],"9398264":[16,"富山市","経田"],"9391263":[16,"高岡市","御坊山"],"9390678":[16,"下新川郡入善町","神子沢"],"9392207":[16,"富山市","大野"],"9398004":[16,"富山市","西公文名"],"9391428":[16,"砺波市","五谷"],"9391421":[16,"砺波市","東別所新"],"9390405":[16,"射水市","藤巻"],"9391807":[16,"南砺市","北野"],"9392256":[16,"富山市","上二杉"],"9391975":[16,"南砺市","上中田"],"9392312":[16,"富山市","八尾町薄島"],"9392624":[16,"富山市","婦中町下瀬"],"9391712":[16,"南砺市","久戸"],"9398176":[16,"富山市","南栗山"],"9391373":[16,"砺波市","一番町"],"9392454":[16,"富山市","八尾町尾畑"],"9391381":[16,"砺波市","中村"],"9391651":[16,"南砺市","福光"],"9392402":[16,"富山市","八尾町上田池"],"9392174":[16,"富山市","小糸"],"9392216":[16,"富山市","横樋"],"9393544":[16,"富山市","水橋入江"],"9391300":[16,"砺波市",""],"9391265":[16,"高岡市","東保新"],"9398253":[16,"富山市","新保"],"9393552":[16,"富山市","水橋肘崎"],"9398262":[16,"富山市","塚原"],"9392749":[16,"富山市","婦中町余川"],"9392452":[16,"富山市","八尾町三ツ松"],"9392325":[16,"富山市","八尾町外堀"],"9391352":[16,"砺波市","宮丸"],"9390661":[16,"下新川郡入善町","高瀬"],"9392509":[16,"南砺市","利賀村北島"],"9390251":[16,"射水市","土合"],"9391637":[16,"南砺市","福光"],"9390745":[16,"下新川郡朝日町","西町"],"9392738":[16,"富山市","婦中町道喜島"],"9390104":[16,"高岡市","福岡町加茂"],"9391854":[16,"南砺市","城端"],"9391512":[16,"南砺市","上野"],"9391305":[16,"砺波市","千保"],"9390566":[16,"富山市","水橋中馬場"],"9391566":[16,"南砺市","福野"],"9392612":[16,"富山市","婦中町上吉川"],"9391642":[16,"南砺市","福光"],"9391834":[16,"南砺市","上原"],"9391905":[16,"南砺市","東中江"],"9398048":[16,"富山市","太田"],"9390544":[16,"富山市","水橋上砂子坂"],"9392243":[16,"富山市","中大久保"],"9391813":[16,"南砺市","正谷"],"9392314":[16,"富山市","八尾町城生"],"9392254":[16,"富山市","高内"],"9390528":[16,"富山市","水橋明治町"],"9390126":[16,"高岡市","福岡町蓑島"],"9398241":[16,"富山市","惣在寺"],"9392745":[16,"富山市","婦中町広田"],"9392615":[16,"富山市","婦中町熊野道"],"9390556":[16,"富山市","水橋曲淵"],"9391872":[16,"南砺市","久保"],"9391120":[16,"高岡市","グリーンパーク"],"9398133":[16,"富山市","月見が丘"],"9392638":[16,"富山市","婦中町細谷"],"9390252":[16,"射水市","下条"],"9398097":[16,"富山市","大泉北町"],"9393547":[16,"富山市","水橋柴草"],"9392322":[16,"富山市","八尾町小長谷新"],"9392247":[16,"富山市","岩木新"],"9398195":[16,"富山市","上野"],"9391877":[16,"南砺市","井口"],"9391665":[16,"南砺市","小山"],"9391344":[16,"砺波市","中神"],"9390507":[16,"富山市","水橋西天神町"],"9392467":[16,"富山市","八尾町追分"],"9398205":[16,"富山市","新根塚町"],"9390276":[16,"射水市","北野"],"9391372":[16,"砺波市","新又"],"9392626":[16,"富山市","婦中町道島"],"9392363":[16,"富山市","八尾町新田"],"9390151":[16,"高岡市","福岡町沢川"],"9391754":[16,"南砺市","嫁兼"],"9390724":[16,"下新川郡朝日町","横水"],"9398123":[16,"富山市","関"],"9398031":[16,"富山市","東流杉"],"9391251":[16,"高岡市","常国"],"9390112":[16,"高岡市","福岡町荒屋敷"],"9391906":[16,"南砺市","高草嶺"],"9393556":[16,"富山市","水橋中新町"],"9391742":[16,"南砺市","吉江野"],"9391404":[16,"砺波市","宮森新"],"9391554":[16,"南砺市","安居"],"9390515":[16,"富山市","水橋新町"],"9391437":[16,"砺波市","茶ノ木"],"9392205":[16,"富山市","二松"],"9390135":[16,"高岡市","福岡町本領"],"9391615":[16,"南砺市","湯谷"],"9391424":[16,"砺波市","栃上"],"9390644":[16,"下新川郡入善町","福島新"],"9390363":[16,"射水市","中太閤山"],"9390351":[16,"射水市","戸破"],"9392436":[16,"富山市","八尾町内名"],"9391674":[16,"南砺市","香城寺"],"9391842":[16,"南砺市","野田"],"9390732":[16,"下新川郡朝日町","中草野"],"9391547":[16,"南砺市","三ツ屋"],"9392504":[16,"南砺市","利賀村押場"],"9398085":[16,"富山市","中野新町"],"9398155":[16,"富山市","江本"],"9391803":[16,"南砺市","東西原"],"9391131":[16,"高岡市","醍醐"],"9392236":[16,"富山市","土"],"9391721":[16,"南砺市","東殿"],"9390703":[16,"下新川郡朝日町","宮崎"],"9391504":[16,"南砺市","川除新"],"9392476":[16,"富山市","八尾町細滝"],"9390642":[16,"下新川郡入善町","上野"],"9392344":[16,"富山市","八尾町東新町"],"9391334":[16,"砺波市","野村島"],"9391653":[16,"南砺市","福光"],"9393542":[16,"富山市","水橋開発"],"9391361":[16,"砺波市","平成町"],"9398171":[16,"富山市","宮保"],"9391375":[16,"砺波市","中央町"],"9398113":[16,"富山市","城若町"],"9392375":[16,"富山市","八尾町石戸"],"9391605":[16,"南砺市","小又"],"9390271":[16,"射水市","大島北野"],"9391927":[16,"南砺市","梨谷"],"9392475":[16,"富山市","八尾町足谷"],"9398023":[16,"富山市","古寺"],"9390312":[16,"射水市","中老田新"],"9392443":[16,"富山市","八尾町中仁歩"],"9391805":[16,"南砺市","細野"],"9390300":[16,"射水市",""],"9391315":[16,"砺波市","太田"],"9391612":[16,"南砺市","岩木"],"9391856":[16,"南砺市","是安"],"9390284":[16,"射水市","新開発"],"9398151":[16,"富山市","上栄"],"9392704":[16,"富山市","婦中町羽根新"],"9390509":[16,"富山市","水橋町"],"9398056":[16,"富山市","上堀町"],"9398156":[16,"富山市","珠泉東町"],"9392751":[16,"富山市","婦中町安田"],"9398007":[16,"富山市","山室向陽台"],"9398165":[16,"富山市","杉瀬"],"9390414":[16,"射水市","生源寺新"],"9392518":[16,"南砺市","利賀村大勘場"],"9391915":[16,"南砺市","相倉"],"9391961":[16,"南砺市","皆葎"],"9398022":[16,"富山市","山室荒屋"],"9391123":[16,"高岡市","戸出行兼"],"9393534":[16,"富山市","水橋金尾"],"9391514":[16,"南砺市","年代"],"9390700":[16,"下新川郡朝日町",""],"9392727":[16,"富山市","婦中町砂子田"],"9390403":[16,"射水市","生源寺"],"9398081":[16,"富山市","堀川小泉町"],"9392185":[16,"富山市","庵谷"],"9391327":[16,"砺波市","五郎丸"],"9392404":[16,"富山市","八尾町上ケ島"],"9398076":[16,"富山市","太郎丸"],"9398178":[16,"富山市","栗山"],"9390154":[16,"高岡市","福岡町栃丘"],"9392711":[16,"富山市","婦中町鵜坂"],"9391261":[16,"高岡市","小泉新"],"9392171":[16,"富山市","薄波"],"9398191":[16,"富山市","布市"],"9392345":[16,"富山市","八尾町西新町"],"9392406":[16,"富山市","八尾町高峯"],"9398145":[16,"富山市","大井"],"9391681":[16,"南砺市","才川七"],"9390645":[16,"下新川郡入善町","福島"],"9391132":[16,"高岡市","戸出竹"],"9392426":[16,"富山市","八尾町切詰"],"9398074":[16,"富山市","大町南台"],"9391254":[16,"高岡市","滝新"],"9393516":[16,"富山市","水橋荒町"],"9392726":[16,"富山市","婦中町蔵島"],"9391522":[16,"南砺市","野新"],"9392513":[16,"南砺市","利賀村上百瀬"],"9392188":[16,"富山市","蟹寺"],"9391124":[16,"高岡市","戸出六十歩"],"9390331":[16,"射水市","下条新"],"9398138":[16,"富山市","上千俵"],"9391876":[16,"南砺市","川上中"],"9391412":[16,"砺波市","正権寺"],"9391119":[16,"高岡市","オフィスパーク"],"9391846":[16,"南砺市","経塚野"],"9392434":[16,"富山市","八尾町島地"],"9391274":[16,"高岡市","上麻生"],"9390127":[16,"高岡市","福岡町上蓑"],"9390418":[16,"射水市","布目沢"],"9390362":[16,"射水市","太閤山"],"9390665":[16,"下新川郡入善町","本村"],"9391716":[16,"南砺市","荒見崎"],"9390133":[16,"高岡市","福岡町開ほつ"],"9398234":[16,"富山市","南中田"],"9392621":[16,"富山市","婦中町富崎"],"9391911":[16,"南砺市","篭渡"],"9390625":[16,"下新川郡入善町","神林"],"9398197":[16,"富山市","上野寿町"],"9392405":[16,"富山市","八尾町青根"],"9391924":[16,"南砺市","中畑"],"9391388":[16,"砺波市","宮沢町"],"9398071":[16,"富山市","上袋"],"9390323":[16,"射水市","平野"],"9392237":[16,"富山市","根上"],"9391765":[16,"南砺市","綱掛"],"9392182":[16,"富山市","岩稲"],"9391625":[16,"南砺市","中ノ江"],"9390653":[16,"下新川郡入善町","上飯野"],"9390712":[16,"下新川郡朝日町","蛭谷"],"9392203":[16,"富山市","松野"],"9390116":[16,"高岡市","福岡町下蓑"],"9398095":[16,"富山市","大泉中町"],"9398103":[16,"富山市","大場"],"9398012":[16,"富山市","高原本町"],"9390564":[16,"富山市","水橋清水堂"],"9391971":[16,"南砺市","小瀬"],"9391725":[16,"南砺市","鍛治"],"9392424":[16,"富山市","八尾町東原"],"9390332":[16,"射水市","一条"],"9392351":[16,"富山市","八尾町天満町"],"9391402":[16,"砺波市","増山"],"9392714":[16,"富山市","婦中町増田"],"9392707":[16,"富山市","婦中町東本郷"],"9391345":[16,"砺波市","林"],"9392337":[16,"富山市","八尾町梅苑町"],"9392636":[16,"富山市","婦中町東山"],"9392225":[16,"富山市","長走"],"9391518":[16,"南砺市","松原"],"9390501":[16,"富山市","水橋東浜町"],"9391821":[16,"南砺市","泉沢"],"9392165":[16,"富山市","寺津"],"9390651":[16,"下新川郡入善町","上飯野新"],"9398062":[16,"富山市","上堀南町"],"9390663":[16,"下新川郡入善町","下飯野"],"9390316":[16,"射水市","小杉北野"],"9392732":[16,"富山市","婦中町横野"],"9391655":[16,"南砺市","坂本"],"9391868":[16,"南砺市","城端"],"9398058":[16,"富山市","大泉"],"9392503":[16,"南砺市","利賀村草嶺"],"9391666":[16,"南砺市","山本"],"9390553":[16,"富山市","水橋小出"],"9391641":[16,"南砺市","福光"],"9391314":[16,"砺波市","久泉"],"9392316":[16,"富山市","八尾町深谷"],"9398042":[16,"富山市","太田北区"],"9390734":[16,"下新川郡朝日町","草野"],"9398054":[16,"富山市","新堀町"],"9392321":[16,"富山市","八尾町小長谷"],"9392466":[16,"富山市","八尾町天池"],"9398131":[16,"富山市","中屋"],"9390742":[16,"下新川郡朝日町","沼保"],"9391733":[16,"南砺市","下野"],"9392508":[16,"南砺市","利賀村岩渕"],"9391502":[16,"南砺市","野尻"],"9392335":[16,"富山市","八尾町茗ケ原"],"9393502":[16,"富山市","水橋川原町"],"9393548":[16,"富山市","三郷"],"9391506":[16,"南砺市","高儀"],"9391735":[16,"南砺市","小林"],"9398021":[16,"富山市","若葉台"],"9390526":[16,"富山市","水橋舘町"],"9392753":[16,"富山市","婦中町笹倉"],"9392311":[16,"富山市","八尾町中神通"],"9392301":[16,"富山市","八尾町寺家"],"9392246":[16,"富山市","岩木"],"9390142":[16,"高岡市","福岡町土屋"],"9391904":[16,"南砺市","入谷"],"9392422":[16,"富山市","八尾町西原"],"9391304":[16,"砺波市","秋元"],"9398271":[16,"富山市","太郎丸西町"],"9391422":[16,"砺波市","浅谷"],"9391363":[16,"砺波市","太郎丸"],"9391703":[16,"南砺市","一日市"],"9391549":[16,"南砺市","前田"],"9390103":[16,"高岡市","福岡町西"],"9392451":[16,"富山市","八尾町平沢"],"9392176":[16,"富山市","舟渡"],"9391105":[16,"高岡市","戸出伊勢領"],"9391825":[16,"南砺市","大鋸屋"],"9390416":[16,"射水市","串田新"],"9398008":[16,"富山市","山室新町"],"9391432":[16,"砺波市","徳万"],"9390513":[16,"富山市","水橋中出町"],"9398049":[16,"富山市","堀川本郷"],"9391337":[16,"砺波市","神島"],"9390242":[16,"射水市","安吉"],"9390748":[16,"下新川郡朝日町","大屋新"],"9398001":[16,"富山市","大泉東部"],"9393522":[16,"富山市","水橋花の井町"],"9398225":[16,"富山市","上八日町"],"9391546":[16,"南砺市","森"],"9391325":[16,"砺波市","花島"],"9391336":[16,"砺波市","西中"],"9390736":[16,"下新川郡朝日町","浜草野"],"9392173":[16,"富山市","伏木"],"9391538":[16,"南砺市","田尻"],"9391818":[16,"南砺市","城端"],"9390612":[16,"下新川郡入善町","藤原"],"9391844":[16,"南砺市","野口"],"9390634":[16,"下新川郡入善町","小摺戸"],"9390514":[16,"富山市","水橋稲荷町"],"9391744":[16,"南砺市","天池"],"9398086":[16,"富山市","東中野町"],"9391543":[16,"南砺市","下吉江"],"9391862":[16,"南砺市","城端"],"9391414":[16,"砺波市","坪野"],"9391714":[16,"南砺市","高畠"],"9391536":[16,"南砺市","東石田"],"9390504":[16,"富山市","水橋田町"],"9392473":[16,"富山市","八尾町上ノ名"],"9390125":[16,"高岡市","福岡町矢部"],"9390503":[16,"富山市","水橋西出町"],"9391358":[16,"砺波市","木下"],"9390246":[16,"射水市","大門本江"],"9393514":[16,"富山市","水橋新堂町"],"9392741":[16,"富山市","婦中町中名"],"9390647":[16,"下新川郡入善町","道古"],"9398163":[16,"富山市","青柳新"],"9391524":[16,"南砺市","雨潜"],"9390131":[16,"高岡市","福岡町荒屋敷"],"9390727":[16,"下新川郡朝日町","金山"],"9392461":[16,"富山市","八尾町高熊"],"9390746":[16,"下新川郡朝日町","荒川"],"9391684":[16,"南砺市","小院瀬見"],"9390614":[16,"下新川郡入善町","君島"],"9391801":[16,"南砺市","北野"],"9392432":[16,"富山市","八尾町薄尾"],"9393557":[16,"富山市","水橋新保"],"9392516":[16,"南砺市","利賀村坂上"],"9392702":[16,"富山市","婦中町田島"],"9392602":[16,"富山市","婦中町下邑"],"9391752":[16,"南砺市","大西"],"9391356":[16,"砺波市","若草町"],"9391671":[16,"南砺市","小坂"],"9398143":[16,"富山市","上布目"],"9391913":[16,"南砺市","田向"],"9390676":[16,"下新川郡入善町","目川"],"9391976":[16,"南砺市","新屋"],"9392634":[16,"富山市","婦中町牛滑"],"9393531":[16,"富山市","水橋池田町"],"9392186":[16,"富山市","片掛"],"9392201":[16,"富山市","合田"],"9391272":[16,"高岡市","下麻生"],"9398014":[16,"富山市","中川原新町"],"9391365":[16,"砺波市","三島町"],"9390714":[16,"下新川郡朝日町","桜町"],"9398017":[16,"富山市","松ケ丘"],"9390741":[16,"下新川郡朝日町","泊"],"9391652":[16,"南砺市","福光新町"],"9398141":[16,"富山市","月岡東緑町"],"9391401":[16,"砺波市","東保"],"9391601":[16,"南砺市","人母"],"9392716":[16,"富山市","婦中町下轡田"],"9390101":[16,"高岡市","福岡町赤丸"],"9392604":[16,"富山市","婦中町小野島"],"9392511":[16,"南砺市","利賀村百瀬川"],"9391311":[16,"砺波市","下中条"],"9391112":[16,"高岡市","戸出春日"],"9392756":[16,"富山市","婦中町下井沢"],"9391535":[16,"南砺市","石田"],"9392632":[16,"富山市","婦中町外輪野"],"9398093":[16,"富山市","大泉東町"],"9391633":[16,"南砺市","福光"],"9391378":[16,"砺波市","春日町"],"9392304":[16,"富山市","八尾町黒田"],"9398064":[16,"富山市","赤田"],"9390272":[16,"射水市","若杉"],"9392175":[16,"富山市","東猪谷"],"9390282":[16,"射水市","南高木"],"9390302":[16,"射水市","大江"],"9392353":[16,"富山市","八尾町今町"],"9392367":[16,"富山市","八尾町平林"],"9393536":[16,"富山市","水橋金尾新"],"9392723":[16,"富山市","婦中町萩島"],"9398192":[16,"富山市","布市新町"],"9390318":[16,"射水市","池多"],"9391573":[16,"南砺市","福野"],"9392181":[16,"富山市","西笹津"],"9392401":[16,"富山市","八尾町油"],"9391874":[16,"南砺市","蛇喰"],"9391575":[16,"南砺市","上三日市"],"9398136":[16,"富山市","月見町"],"9398172":[16,"富山市","辰尾"],"9391516":[16,"南砺市","焼野"],"9391347":[16,"砺波市","下中"],"9390304":[16,"射水市","小杉白石"],"9391664":[16,"南砺市","竹内"],"9391902":[16,"南砺市","大崩島"],"9391406":[16,"砺波市","宮森"],"9391563":[16,"南砺市","福野"],"9398134":[16,"富山市","上千俵町"],"9391866":[16,"南砺市","城端"],"9390235":[16,"射水市","枇杷首"],"9390534":[16,"富山市","水橋狐塚"],"9391827":[16,"南砺市","盛新"],"9391302":[16,"砺波市","東石丸"],"9390408":[16,"射水市","若林"],"9391967":[16,"南砺市","小原"],"9391965":[16,"南砺市","真木"],"9391836":[16,"南砺市","雁巻島"],"9390531":[16,"富山市","水橋市江"],"9392415":[16,"富山市","八尾町桂原"],"9391746":[16,"南砺市","出村"],"9391318":[16,"砺波市","祖泉"],"9391621":[16,"南砺市","和泉"],"9391383":[16,"砺波市","高道"],"9398203":[16,"富山市","西田地方"],"9390751":[16,"下新川郡朝日町","野新"],"9391623":[16,"南砺市","松木"],"9391661":[16,"南砺市","天神"],"9390628":[16,"下新川郡入善町","椚山新"],"9392463":[16,"富山市","八尾町中"],"9392303":[16,"富山市","八尾町大杉"],"9398216":[16,"富山市","黒瀬北町"],"9398184":[16,"富山市","二俣新町"],"9393524":[16,"富山市","水橋伊勢屋"],"9393504":[16,"富山市","水橋今町"],"9391816":[16,"南砺市","城端"],"9390667":[16,"下新川郡入善町","芦崎"],"9392446":[16,"富山市","八尾町草連坂"],"9398152":[16,"富山市","経力"],"9391643":[16,"南砺市","福光"],"9390551":[16,"富山市","水橋石政"],"9390542":[16,"富山市","水橋堅田"],"9398044":[16,"富山市","太田南町"],"9391864":[16,"南砺市","城端"],"9391416":[16,"砺波市","芹谷"],"9391322":[16,"砺波市","中野"],"9392223":[16,"富山市","笹津"],"9398034":[16,"富山市","新横内町"],"9392617":[16,"富山市","婦中町島田"],"9392501":[16,"南砺市","利賀村栗当"],"9390721":[16,"下新川郡朝日町","三枚橋"],"9391521":[16,"南砺市","苗島"],"9391901":[16,"南砺市","祖山"],"9390511":[16,"富山市","水橋朝日町"],"9391134":[16,"高岡市","戸出放寺新"],"9392747":[16,"富山市","婦中町中島"],"9390636":[16,"下新川郡入善町","一宿"],"9398002":[16,"富山市","公文名"],"9392456":[16,"富山市","八尾町正間"],"9390716":[16,"下新川郡朝日町","南保町"],"9398025":[16,"富山市","大島"],"9390704":[16,"下新川郡朝日町","境"],"9391433":[16,"砺波市","徳万新"],"9398232":[16,"富山市","南央町"],"9391571":[16,"南砺市","松原新"],"9393546":[16,"富山市","水橋二杉"]}
