{"3440067":[11,"春日部市","中央"],"3440057":[11,"春日部市","南栄町"],"3440106":[11,"春日部市","木崎"],"3440045":[11,"春日部市","道口蛭田"],"3440033":[11,"春日部市","備後西"],"3440001":[11,"春日部市","不動院野"],"3440041":[11,"春日部市","増富"],"3440058":[11,"春日部市","栄町"],"3440044":[11,"春日部市","花積"],"3440011":[11,"春日部市","藤塚"],"3440004":[11,"春日部市","牛島"],"3440136":[11,"春日部市","倉常"],"3440132":[11,"春日部市","神間"],"3440005":[11,"春日部市","樋堀"],"3440015":[11,"春日部市","赤沼"],"3440038":[11,"春日部市","大沼"],"3440021":[11,"春日部市","大場"],"3440122":[11,"春日部市","下柳"],"3440064":[11,"春日部市","南"],"3440135":[11,"春日部市","榎"],"3440002":[11,"春日部市","樋籠"],"3440036":[11,"春日部市","下大増新田"],"3440111":[11,"春日部市","上金崎"],"3440133":[11,"春日部市","椚"],"3440034":[11,"春日部市","薄谷"],"3440114":[11,"春日部市","東中野"],"3440013":[11,"春日部市","銚子口"],"3440113":[11,"春日部市","新宿新田"],"3440134":[11,"春日部市","立野"],"3440024":[11,"春日部市","千間"],"3440012":[11,"春日部市","六軒町"],"3440125":[11,"春日部市","飯沼"],"3440104":[11,"春日部市","下吉妻"],"3440117":[11,"春日部市","金崎"],"3440014":[11,"春日部市","豊野町"],"3440051":[11,"春日部市","内牧"],"3440123":[11,"春日部市","永沼"],"3440055":[11,"春日部市","八木崎町"],"3440124":[11,"春日部市","米崎"],"3440131":[11,"春日部市","芦橋"],"3440007":[11,"春日部市","小渕"],"3440016":[11,"春日部市","本田町"],"3440053":[11,"春日部市","梅田本町"],"3440022":[11,"春日部市","大畑"],"3440037":[11,"春日部市","上大増新田"],"3440112":[11,"春日部市","西金野井"],"3440046":[11,"春日部市","上蛭田"],"3440048":[11,"春日部市","南中曽根"],"3440052":[11,"春日部市","梅田"],"3440031":[11,"春日部市","一ノ割"],"3440115":[11,"春日部市","米島"],"3440026":[11,"春日部市","武里中野"],"3440102":[11,"春日部市","西宝珠花"],"3440000":[11,"春日部市",""],"3440105":[11,"春日部市","小平"],"3440003":[11,"春日部市","新川"],"3440047":[11,"春日部市","道順川戸"],"3440063":[11,"春日部市","緑町"],"3440103":[11,"春日部市","上吉妻"],"3440062":[11,"春日部市","粕壁東"],"3440061":[11,"春日部市","粕壁"],"3440023":[11,"春日部市","大枝"],"3440116":[11,"春日部市","大衾"],"3440101":[11,"春日部市","西親野井"],"3440127":[11,"春日部市","水角"],"3440035":[11,"春日部市","谷原新田"],"3440056":[11,"春日部市","新方袋"],"3440054":[11,"春日部市","浜川戸"],"3440006":[11,"春日部市","八丁目"],"3440126":[11,"春日部市","赤崎"],"3440065":[11,"春日部市","谷原"],"3440032":[11,"春日部市","備後東"],"3440059":[11,"春日部市","西八木崎"],"3440107":[11,"春日部市","塚崎"],"3440066":[11,"春日部市","豊町"],"3440025":[11,"春日部市","増田新田"],"3440042":[11,"春日部市","増戸"],"3440043":[11,"春日部市","下蛭田"],"3440121":[11,"春日部市","上柳"]}
