{"1800000":[13,"武蔵野市",""],"1800003":[13,"武蔵野市","吉祥寺南町"],"1800021":[13,"武蔵野市","桜堤"],"1800012":[13,"武蔵野市","緑町"],"1800022":[13,"武蔵野市","境"],"1800011":[13,"武蔵野市","八幡町"],"1800006":[13,"武蔵野市","中町"],"1800001":[13,"武蔵野市","吉祥寺北町"],"1800002":[13,"武蔵野市","吉祥寺東町"],"1800014":[13,"武蔵野市","関前"],"1800023":[13,"武蔵野市","境南町"],"1800005":[13,"武蔵野市","御殿山"],"1800004":[13,"武蔵野市","吉祥寺本町"],"1800013":[13,"武蔵野市","西久保"]}
