{"6068376":[26,"京都市左京区","大菊町"],"6060807":[26,"京都市左京区","下鴨泉川町"],"6060015":[26,"京都市左京区","岩倉幡枝町"],"6060915":[26,"京都市左京区","松ケ崎六ノ坪町"],"6060068":[26,"京都市左京区","八瀬野瀬町"],"6068046":[26,"京都市左京区","修学院室町"],"6060084":[26,"京都市左京区","上高野鐘突町"],"6068004":[26,"京都市左京区","山端川端町"],"6068354":[26,"京都市左京区","頭町"],"6068177":[26,"京都市左京区","一乗寺東水干町"],"6068424":[26,"京都市左京区","鹿ケ谷宮ノ前町"],"6068013":[26,"京都市左京区","山端大君町"],"6060801":[26,"京都市左京区","下鴨宮河町"],"6060026":[26,"京都市左京区","岩倉長谷町"],"6068145":[26,"京都市左京区","一乗寺葉山町"],"6068371":[26,"京都市左京区","秋築町"],"6068056":[26,"京都市左京区","修学院松本町"],"6060023":[26,"京都市左京区","岩倉南三宅町"],"6068332":[26,"京都市左京区","岡崎東天王町"],"6068264":[26,"京都市左京区","北白川小倉町"],"6068031":[26,"京都市左京区","修学院西沮沢町"],"6068287":[26,"京都市左京区","北白川上池田町"],"6068054":[26,"京都市左京区","修学院山神町"],"6068186":[26,"京都市左京区","一乗寺南大丸町"],"6068453":[26,"京都市左京区","北白川南ケ原町"],"6068263":[26,"京都市左京区","北白川東蔦町"],"6068213":[26,"京都市左京区","田中野神町"],"6068276":[26,"京都市左京区","北白川別当町"],"6068123":[26,"京都市左京区","一乗寺西閉川原町"],"6068041":[26,"京都市左京区","修学院仏者町"],"6068086":[26,"京都市左京区","修学院十権寺町"],"6068134":[26,"京都市左京区","一乗寺竹ノ内町"],"6060842":[26,"京都市左京区","下鴨北芝町"],"6068333":[26,"京都市左京区","岡崎法勝寺町"],"6068396":[26,"京都市左京区","下堤町"],"6060901":[26,"京都市左京区","松ケ崎東桜木町"],"6068313":[26,"京都市左京区","吉田中大路町"],"6060003":[26,"京都市左京区","岩倉南大鷺町"],"6068427":[26,"京都市左京区","鹿ケ谷法然院西町"],"6068183":[26,"京都市左京区","一乗寺大新開町"],"6060852":[26,"京都市左京区","下鴨東梅ノ木町"],"6060824":[26,"京都市左京区","下鴨東半木町"],"6068075":[26,"京都市左京区","修学院坪江町"],"6060914":[26,"京都市左京区","松ケ崎今海道町"],"6068155":[26,"京都市左京区","一乗寺薬師堂町"],"6068445":[26,"京都市左京区","永観堂町"],"6068106":[26,"京都市左京区","高野玉岡町"],"6060823":[26,"京都市左京区","下鴨半木町"],"6060935":[26,"京都市左京区","松ケ崎高山"],"6068042":[26,"京都市左京区","修学院泉殿町"],"6060033":[26,"京都市左京区","岩倉南四ノ坪町"],"6060088":[26,"京都市左京区","上高野植ノ町"],"6060832":[26,"京都市左京区","下鴨萩ケ垣内町"],"6068284":[26,"京都市左京区","北白川下池田町"],"6060963":[26,"京都市左京区","松ケ崎糺田町"],"6068163":[26,"京都市左京区","一乗寺中ノ田町"],"6068233":[26,"京都市左京区","田中北春菜町"],"6068111":[26,"京都市左京区","高野泉町"],"6068174":[26,"京都市左京区","一乗寺染殿町"],"6060855":[26,"京都市左京区","下鴨東塚本町"],"6068272":[26,"京都市左京区","北白川山田町"],"6060833":[26,"京都市左京区","下鴨前萩町"],"6060846":[26,"京都市左京区","下鴨北野々神町"],"6068216":[26,"京都市左京区","田中南西浦町"],"6060097":[26,"京都市左京区","上高野前田町"],"6060947":[26,"京都市左京区","松ケ崎井出ケ鼻町"],"6060967":[26,"京都市左京区","松ケ崎小竹薮町"],"6060063":[26,"京都市左京区","上高野大明神町"],"6060837":[26,"京都市左京区","下鴨夜光町"],"6060841":[26,"京都市左京区","下鴨南芝町"],"6068345":[26,"京都市左京区","東門前町"],"6068405":[26,"京都市左京区","浄土寺上南田町"],"6060047":[26,"京都市左京区","上高野薩田町"],"6068275":[26,"京都市左京区","北白川上別当町"],"6068362":[26,"京都市左京区","法皇寺町"],"6068436":[26,"京都市左京区","粟田口鳥居町"],"6068026":[26,"京都市左京区","修学院川尻町"],"6060815":[26,"京都市左京区","下鴨膳部町"],"6060942":[26,"京都市左京区","松ケ崎樋ノ上町"],"6068273":[26,"京都市左京区","北白川山ノ元町"],"6068304":[26,"京都市左京区","吉田下阿達町"],"6068063":[26,"京都市左京区","修学院後安堂"],"6068312":[26,"京都市左京区","吉田上大路町"],"6060827":[26,"京都市左京区","下鴨西半木町"],"6068336":[26,"京都市左京区","岡崎北御所町"],"6068035":[26,"京都市左京区","修学院守禅庵"],"6060064":[26,"京都市左京区","上高野西明寺山"],"6060931":[26,"京都市左京区","松ケ崎井出ケ海道町"],"6060006":[26,"京都市左京区","岩倉西五田町"],"6068141":[26,"京都市左京区","一乗寺釈迦堂町"],"6060075":[26,"京都市左京区","上高野奥東野町"],"6060058":[26,"京都市左京区","上高野小野町"],"6060956":[26,"京都市左京区","松ケ崎鞍馬田町"],"6068203":[26,"京都市左京区","田中関田町"],"6060907":[26,"京都市左京区","松ケ崎村ケ内町"],"6068365":[26,"京都市左京区","讃州寺町"],"6068157":[26,"京都市左京区","一乗寺才形町"],"6068432":[26,"京都市左京区","鹿ケ谷高岸町"],"6068417":[26,"京都市左京区","浄土寺西田町"],"6060964":[26,"京都市左京区","松ケ崎修理式町"],"6068023":[26,"京都市左京区","修学院水上田町"],"6068162":[26,"京都市左京区","一乗寺御祭田町"],"6060864":[26,"京都市左京区","下鴨高木町"],"6068234":[26,"京都市左京区","田中春菜町"],"6068005":[26,"京都市左京区","山端川岸町"],"6068222":[26,"京都市左京区","田中樋ノ口町"],"6060851":[26,"京都市左京区","下鴨梅ノ木町"],"6060067":[26,"京都市左京区","上高野東山"],"6068144":[26,"京都市左京区","一乗寺堂ノ前町"],"6060911":[26,"京都市左京区","松ケ崎泉川町"],"6060092":[26,"京都市左京区","上高野下荒蒔町"],"6060034":[26,"京都市左京区","岩倉村松町"],"6068053":[26,"京都市左京区","修学院宮ノ前"],"6068442":[26,"京都市左京区","鹿ケ谷大黒谷町"],"6068201":[26,"京都市左京区","田中玄京町"],"6060813":[26,"京都市左京区","下鴨貴船町"],"6068285":[26,"京都市左京区","北白川東久保田町"],"6068382":[26,"京都市左京区","大文字町"],"6060027":[26,"京都市左京区","岩倉中在地町"],"6068244":[26,"京都市左京区","北白川東平井町"],"6060054":[26,"京都市左京区","上高野三反田町"],"6068423":[26,"京都市左京区","鹿ケ谷桜谷町"],"6068101":[26,"京都市左京区","高野蓼原町"],"6068307":[26,"京都市左京区","吉田上阿達町"],"6068357":[26,"京都市左京区","聖護院蓮華蔵町"],"6068392":[26,"京都市左京区","聖護院山王町"],"6068292":[26,"京都市左京区","北白川重石町"],"6060002":[26,"京都市左京区","岩倉中大鷺町"],"6068446":[26,"京都市左京区","南禅寺北ノ坊町"],"6068182":[26,"京都市左京区","一乗寺赤ノ宮町"],"6068231":[26,"京都市左京区","田中上古川町"],"6068025":[26,"京都市左京区","修学院山ノ鼻町"],"6060095":[26,"京都市左京区","上高野西氷室町"],"6060961":[26,"京都市左京区","松ケ崎久土町"],"6068153":[26,"京都市左京区","一乗寺谷田町"],"6060934":[26,"京都市左京区","松ケ崎狐坂"],"6060057":[26,"京都市左京区","上高野池ノ内町"],"6068373":[26,"京都市左京区","杉本町"],"6068001":[26,"京都市左京区","山端柳ケ坪町"],"6060077":[26,"京都市左京区","上高野奥小森町"],"6060081":[26,"京都市左京区","上高野畑町"],"6068294":[26,"京都市左京区","北白川地蔵谷町"],"6068428":[26,"京都市左京区","鹿ケ谷栗木谷町"],"6068422":[26,"京都市左京区","鹿ケ谷御所ノ段町"],"6068214":[26,"京都市左京区","田中南大久保町"],"6068146":[26,"京都市左京区","一乗寺病ダレ"],"6060904":[26,"京都市左京区","松ケ崎柳井田町"],"6068334":[26,"京都市左京区","岡崎南御所町"],"6060078":[26,"京都市左京区","上高野東田町"],"6060938":[26,"京都市左京区","松ケ崎木燈籠町"],"6068167":[26,"京都市左京区","一乗寺樋ノ口町"],"6068384":[26,"京都市左京区","新生洲町"],"6060061":[26,"京都市左京区","上高野川原町"],"6060073":[26,"京都市左京区","上高野釜土町"],"6068435":[26,"京都市左京区","南禅寺福地町"],"6068007":[26,"京都市左京区","山端壱町田町"],"6060037":[26,"京都市左京区","上高野流田町"],"6068014":[26,"京都市左京区","山端大塚町"],"6060835":[26,"京都市左京区","下鴨神殿町"],"6060861":[26,"京都市左京区","下鴨西高木町"],"6068232":[26,"京都市左京区","田中古川町"],"6068454":[26,"京都市左京区","北白川向ケ谷町"],"6060843":[26,"京都市左京区","下鴨水口町"],"6068364":[26,"京都市左京区","菊鉾町"],"6068281":[26,"京都市左京区","北白川丸山町"],"6060854":[26,"京都市左京区","下鴨東岸本町"],"6068175":[26,"京都市左京区","一乗寺築田町"],"6060826":[26,"京都市左京区","下鴨西本町"],"6068406":[26,"京都市左京区","浄土寺石橋町"],"6068401":[26,"京都市左京区","浄土寺小山町"],"6068221":[26,"京都市左京区","田中西樋ノ口町"],"6068317":[26,"京都市左京区","吉田本町"],"6068277":[26,"京都市左京区","北白川堂ノ前町"],"6060091":[26,"京都市左京区","上高野大塚町"],"6068074":[26,"京都市左京区","修学院石掛町"],"6068132":[26,"京都市左京区","一乗寺馬場町"],"6060806":[26,"京都市左京区","下鴨蓼倉町"],"6060036":[26,"京都市左京区","上高野北田町"],"6060044":[26,"京都市左京区","上高野仲町"],"6060946":[26,"京都市左京区","松ケ崎東山"],"6060005":[26,"京都市左京区","岩倉南池田町"],"6068217":[26,"京都市左京区","田中西浦町"],"6060952":[26,"京都市左京区","松ケ崎木ノ本町"],"6068166":[26,"京都市左京区","一乗寺庵野町"],"6068045":[26,"京都市左京区","修学院安養坊"],"6060096":[26,"京都市左京区","上高野山ノ橋町"],"6068414":[26,"京都市左京区","浄土寺真如町"],"6068385":[26,"京都市左京区","孫橋町"],"6068126":[26,"京都市左京区","一乗寺向畑町"],"6068444":[26,"京都市左京区","若王子町"],"6068346":[26,"京都市左京区","南門前町"],"6068322":[26,"京都市左京区","岡崎入江町"],"6068052":[26,"京都市左京区","修学院薮添"],"6068303":[26,"京都市左京区","吉田橘町"],"6060941":[26,"京都市左京区","松ケ崎河原田町"],"6060014":[26,"京都市左京区","岩倉西河原町"],"6068353":[26,"京都市左京区","正往寺町"],"6068206":[26,"京都市左京区","田中馬場町"],"6060024":[26,"京都市左京区","岩倉花園町"],"6068151":[26,"京都市左京区","一乗寺花ノ木町"],"6068032":[26,"京都市左京区","修学院北沮沢町"],"6068022":[26,"京都市左京区","修学院高部町"],"6068104":[26,"京都市左京区","高野竹屋町"],"6068237":[26,"京都市左京区","田中上大久保町"],"6068083":[26,"京都市左京区","修学院犬塚町"],"6060053":[26,"京都市左京区","上高野車地町"],"6068326":[26,"京都市左京区","岡崎西福ノ川町"],"6068291":[26,"京都市左京区","北白川岩坂町"],"6068267":[26,"京都市左京区","北白川西町"],"6060836":[26,"京都市左京区","下鴨梁田町"],"6068247":[26,"京都市左京区","田中東春菜町"],"6068257":[26,"京都市左京区","北白川西伊織町"],"6060966":[26,"京都市左京区","松ケ崎正田町"],"6068002":[26,"京都市左京区","山端大城田町"],"6060074":[26,"京都市左京区","上高野下東野町"],"6068036":[26,"京都市左京区","修学院開根坊町"],"6060906":[26,"京都市左京区","松ケ崎中海道町"],"6068441":[26,"京都市左京区","鹿ケ谷徳善谷町"],"6060802":[26,"京都市左京区","下鴨宮崎町"],"6068455":[26,"京都市左京区","北白川小亀谷町"],"6060924":[26,"京都市左京区","松ケ崎東池ノ内町"],"6068253":[26,"京都市左京区","北白川瀬ノ内町"],"6060065":[26,"京都市左京区","上高野八幡町"],"6060013":[26,"京都市左京区","岩倉下在地町"],"6068143":[26,"京都市左京区","一乗寺堀ノ内町"],"6068057":[26,"京都市左京区","修学院林ノ脇"],"6068254":[26,"京都市左京区","北白川東瀬ノ内町"],"6068227":[26,"京都市左京区","田中里ノ前町"],"6060071":[26,"京都市左京区","上高野防山"],"6060957":[26,"京都市左京区","松ケ崎小脇町"],"6060814":[26,"京都市左京区","下鴨芝本町"],"6060087":[26,"京都市左京区","上高野稲荷町"],"6060865":[26,"京都市左京区","下鴨東高木町"],"6068314":[26,"京都市左京区","吉田下大路町"],"6068391":[26,"京都市左京区","聖護院西町"],"6068113":[26,"京都市左京区","一乗寺東杉ノ宮町"],"6068366":[26,"京都市左京区","超勝寺門前町"],"6068407":[26,"京都市左京区","銀閣寺前町"],"6068342":[26,"京都市左京区","岡崎最勝寺町"],"6068215":[26,"京都市左京区","田中上玄京町"],"6068235":[26,"京都市左京区","田中西春菜町"],"6060817":[26,"京都市左京区","下鴨西林町"],"6068306":[26,"京都市左京区","吉田中阿達町"],"6068161":[26,"京都市左京区","一乗寺木ノ本町"],"6068335":[26,"京都市左京区","岡崎天王町"],"6068102":[26,"京都市左京区","高野清水町"],"6068402":[26,"京都市左京区","銀閣寺町"],"6060954":[26,"京都市左京区","松ケ崎壱町田町"],"6068321":[26,"京都市左京区","岡崎東福ノ川町"],"6068421":[26,"京都市左京区","鹿ケ谷法然院町"],"6060076":[26,"京都市左京区","上高野口小森町"],"6068158":[26,"京都市左京区","一乗寺大谷"],"6068451":[26,"京都市左京区","北白川中山町"],"6068006":[26,"京都市左京区","山端橋ノ本町"],"6068361":[26,"京都市左京区","福本町"],"6068142":[26,"京都市左京区","一乗寺燈籠本町"],"6068343":[26,"京都市左京区","岡崎成勝寺町"],"6068172":[26,"京都市左京区","一乗寺河原田町"],"6068374":[26,"京都市左京区","難波町"],"6060912":[26,"京都市左京区","松ケ崎呼返町"],"6060035":[26,"京都市左京区","上高野三宅町"],"6068071":[26,"京都市左京区","修学院狭間町"],"6068202":[26,"京都市左京区","田中大堰町"],"6060056":[26,"京都市左京区","上高野市川町"],"6060821":[26,"京都市左京区","賀茂今井町"],"6068224":[26,"京都市左京区","北白川追分町"],"6060041":[26,"京都市左京区","上高野石田町"],"6068136":[26,"京都市左京区","一乗寺東浦町"],"6068125":[26,"京都市左京区","一乗寺清水町"],"6060933":[26,"京都市左京区","松ケ崎西山"],"6068274":[26,"京都市左京区","北白川大堂町"],"6060094":[26,"京都市左京区","上高野東氷室町"],"6068154":[26,"京都市左京区","一乗寺門口町"],"6068122":[26,"京都市左京区","一乗寺東閉川原町"],"6068383":[26,"京都市左京区","新先斗町"],"6068003":[26,"京都市左京区","山端川原町"],"6068062":[26,"京都市左京区","修学院南代"],"6068363":[26,"京都市左京区","和国町"],"6060917":[26,"京都市左京区","松ケ崎堂ノ上町"],"6060926":[26,"京都市左京区","松ケ崎中町"],"6068011":[26,"京都市左京区","山端森本町"],"6060831":[26,"京都市左京区","下鴨北園町"],"6068027":[26,"京都市左京区","修学院水川原町"],"6068311":[26,"京都市左京区","吉田神楽岡町"],"6068107":[26,"京都市左京区","高野東開町"],"6060927":[26,"京都市左京区","松ケ崎西町"],"6060962":[26,"京都市左京区","松ケ崎御所海道町"],"6060862":[26,"京都市左京区","下鴨本町"],"6068443":[26,"京都市左京区","粟田口山下町"],"6068184":[26,"京都市左京区","一乗寺払殿町"],"6068295":[26,"京都市左京区","北白川清沢口町"],"6060062":[26,"京都市左京区","上高野大橋町"],"6068415":[26,"京都市左京区","岡崎真如堂前町"],"6060001":[26,"京都市左京区","岩倉大鷺町"],"6068033":[26,"京都市左京区","修学院山添町"],"6068324":[26,"京都市左京区","聖護院中町"],"6068381":[26,"京都市左京区","中川町"],"6068037":[26,"京都市左京区","修学院大道町"],"6068431":[26,"京都市左京区","鹿ケ谷下宮ノ前町"],"6068283":[26,"京都市左京区","北白川仕伏町"],"6060011":[26,"京都市左京区","岩倉西宮田町"],"6068351":[26,"京都市左京区","岡崎徳成町"],"6068073":[26,"京都市左京区","修学院茶屋ノ前町"],"6060834":[26,"京都市左京区","下鴨狗子田町"],"6068131":[26,"京都市左京区","一乗寺稲荷町"],"6068325":[26,"京都市左京区","聖護院東町"],"6068411":[26,"京都市左京区","浄土寺東田町"],"6068412":[26,"京都市左京区","浄土寺馬場町"],"6068302":[26,"京都市左京区","吉田牛ノ宮町"],"6068044":[26,"京都市左京区","修学院馬場脇町"],"6068315":[26,"京都市左京区","吉田近衛町"],"6060825":[26,"京都市左京区","下鴨西梅ノ木町"],"6060811":[26,"京都市左京区","下鴨中川原町"],"6068356":[26,"京都市左京区","石原町"],"6068226":[26,"京都市左京区","田中飛鳥井町"],"6068393":[26,"京都市左京区","東竹屋町"],"6060004":[26,"京都市左京区","岩倉北池田町"],"6060012":[26,"京都市左京区","岩倉東宮田町"],"6060945":[26,"京都市左京区","松ケ崎堀町"],"6060847":[26,"京都市左京区","下鴨南野々神町"],"6068246":[26,"京都市左京区","北白川西平井町"],"6068147":[26,"京都市左京区","一乗寺小谷町"],"6068121":[26,"京都市左京区","一乗寺青城町"],"6068403":[26,"京都市左京区","浄土寺南田町"],"6068065":[26,"京都市左京区","修学院月輪寺町"],"6068205":[26,"京都市左京区","田中上柳町"],"6068152":[26,"京都市左京区","一乗寺下リ松町"],"6068116":[26,"京都市左京区","一乗寺宮ノ東町"],"6068103":[26,"京都市左京区","高野西開町"],"6068434":[26,"京都市左京区","南禅寺下河原町"],"6068165":[26,"京都市左京区","一乗寺野田町"],"6068256":[26,"京都市左京区","北白川伊織町"],"6068084":[26,"京都市左京区","修学院薬師堂町"],"6060089":[26,"京都市左京区","上高野上畑町"],"6060082":[26,"京都市左京区","上高野畑ケ田町"],"6060048":[26,"京都市左京区","上高野大湯手町"],"6068236":[26,"京都市左京区","田中大久保町"],"6068176":[26,"京都市左京区","一乗寺塚本町"],"6060052":[26,"京都市左京区","上高野鳥脇町"],"6060017":[26,"京都市左京区","岩倉上蔵町"],"6060844":[26,"京都市左京区","下鴨北茶ノ木町"],"6060086":[26,"京都市左京区","上高野木ノ下町"],"6060923":[26,"京都市左京区","松ケ崎総作町"],"6060903":[26,"京都市左京区","松ケ崎西桜木町"],"6060031":[26,"京都市左京区","岩倉南桑原町"],"6060025":[26,"京都市左京区","岩倉中町"],"6068266":[26,"京都市左京区","北白川久保田町"],"6068426":[26,"京都市左京区","鹿ケ谷寺ノ前町"],"6068255":[26,"京都市左京区","北白川西瀬ノ内町"],"6068271":[26,"京都市左京区","北白川瓜生山町"],"6060072":[26,"京都市左京区","上高野掃部林町"],"6068243":[26,"京都市左京区","田中東高原町"],"6060951":[26,"京都市左京区","松ケ崎橋上町"],"6060045":[26,"京都市左京区","上高野深田町"],"6068081":[26,"京都市左京区","修学院大林町"],"6068211":[26,"京都市左京区","田中西大久保町"],"6060866":[26,"京都市左京区","下鴨東森ケ前町"],"6068397":[26,"京都市左京区","聖護院川原町"],"6060905":[26,"京都市左京区","松ケ崎杉ケ海道町"],"6068187":[26,"京都市左京区","一乗寺大原田町"],"6060042":[26,"京都市左京区","上高野鷺町"],"6068061":[26,"京都市左京区","修学院宮ノ脇町"],"6060805":[26,"京都市左京区","下鴨森本町"],"6060944":[26,"京都市左京区","松ケ崎御所ノ内町"],"6068242":[26,"京都市左京区","田中高原町"],"6060965":[26,"京都市左京区","松ケ崎横縄手町"],"6068225":[26,"京都市左京区","田中門前町"],"6068021":[26,"京都市左京区","修学院沖殿町"],"6060022":[26,"京都市左京区","岩倉三宅町"],"6060803":[26,"京都市左京区","下鴨下川原町"],"6068352":[26,"京都市左京区","北門前町"],"6060812":[26,"京都市左京区","下鴨上川原町"],"6068252":[26,"京都市左京区","北白川上終町"],"6068082":[26,"京都市左京区","修学院鹿ノ下町"],"6060032":[26,"京都市左京区","岩倉南平岡町"],"6068416":[26,"京都市左京区","浄土寺上馬場町"],"6060098":[26,"京都市左京区","上高野沢渕町"],"6068375":[26,"京都市左京区","新車屋町"],"6068452":[26,"京都市左京区","粟田口如意ケ嶽町"],"6068034":[26,"京都市左京区","修学院桧峠町"],"6060051":[26,"京都市左京区","上高野野上町"],"6068413":[26,"京都市左京区","浄土寺下馬場町"],"6068124":[26,"京都市左京区","一乗寺松田町"],"6060016":[26,"京都市左京区","岩倉木野町"],"6068305":[26,"京都市左京区","吉田河原町"],"6068262":[26,"京都市左京区","北白川蔦町"],"6060822":[26,"京都市左京区","賀茂半木町"],"6068372":[26,"京都市左京区","吉永町"],"6068114":[26,"京都市左京区","一乗寺北大丸町"],"6060913":[26,"京都市左京区","松ケ崎芝本町"],"6068331":[26,"京都市左京区","黒谷町"],"6060816":[26,"京都市左京区","下鴨松ノ木町"],"6068447":[26,"京都市左京区","鹿ケ谷上宮ノ前町"],"6060000":[26,"京都市左京区",""],"6060055":[26,"京都市左京区","上高野尾保地町"],"6060955":[26,"京都市左京区","松ケ崎雲路町"],"6060916":[26,"京都市左京区","松ケ崎三反長町"],"6060925":[26,"京都市左京区","松ケ崎林山"],"6068085":[26,"京都市左京区","修学院中林町"],"6068185":[26,"京都市左京区","一乗寺高槻町"],"6068212":[26,"京都市左京区","田中里ノ内町"],"6068395":[26,"京都市左京区","東丸太町"],"6068043":[26,"京都市左京区","修学院貝原町"],"6068171":[26,"京都市左京区","一乗寺西水干町"],"6060046":[26,"京都市左京区","上高野諸木町"],"6060953":[26,"京都市左京区","松ケ崎海尻町"],"6060921":[26,"京都市左京区","松ケ崎平田町"],"6068156":[26,"京都市左京区","一乗寺松原町"],"6068323":[26,"京都市左京区","聖護院円頓美町"],"6068055":[26,"京都市左京区","修学院高岸町"],"6060902":[26,"京都市左京区","松ケ崎桜木町"],"6060853":[26,"京都市左京区","下鴨岸本町"],"6068133":[26,"京都市左京区","一乗寺月輪寺町"],"6060021":[26,"京都市左京区","岩倉忠在地町"],"6068012":[26,"京都市左京区","山端滝ケ鼻町"],"6060085":[26,"京都市左京区","上高野隣好町"],"6068164":[26,"京都市左京区","一乗寺出口町"],"6068105":[26,"京都市左京区","高野上竹屋町"],"6068112":[26,"京都市左京区","一乗寺西杉ノ宮町"],"6060936":[26,"京都市左京区","松ケ崎榎実ケ芝"],"6068047":[26,"京都市左京区","修学院烏丸町"],"6068386":[26,"京都市左京区","新丸太町"],"6068355":[26,"京都市左京区","新東洞院町"],"6068051":[26,"京都市左京区","修学院中新開"],"6068394":[26,"京都市左京区","聖護院東寺領町"],"6068223":[26,"京都市左京区","田中東樋ノ口町"],"6060863":[26,"京都市左京区","下鴨東本町"],"6068301":[26,"京都市左京区","吉田泉殿町"],"6068387":[26,"京都市左京区","法林寺門前町"],"6068064":[26,"京都市左京区","修学院辻ノ田町"],"6068135":[26,"京都市左京区","一乗寺水掛町"],"6068251":[26,"京都市左京区","北白川東伊織町"],"6060922":[26,"京都市左京区","松ケ崎南池ノ内町"],"6068117":[26,"京都市左京区","一乗寺里ノ前町"],"6068173":[26,"京都市左京区","一乗寺梅ノ木町"],"6068404":[26,"京都市左京区","浄土寺下南田町"],"6060937":[26,"京都市左京区","松ケ崎北裏町"],"6060043":[26,"京都市左京区","上高野古川町"],"6060845":[26,"京都市左京区","下鴨南茶ノ木町"],"6068204":[26,"京都市左京区","田中下柳町"],"6068265":[26,"京都市左京区","北白川東小倉町"],"6060083":[26,"京都市左京区","上高野松田町"],"6060804":[26,"京都市左京区","下鴨松原町"],"6068127":[26,"京都市左京区","一乗寺西浦畑町"],"6068425":[26,"京都市左京区","鹿ケ谷西寺ノ前町"],"6068341":[26,"京都市左京区","岡崎西天王町"],"6068245":[26,"京都市左京区","北白川平井町"],"6068115":[26,"京都市左京区","一乗寺里ノ西町"],"6068293":[26,"京都市左京区","北白川琵琶町"],"6068282":[26,"京都市左京区","北白川外山町"],"6060007":[26,"京都市左京区","岩倉東五田町"],"6060932":[26,"京都市左京区","松ケ崎西池ノ内町"],"6068261":[26,"京都市左京区","北白川西蔦町"],"6068024":[26,"京都市左京区","修学院千万田町"],"6060943":[26,"京都市左京区","松ケ崎東町"],"6068286":[26,"京都市左京区","北白川下別当町"],"6068181":[26,"京都市左京区","一乗寺地蔵本町"],"6068344":[26,"京都市左京区","岡崎円勝寺町"],"6060059":[26,"京都市左京区","上高野北川原町"],"6068072":[26,"京都市左京区","修学院登リ内町"],"6068433":[26,"京都市左京区","永観堂西町"],"6060867":[26,"京都市左京区","下鴨森ケ前町"],"6060093":[26,"京都市左京区","上高野上荒蒔町"],"6060066":[26,"京都市左京区","上高野水車町"],"6068316":[26,"京都市左京区","吉田二本松町"],"6068241":[26,"京都市左京区","田中西高原町"],"6060856":[26,"京都市左京区","下鴨塚本町"],"6068437":[26,"京都市左京区","南禅寺草川町"]}
