{"5630216":[27,"豊能郡豊能町","高山"],"5630014":[27,"池田市","木部町"],"5630213":[27,"豊能郡豊能町","切畑"],"5630032":[27,"池田市","石橋"],"5630368":[27,"豊能郡能勢町","長谷"],"5630215":[27,"豊能郡豊能町","木代"],"5630341":[27,"豊能郡能勢町","宿野"],"5630300":[27,"豊能郡能勢町",""],"5630000":[27,"池田市",""],"5630042":[27,"池田市","宇保町"],"5630036":[27,"池田市","豊島北"],"5630048":[27,"池田市","呉服町"],"5630029":[27,"池田市","五月丘"],"5630044":[27,"池田市","ダイハツ町"],"5630131":[27,"豊能郡能勢町","野間大原"],"5630033":[27,"池田市","住吉"],"5630046":[27,"池田市","姫室町"],"5630252":[27,"箕面市","下止々呂美"],"5630034":[27,"池田市","空港"],"5630021":[27,"池田市","畑"],"5630258":[27,"箕面市","森町南"],"5630035":[27,"池田市","豊島南"],"5630025":[27,"池田市","城南"],"5630121":[27,"豊能郡能勢町","地黄"],"5630251":[27,"箕面市","上止々呂美"],"5630022":[27,"池田市","旭丘"],"5630217":[27,"豊能郡豊能町","川尻"],"5630017":[27,"池田市","伏尾台"],"5630218":[27,"豊能郡豊能町","野間口"],"5630801":[28,"伊丹市","小阪田"],"5630015":[27,"池田市","古江町"],"5630031":[27,"池田市","天神"],"5630052":[27,"池田市","城山町"],"5630371":[27,"豊能郡能勢町","天王"],"5630132":[27,"豊能郡能勢町","野間中"],"5630354":[27,"豊能郡能勢町","片山"],"5630101":[27,"豊能郡豊能町","吉川"],"5630122":[27,"豊能郡能勢町","上田尻"],"5630011":[27,"池田市","伏尾町"],"5630100":[27,"豊能郡豊能町",""],"5630012":[27,"池田市","東山町"],"5630355":[27,"豊能郡能勢町","下田"],"5630364":[27,"豊能郡能勢町","平野"],"5630123":[27,"豊能郡能勢町","下田尻"],"5630214":[27,"豊能郡豊能町","希望ケ丘"],"5630356":[27,"豊能郡能勢町","平通"],"5630023":[27,"池田市","井口堂"],"5630365":[27,"豊能郡能勢町","上杉"],"5630027":[27,"池田市","上池田"],"5630133":[27,"豊能郡能勢町","野間稲地"],"5630367":[27,"豊能郡能勢町","神山"],"5630054":[27,"池田市","大和町"],"5630105":[27,"豊能郡豊能町","新光風台"],"5630111":[27,"豊能郡能勢町","吉野"],"5630051":[27,"池田市","綾羽"],"5630053":[27,"池田市","建石町"],"5630351":[27,"豊能郡能勢町","栗栖"],"5630056":[27,"池田市","栄町"],"5630055":[27,"池田市","菅原町"],"5630363":[27,"豊能郡能勢町","稲地"],"5630013":[27,"池田市","中川原町"],"5630045":[27,"池田市","桃園"],"5630058":[27,"池田市","栄本町"],"5630373":[27,"豊能郡能勢町","山田"],"5630026":[27,"池田市","緑丘"],"5630024":[27,"池田市","鉢塚"],"5630362":[27,"豊能郡能勢町","森上"],"5630372":[27,"豊能郡能勢町","山辺"],"5630047":[27,"池田市","室町"],"5630361":[27,"豊能郡能勢町","今西"],"5630103":[27,"豊能郡豊能町","東ときわ台"],"5630257":[27,"箕面市","森町中"],"5630256":[27,"箕面市","森町北"],"5630028":[27,"池田市","渋谷"],"5630134":[27,"豊能郡能勢町","野間出野"],"5630135":[27,"豊能郡能勢町","野間西山"],"5630219":[27,"豊能郡豊能町","余野"],"5630037":[27,"池田市","八王寺"],"5630211":[27,"豊能郡豊能町","牧"],"5630043":[27,"池田市","神田"],"5630366":[27,"豊能郡能勢町","垂水"],"5630104":[27,"豊能郡豊能町","光風台"],"5630016":[27,"池田市","吉田町"],"5630041":[27,"池田市","満寿美町"],"5630050":[27,"池田市","新町"],"5630038":[27,"池田市","荘園"],"5630353":[27,"豊能郡能勢町","柏原"],"5630212":[27,"豊能郡豊能町","寺田"],"5630112":[27,"豊能郡能勢町","杉原"],"5630113":[27,"豊能郡能勢町","倉垣"],"5630059":[27,"池田市","西本町"],"5630057":[27,"池田市","槻木町"],"5630114":[27,"豊能郡能勢町","山内"],"5630102":[27,"豊能郡豊能町","ときわ台"],"5630352":[27,"豊能郡能勢町","大里"]}
