{"6840033":[31,"境港市","上道町"],"6840017":[31,"境港市","岬町"],"6840071":[31,"境港市","外江町"],"6840002":[31,"境港市","弥生町"],"6840054":[31,"境港市","財ノ木町"],"6840064":[31,"境港市","三軒屋町"],"6840055":[31,"境港市","佐斐神町"],"6840004":[31,"境港市","大正町"],"6840403":[32,"隠岐郡海士町","海士"],"6840402":[32,"隠岐郡海士町","豊田"],"6840005":[31,"境港市","松ケ枝町"],"6840062":[31,"境港市","蓮池町"],"6840014":[31,"境港市","入船町"],"6840021":[31,"境港市","馬場崎町"],"6840063":[31,"境港市","誠道町"],"6840011":[31,"境港市","相生町"],"6840303":[32,"隠岐郡西ノ島町","美田"],"6840104":[32,"隠岐郡知夫村","薄毛"],"6840032":[31,"境港市","元町"],"6840411":[32,"隠岐郡海士町","知々井"],"6840103":[32,"隠岐郡知夫村","多沢"],"6840302":[32,"隠岐郡西ノ島町","別府"],"6840015":[31,"境港市","東雲町"],"6840105":[32,"隠岐郡知夫村","仁夫"],"6840016":[31,"境港市","花町"],"6840300":[32,"隠岐郡西ノ島町",""],"6840003":[31,"境港市","浜ノ町"],"6840076":[31,"境港市","夕日ケ丘"],"6840065":[31,"境港市","森岡町"],"6840046":[31,"境港市","竹内団地"],"6840012":[31,"境港市","中町"],"6840211":[32,"隠岐郡西ノ島町","浦郷"],"6840044":[31,"境港市","美保町"],"6840404":[32,"隠岐郡海士町","福井"],"6840401":[32,"隠岐郡海士町","宇受賀"],"6840045":[31,"境港市","高松町"],"6840024":[31,"境港市","日ノ出町"],"6840061":[31,"境港市","米川町"],"6840066":[31,"境港市","芝町"],"6840025":[31,"境港市","本町"],"6840106":[32,"隠岐郡知夫村","来居"],"6840022":[31,"境港市","明治町"],"6840006":[31,"境港市","栄町"],"6840041":[31,"境港市","中野町"],"6840072":[31,"境港市","渡町"],"6840301":[32,"隠岐郡西ノ島町","宇賀"],"6840043":[31,"境港市","竹内町"],"6840051":[31,"境港市","新屋町"],"6840031":[31,"境港市","湊町"],"6840027":[31,"境港市","東本町"],"6840042":[31,"境港市","福定町"],"6840026":[31,"境港市","末広町"],"6840000":[31,"境港市",""],"6840073":[31,"境港市","中海干拓地"],"6840013":[31,"境港市","朝日町"],"6840023":[31,"境港市","京町"],"6840056":[31,"境港市","幸神町"],"6840075":[31,"境港市","西工業団地"],"6840053":[31,"境港市","小篠津町"],"6840412":[32,"隠岐郡海士町","御波"],"6840074":[31,"境港市","潮見町"],"6840034":[31,"境港市","昭和町"],"6840101":[32,"隠岐郡知夫村","大江"],"6840107":[32,"隠岐郡知夫村","古海"],"6840413":[32,"隠岐郡海士町","崎"],"6840102":[32,"隠岐郡知夫村","郡"],"6840052":[31,"境港市","麦垣町"],"6840400":[32,"隠岐郡海士町",""],"6840100":[32,"隠岐郡知夫村",""],"6840001":[31,"境港市","清水町"]}
