{"8000022":[40,"北九州市門司区","大里東"],"8000357":[40,"京都郡苅田町","桜ケ丘"],"8000303":[40,"京都郡苅田町","松山"],"8000117":[40,"北九州市門司区","恒見"],"8000212":[40,"北九州市小倉南区","曽根"],"8000231":[40,"北九州市小倉南区","朽網"],"8000024":[40,"北九州市門司区","大里戸ノ上"],"8000257":[40,"北九州市小倉南区","湯川"],"8000061":[40,"北九州市門司区","片上海岸"],"8000018":[40,"北九州市門司区","大里桜ケ丘"],"8000043":[40,"北九州市門司区","緑ケ丘"],"8000202":[40,"北九州市小倉南区","吉田"],"8000225":[40,"北九州市小倉南区","田原"],"8000001":[40,"北九州市門司区","風師"],"8000046":[40,"北九州市門司区","光町"],"8000031":[40,"北九州市門司区","高田"],"8000321":[40,"京都郡苅田町","新浜町"],"8000102":[40,"北九州市門司区","猿喰"],"8000216":[40,"北九州市小倉南区","中曽根新町"],"8000011":[40,"北九州市門司区","奥田"],"8000029":[40,"北九州市門司区","大里東口"],"8000223":[40,"北九州市小倉南区","上曽根"],"8000221":[40,"北九州市小倉南区","下曽根新町"],"8000036":[40,"北九州市門司区","柳原町"],"8000255":[40,"北九州市小倉南区","上葛原"],"8000353":[40,"京都郡苅田町","尾倉"],"8000344":[40,"京都郡苅田町","新津"],"8000027":[40,"北九州市門司区","黄金町"],"8000048":[40,"北九州市門司区","稲積"],"8000101":[40,"北九州市門司区","伊川"],"8000209":[40,"北九州市小倉南区","沼"],"8000118":[40,"北九州市門司区","吉志新町"],"8000063":[40,"北九州市門司区","大里本町"],"8000208":[40,"北九州市小倉南区","沼本町"],"8000312":[40,"京都郡苅田町","殿川町"],"8000203":[40,"北九州市小倉南区","下吉田"],"8000336":[40,"京都郡苅田町","山口"],"8000315":[40,"京都郡苅田町","港町"],"8000115":[40,"北九州市門司区","新門司"],"8000355":[40,"京都郡苅田町","南原"],"8000335":[40,"京都郡苅田町","谷"],"8000113":[40,"北九州市門司区","新門司北"],"8000365":[40,"京都郡苅田町","苅田"],"8000219":[40,"北九州市小倉南区","曽根新田北"],"8000033":[40,"北九州市門司区","大里桃山町"],"8000334":[40,"京都郡苅田町","法正寺"],"8000044":[40,"北九州市門司区","上藤松"],"8000039":[40,"北九州市門司区","中町"],"8000361":[40,"京都郡苅田町","神田町"],"8000056":[40,"北九州市門司区","西新町"],"8000013":[40,"北九州市門司区","城山町"],"8000054":[40,"北九州市門司区","社ノ木"],"8000248":[40,"北九州市小倉南区","津田南町"],"8000215":[40,"北九州市小倉南区","上曽根新町"],"8000322":[40,"京都郡苅田町","二崎"],"8000258":[40,"北九州市小倉南区","安部山"],"8000252":[40,"北九州市小倉南区","葛原高松"],"8000237":[40,"北九州市小倉南区","中貫"],"8000053":[40,"北九州市門司区","新原町"],"8000206":[40,"北九州市小倉南区","葛原東"],"8000008":[40,"北九州市門司区","葛葉"],"8000366":[40,"京都郡苅田町","雨窪"],"8000241":[40,"北九州市小倉南区","長野本町"],"8000343":[40,"京都郡苅田町","上片島"],"8000005":[40,"北九州市門司区","羽山"],"8000227":[40,"北九州市小倉南区","津田新町"],"8000351":[40,"京都郡苅田町","京町"],"8000003":[40,"北九州市門司区","片上町"],"8000338":[40,"京都郡苅田町","葛川"],"8000030":[40,"北九州市門司区","桃山台"],"8000037":[40,"北九州市門司区","原町別院"],"8000114":[40,"北九州市門司区","吉志"],"8000214":[40,"北九州市小倉南区","曽根新田"],"8000015":[40,"北九州市門司区","寺内"],"8000246":[40,"北九州市小倉南区","長野"],"8000233":[40,"北九州市小倉南区","朽網西"],"8000204":[40,"北九州市小倉南区","中吉田"],"8000300":[40,"京都郡苅田町",""],"8000025":[40,"北九州市門司区","柳町"],"8000051":[40,"北九州市門司区","下馬寄"],"8000332":[40,"京都郡苅田町","鋤崎"],"8000041":[40,"北九州市門司区","泉ケ丘"],"8000243":[40,"北九州市小倉南区","西貫"],"8000229":[40,"北九州市小倉南区","曽根北町"],"8000064":[40,"北九州市門司区","松原"],"8000324":[40,"京都郡苅田町","浜町"],"8000305":[40,"京都郡苅田町","空港南町"],"8000111":[40,"北九州市門司区","今津"],"8000352":[40,"京都郡苅田町","富久町"],"8000337":[40,"京都郡苅田町","稲光"],"8000002":[40,"北九州市門司区","二タ松町"],"8000035":[40,"北九州市門司区","別院"],"8000220":[40,"北九州市小倉南区","曽根新田南"],"8000236":[40,"北九州市小倉南区","下貫"],"8000116":[40,"北九州市門司区","恒見町"],"8000254":[40,"北九州市小倉南区","葛原元町"],"8000341":[40,"京都郡苅田町","下新津"],"8000354":[40,"京都郡苅田町","集"],"8000201":[40,"北九州市小倉南区","上吉田"],"8000234":[40,"北九州市小倉南区","貫弥生が丘"],"8000301":[40,"京都郡苅田町","松原町"],"8000314":[40,"京都郡苅田町","幸町"],"8000023":[40,"北九州市門司区","中二十町"],"8000224":[40,"北九州市小倉南区","東貫"],"8000017":[40,"北九州市門司区","永黒"],"8000356":[40,"京都郡苅田町","近衛ケ丘"],"8000302":[40,"京都郡苅田町","若久町"],"8000345":[40,"京都郡苅田町","小波瀬"],"8000032":[40,"北九州市門司区","不老町"],"8000012":[40,"北九州市門司区","松崎町"],"8000222":[40,"北九州市小倉南区","中曽根"],"8000207":[40,"北九州市小倉南区","沼緑町"],"8000244":[40,"北九州市小倉南区","上貫"],"8000028":[40,"北九州市門司区","下二十町"],"8000331":[40,"京都郡苅田町","岡崎"],"8000045":[40,"北九州市門司区","青葉台"],"8000313":[40,"京都郡苅田町","磯浜町"],"8000062":[40,"北九州市門司区","大里元町"],"8000014":[40,"北九州市門司区","大里"],"8000235":[40,"北九州市小倉南区","中貫本町"],"8000247":[40,"北九州市小倉南区","長野東町"],"8000363":[40,"京都郡苅田町","光国"],"8000217":[40,"北九州市小倉南区","下曽根"],"8000362":[40,"京都郡苅田町","馬場"],"8000112":[40,"北九州市門司区","畑"],"8000242":[40,"北九州市小倉南区","津田"],"8000042":[40,"北九州市門司区","上馬寄"],"8000251":[40,"北九州市小倉南区","葛原"],"8000006":[40,"北九州市門司区","矢筈町"],"8000228":[40,"北九州市小倉南区","長野"],"8000007":[40,"北九州市門司区","小森江"],"8000323":[40,"京都郡苅田町","与原"],"8000026":[40,"北九州市門司区","梅ノ木町"],"8000218":[40,"北九州市小倉南区","沼新町"],"8000004":[40,"北九州市門司区","北川町"],"8000057":[40,"北九州市門司区","大里新町"],"8000304":[40,"京都郡苅田町","鳥越町"],"8000232":[40,"北九州市小倉南区","朽網東"],"8000000":[40,"北九州市門司区",""],"8000038":[40,"北九州市門司区","大里原町"],"8000205":[40,"北九州市小倉南区","沼南町"],"8000245":[40,"北九州市小倉南区","貫"],"8000253":[40,"北九州市小倉南区","葛原本町"],"8000342":[40,"京都郡苅田町","下片島"],"8000055":[40,"北九州市門司区","東新町"],"8000210":[40,"北九州市小倉南区","吉田にれの木坂"],"8000047":[40,"北九州市門司区","藤松"],"8000364":[40,"京都郡苅田町","提"],"8000052":[40,"北九州市門司区","東馬寄"],"8000016":[40,"北九州市門司区","上二十町"],"8000333":[40,"京都郡苅田町","黒添"],"8000256":[40,"北九州市小倉南区","湯川新町"],"8000306":[40,"北九州市小倉南区","空港北町"],"8000034":[40,"北九州市門司区","小松町"],"8000021":[40,"北九州市門司区","南本町"],"8000213":[40,"北九州市小倉南区","中曽根東"],"8000311":[40,"京都郡苅田町","長浜町"],"8000211":[40,"北九州市小倉南区","新曽根"],"8000226":[40,"北九州市小倉南区","田原新町"]}
