{"9110835":[18,"勝山市","遅羽町ほう崎"],"9110045":[18,"勝山市","荒土町伊波"],"9110834":[18,"勝山市","遅羽町大袋"],"9110805":[18,"勝山市","立川町"],"9110811":[18,"勝山市","片瀬"],"9110026":[18,"勝山市","村岡町黒原"],"9110831":[18,"勝山市","遅羽町千代田"],"9110011":[18,"勝山市","野向町牛ケ谷"],"9110055":[18,"勝山市","北郷町伊知地"],"9110801":[18,"勝山市","沢町"],"9110024":[18,"勝山市","村岡町浄土寺"],"9110826":[18,"勝山市","平泉寺町壁倉"],"9110023":[18,"勝山市","村岡町寺尾"],"9110014":[18,"勝山市","野向町聖丸"],"9110817":[18,"勝山市","旭毛屋町"],"9110812":[18,"勝山市","猪野"],"9110048":[18,"勝山市","荒土町境"],"9110000":[18,"勝山市",""],"9110004":[18,"勝山市","北谷町北六呂師"],"9110015":[18,"勝山市","野向町竹林"],"9110828":[18,"勝山市","平泉寺町大渡"],"9110815":[18,"勝山市","上高島"],"9110804":[18,"勝山市","元町"],"9110825":[18,"勝山市","平泉寺町岩ケ野"],"9110035":[18,"勝山市","郡町"],"9110056":[18,"勝山市","北郷町坂東島"],"9110802":[18,"勝山市","昭和町"],"9110845":[18,"勝山市","鹿谷町矢戸口"],"9110803":[18,"勝山市","旭町"],"9110816":[18,"勝山市","猪野毛屋"],"9110848":[18,"勝山市","鹿谷町出村"],"9110002":[18,"勝山市","北谷町木根橋"],"9110823":[18,"勝山市","平泉寺町赤尾"],"9110844":[18,"勝山市","鹿谷町東遅羽口"],"9110806":[18,"勝山市","本町"],"9110021":[18,"勝山市","村岡町栃神谷"],"9110822":[18,"勝山市","平泉寺町神野"],"9110025":[18,"勝山市","村岡町五本寺"],"9110051":[18,"勝山市","北郷町新町"],"9110013":[18,"勝山市","野向町深谷"],"9110022":[18,"勝山市","村岡町暮見"],"9110847":[18,"勝山市","鹿谷町西光寺"],"9110046":[18,"勝山市","荒土町中清水"],"9110842":[18,"勝山市","鹿谷町志田"],"9110824":[18,"勝山市","平泉寺町池ケ原"],"9110813":[18,"勝山市","猪野口"],"9110042":[18,"勝山市","荒土町田名部"],"9110032":[18,"勝山市","芳野町"],"9110814":[18,"勝山市","若猪野"],"9110052":[18,"勝山市","北郷町西妙金島"],"9110821":[18,"勝山市","平泉寺町岡横江"],"9110053":[18,"勝山市","北郷町上森川"],"9110031":[18,"勝山市","長山町"],"9110836":[18,"勝山市","遅羽町下荒井"],"9110043":[18,"勝山市","荒土町新保"],"9110005":[18,"勝山市","北谷町杉山"],"9110846":[18,"勝山市","鹿谷町北西俣"],"9110832":[18,"勝山市","遅羽町蓬生"],"9110001":[18,"勝山市","北谷町小原"],"9110843":[18,"勝山市","鹿谷町杉俣"],"9110833":[18,"勝山市","遅羽町北山"],"9110012":[18,"勝山市","野向町薬師神谷"],"9110047":[18,"勝山市","荒土町北宮地"],"9110044":[18,"勝山市","荒土町松ケ崎"],"9110017":[18,"勝山市","野向町北野津又"],"9110034":[18,"勝山市","滝波町"],"9110827":[18,"勝山市","平泉寺町笹尾"],"9110033":[18,"勝山市","栄町"],"9110041":[18,"勝山市","荒土町北新在家"],"9110006":[18,"勝山市","北谷町谷"],"9110054":[18,"勝山市","北郷町東野"],"9110016":[18,"勝山市","野向町竜谷"],"9110003":[18,"勝山市","北谷町河合"],"9110841":[18,"勝山市","鹿谷町発坂"]}
