{"8690305":[43,"玉名郡玉東町","上木葉"],"8695441":[43,"葦北郡芦北町","佐敷"],"8691821":[43,"阿蘇郡高森町","中"],"8694601":[43,"八代郡氷川町","今"],"8696308":[43,"葦北郡芦北町","白木"],"8691600":[43,"阿蘇郡高森町",""],"8696111":[43,"八代市","坂本町葉木"],"8692301":[43,"阿蘇市","内牧"],"8693471":[43,"宇城市","不知火町永尾"],"8690521":[43,"宇城市","松橋町浦川内"],"8695605":[43,"葦北郡津奈木町","福浜"],"8690235":[43,"玉名市","岱明町古閑"],"8692222":[43,"阿蘇市","西町"],"8692306":[43,"阿蘇市","南宮原"],"8691504":[43,"阿蘇郡南阿蘇村","一関"],"8696113":[43,"八代市","坂本町中津道"],"8691214":[43,"菊池郡大津町","瀬田"],"8695423":[43,"葦北郡芦北町","松生"],"8690512":[43,"宇城市","松橋町古保山"],"8693203":[43,"宇城市","三角町戸馳"],"8694703":[43,"八代市","千丁町新牟田"],"8695224":[43,"八代市","坂本町百済来下"],"8695601":[43,"葦北郡津奈木町","千代"],"8694602":[43,"八代郡氷川町","宮原"],"8690102":[43,"玉名郡長洲町","折崎"],"8691235":[43,"菊池郡大津町","室"],"8690231":[43,"玉名市","岱明町庄山"],"8693173":[43,"宇土市","下網田町"],"8692316":[43,"阿蘇市","黒流町"],"8692612":[43,"阿蘇市","一の宮町宮地"],"8690635":[43,"宇城市","小川町不知火"],"8691411":[43,"阿蘇郡南阿蘇村","河陰"],"8691813":[43,"阿蘇郡高森町","菅山"],"8690451":[43,"宇土市","北段原町"],"8690435":[43,"宇土市","一里木町"],"8692801":[43,"阿蘇市","波野小地野"],"8694806":[43,"八代郡氷川町","河原"],"8690417":[43,"宇土市","境目町"],"8690434":[43,"宇土市","門内町"],"8690313":[43,"玉名郡玉東町","上白木"],"8695222":[43,"八代市","坂本町鶴喰"],"8690463":[43,"宇土市","野鶴町"],"8695141":[43,"八代市","日奈久塩南町"],"8691100":[43,"菊池郡菊陽町",""],"8696305":[43,"葦北郡芦北町","大野"],"8690503":[43,"宇城市","松橋町きらら"],"8696205":[43,"球磨郡球磨村","大瀬"],"8695133":[43,"八代市","日奈久中西町"],"8691105":[43,"菊池郡菊陽町","馬場楠"],"8695306":[43,"葦北郡芦北町","波多島"],"8693602":[43,"上天草市","大矢野町上"],"8691602":[43,"阿蘇郡高森町","高森"],"8690636":[43,"宇城市","小川町新田出"],"8690605":[43,"宇城市","小川町南部田"],"8690623":[43,"宇城市","小川町川尻"],"8690426":[43,"宇土市","神合町"],"8691206":[43,"菊池市","旭志伊坂"],"8694511":[43,"八代市","泉町葉木"],"8692312":[43,"阿蘇市","小倉"],"8691224":[43,"菊池郡大津町","町"],"8695165":[43,"八代市","南平和町"],"8690441":[43,"宇土市","石小路町"],"8696302":[43,"葦北郡芦北町","白石"],"8690614":[43,"宇城市","小川町南小川"],"8693711":[43,"上天草市","大矢野町湯島"],"8690563":[43,"宇城市","不知火町浦上"],"8691114":[43,"菊池郡菊陽町","向陽台"],"8695166":[43,"八代市","北平和町"],"8695172":[43,"八代市","二見本町"],"8690234":[43,"玉名市","岱明町三崎"],"8694213":[43,"八代市","鏡町有佐"],"8695162":[43,"八代市","北原町"],"8692702":[43,"阿蘇郡産山村","大利"],"8690624":[43,"宇城市","小川町江頭"],"8691113":[43,"菊池郡菊陽町","花立"],"8690522":[43,"宇城市","松橋町内田"],"8692302":[43,"阿蘇市","三久保"],"8691503":[43,"阿蘇郡南阿蘇村","吉田"],"8695461":[43,"葦北郡芦北町","芦北"],"8695145":[43,"八代市","日奈久新田町"],"8691825":[43,"阿蘇郡高森町","尾下"],"8695433":[43,"葦北郡芦北町","八幡"],"8690462":[43,"宇土市","城塚町"],"8695453":[43,"葦北郡芦北町","計石"],"8690411":[43,"宇土市","水町"],"8690106":[43,"玉名郡長洲町","永塩"],"8696401":[43,"球磨郡球磨村","渡"],"8690632":[43,"宇城市","小川町南新田"],"8690613":[43,"宇城市","小川町東小川"],"8694811":[43,"八代郡氷川町","鹿野"],"8694302":[43,"八代市","東陽町北"],"8695574":[43,"葦北郡芦北町","大川内"],"8692413":[43,"阿蘇市","山田"],"8690202":[43,"玉名市","岱明町高道"],"8690400":[43,"宇土市",""],"8692236":[43,"阿蘇市","跡ケ瀬"],"8690111":[43,"玉名郡長洲町","名石浜"],"8691104":[43,"菊池郡菊陽町","戸次"],"8691218":[43,"菊池郡大津町","吹田"],"8695604":[43,"葦北郡津奈木町","小津奈木"],"8690601":[43,"宇城市","小川町北小野"],"8692503":[43,"阿蘇郡小国町","下城"],"8692225":[43,"阿蘇市","黒川"],"8694815":[43,"八代郡氷川町","鹿島"],"8695153":[43,"八代市","催合町"],"8693473":[43,"宇城市","不知火町大見"],"8692611":[43,"阿蘇市","一の宮町坂梨"],"8690321":[43,"玉名郡玉東町","西安寺"],"8692402":[43,"阿蘇郡南小国町","満願寺"],"8691402":[43,"阿蘇郡南阿蘇村","下野"],"8693204":[43,"宇城市","三角町中村"],"8691221":[43,"菊池郡大津町","陣内"],"8694605":[43,"八代郡氷川町","中島"],"8694223":[43,"八代市","鏡町貝洲"],"8690418":[43,"宇土市","善道寺町"],"8693412":[43,"宇城市","三角町手場"],"8694202":[43,"八代市","鏡町内田"],"8692804":[43,"阿蘇市","波野滝水"],"8691200":[43,"菊池郡大津町",""],"8690414":[43,"宇土市","立岡町"],"8692506":[43,"阿蘇郡小国町","上田"],"8690445":[43,"宇土市","浦田町"],"8690301":[43,"玉名郡玉東町","稲佐"],"8692703":[43,"阿蘇郡産山村","山鹿"],"8696402":[43,"球磨郡球磨村","三ケ浦"],"8692501":[43,"阿蘇郡小国町","宮原"],"8691222":[43,"菊池郡大津町","岩坂"],"8690602":[43,"宇城市","小川町中小野"],"8691212":[43,"菊池郡大津町","真木"],"8692305":[43,"阿蘇市","湯浦"],"8691401":[43,"阿蘇郡南阿蘇村","立野"],"8696114":[43,"八代市","坂本町市ノ俣"],"8690212":[43,"玉名市","岱明町下沖洲"],"8695136":[43,"八代市","日奈久東町"],"8691225":[43,"菊池郡大津町","下町"],"8690424":[43,"宇土市","神馬町"],"8690502":[43,"宇城市","松橋町松橋"],"8690546":[43,"宇城市","松橋町御船"],"8692807":[43,"阿蘇市","波野新波野"],"8694600":[43,"八代郡氷川町",""],"8696102":[43,"八代市","坂本町深水"],"8695221":[43,"八代市","坂本町川嶽"],"8692307":[43,"阿蘇市","小里"],"8690444":[43,"宇土市","新町"],"8695424":[43,"葦北郡芦北町","伏木氏"],"8691101":[43,"菊池郡菊陽町","津久礼"],"8696115":[43,"八代市","坂本町荒瀬"],"8690404":[43,"宇土市","走潟町"],"8691202":[43,"菊池市","旭志麓"],"8690304":[43,"玉名郡玉東町","浦田"],"8690405":[43,"宇土市","馬之瀬町"],"8690402":[43,"宇土市","笹原町"],"8692601":[43,"阿蘇市","一の宮町手野"],"8690433":[43,"宇土市","新小路町"],"8692802":[43,"阿蘇市","波野小園"],"8690232":[43,"玉名市","岱明町上"],"8693603":[43,"上天草市","大矢野町中"],"8690562":[43,"宇城市","不知火町長崎"],"8691111":[43,"菊池郡菊陽町","武蔵ヶ丘"],"8692311":[43,"阿蘇市","小池"],"8690322":[43,"玉名郡玉東町","原倉"],"8694403":[43,"八代市","泉町下岳"],"8694301":[43,"八代市","東陽町南"],"8693172":[43,"宇土市","上網田町"],"8694802":[43,"八代郡氷川町","高塚"],"8690615":[43,"宇城市","小川町西海東"],"8694304":[43,"八代市","東陽町小浦"],"8696112":[43,"八代市","坂本町鎌瀬"],"8694401":[43,"八代市","泉町柿迫"],"8691213":[43,"菊池郡大津町","古城"],"8691601":[43,"阿蘇郡高森町","上色見"],"8695132":[43,"八代市","日奈久下西町"],"8692221":[43,"阿蘇市","役犬原"],"8695305":[43,"葦北郡芦北町","田浦町"],"8695154":[43,"八代市","高植本町"],"8694723":[43,"八代市","昭和同仁町"],"8691814":[43,"阿蘇郡高森町","永野原"],"8696301":[43,"葦北郡芦北町","天月"],"8695600":[43,"葦北郡津奈木町",""],"8691403":[43,"阿蘇郡南阿蘇村","長野"],"8695563":[43,"葦北郡芦北町","湯浦"],"8696405":[43,"球磨郡球磨村","大瀬"],"8696306":[43,"葦北郡芦北町","市野瀬"],"8690542":[43,"宇城市","松橋町豊崎"],"8693202":[43,"宇城市","三角町郡浦"],"8695442":[43,"葦北郡芦北町","花岡"],"8690238":[43,"玉名市","岱明町開田"],"8694215":[43,"八代市","鏡町下村"],"8690552":[43,"宇城市","不知火町高良"],"8695564":[43,"葦北郡芦北町","女島"],"8694214":[43,"八代市","鏡町中島"],"8690221":[43,"玉名市","岱明町下前原"],"8694514":[43,"八代市","泉町椎原"],"8690101":[43,"玉名郡長洲町","宮野"],"8691103":[43,"菊池郡菊陽町","久保田"],"8690616":[43,"宇城市","小川町北海東"],"8695173":[43,"八代市","二見赤松町"],"8690401":[43,"宇土市","住吉町"],"8693413":[43,"宇城市","三角町里浦"],"8691109":[43,"菊池郡菊陽町","新山"],"8690425":[43,"宇土市","栗崎町"],"8693411":[43,"宇城市","三角町大口"],"8691815":[43,"阿蘇郡高森町","下切"],"8696400":[43,"球磨郡球磨村",""],"8691207":[43,"菊池市","旭志新明"],"8690553":[43,"宇城市","不知火町小曽部"],"8691824":[43,"阿蘇郡高森町","野尻"],"8691502":[43,"阿蘇郡南阿蘇村","白川"],"8690203":[43,"玉名市","岱明町浜田"],"8692504":[43,"阿蘇郡小国町","西里"],"8694805":[43,"八代郡氷川町","野津"],"8690302":[43,"玉名郡玉東町","山口"],"8695148":[43,"八代市","日奈久栄町"],"8694722":[43,"八代市","昭和明徴町"],"8695400":[43,"葦北郡芦北町",""],"8696212":[43,"葦北郡芦北町","吉尾"],"8694224":[43,"八代市","鏡町塩浜"],"8692500":[43,"阿蘇郡小国町",""],"8690311":[43,"玉名郡玉東町","二俣"],"8691811":[43,"阿蘇郡高森町","草部"],"8691234":[43,"菊池郡大津町","引水"],"8695161":[43,"八代市","葭牟田町"],"8690112":[43,"玉名郡長洲町","姫ケ浦"],"8691110":[43,"菊池郡菊陽町","杉並台"],"8694814":[43,"八代郡氷川町","島地"],"8694701":[43,"八代市","千丁町太牟田"],"8690457":[43,"宇土市","宮庄町"],"8692600":[43,"阿蘇市",""],"8693472":[43,"宇城市","不知火町松合"],"8695164":[43,"八代市","鼠蔵町"],"8690533":[43,"宇城市","松橋町両仲間"],"8695137":[43,"八代市","日奈久浜町"],"8694614":[43,"八代市","興善寺町"],"8690105":[43,"玉名郡長洲町","清源寺"],"8694704":[43,"八代市","千丁町古閑出"],"8690612":[43,"宇城市","小川町南海東"],"8690123":[43,"玉名郡長洲町","長洲"],"8695175":[43,"八代市","二見野田崎町"],"8693207":[43,"宇城市","三角町三角浦"],"8694604":[43,"八代郡氷川町","有佐"],"8694801":[43,"八代郡氷川町","新田"],"8690631":[43,"宇城市","小川町北新田"],"8690511":[43,"宇城市","松橋町曲野"],"8695431":[43,"葦北郡芦北町","乙千屋"],"8695576":[43,"葦北郡芦北町","高岡"],"8695603":[43,"葦北郡津奈木町","岩城"],"8695304":[43,"葦北郡芦北町","海浦"],"8690406":[43,"宇土市","三拾町"],"8695443":[43,"葦北郡芦北町","田川"],"8694501":[43,"八代市","泉町柿迫"],"8694204":[43,"八代市","鏡町芝口"],"8693175":[43,"宇土市","赤瀬町"],"8690122":[43,"玉名郡長洲町","梅田"],"8690545":[43,"宇城市","松橋町砂川"],"8691404":[43,"阿蘇郡南阿蘇村","河陽"],"8692403":[43,"阿蘇郡南小国町","中原"],"8690303":[43,"玉名郡玉東町","木葉"],"8690422":[43,"宇土市","入地町"],"8692704":[43,"阿蘇郡産山村","田尻"],"8692604":[43,"阿蘇市","一の宮町中坂梨"],"8691219":[43,"菊池郡大津町","大林"],"8692505":[43,"阿蘇郡小国町","北里"],"8693201":[43,"宇城市","三角町大田尾"],"8692232":[43,"阿蘇市","赤水"],"8690621":[43,"宇城市","小川町小川"],"8694616":[43,"八代市","川田町西"],"8691102":[43,"菊池郡菊陽町","原水"],"8695144":[43,"八代市","日奈久山下町"],"8695307":[43,"葦北郡芦北町","井牟田"],"8692226":[43,"阿蘇市","乙姫"],"8690413":[43,"宇土市","花園町"],"8691233":[43,"菊池郡大津町","大津"],"8690604":[43,"宇城市","小川町北部田"],"8695452":[43,"葦北郡芦北町","白岩"],"8690211":[43,"玉名市","岱明町鍋"],"8694613":[43,"八代市","岡町谷川"],"8696101":[43,"八代市","坂本町西部"],"8690454":[43,"宇土市","古城町"],"8690456":[43,"宇土市","石橋町"],"8690223":[43,"玉名市","岱明町中土"],"8691203":[43,"菊池市","旭志尾足"],"8692613":[43,"阿蘇市","一の宮町中通"],"8696215":[43,"葦北郡芦北町","上原"],"8690419":[43,"宇土市","新松原町"],"8691226":[43,"菊池郡大津町","灰塚"],"8694402":[43,"八代市","泉町栗木"],"8691112":[43,"菊池郡菊陽町","武蔵ヶ丘北"],"8692314":[43,"阿蘇市","小野田"],"8690523":[43,"宇城市","松橋町竹崎"],"8692806":[43,"阿蘇市","波野波野"],"8690561":[43,"宇城市","不知火町亀松"],"8695302":[43,"葦北郡芦北町","田浦"],"8693604":[43,"上天草市","大矢野町維和"],"8696404":[43,"球磨郡球磨村","神瀬"],"8690412":[43,"宇土市","岩古曽町"],"8693171":[43,"宇土市","長浜町"],"8690461":[43,"宇土市","網津町"],"8695573":[43,"葦北郡芦北町","米田"],"8690423":[43,"宇土市","伊無田町"],"8692304":[43,"阿蘇市","西湯浦"],"8695421":[43,"葦北郡芦北町","立川"],"8690541":[43,"宇城市","松橋町東松崎"],"8690415":[43,"宇土市","古保里町"],"8691216":[43,"菊池郡大津町","錦野"],"8691208":[43,"菊池市","旭志伊萩"],"8695155":[43,"八代市","水島町"],"8691237":[43,"菊池郡大津町","美咲野"],"8692705":[43,"阿蘇郡産山村","産山"],"8690222":[43,"玉名市","岱明町野口"],"8690100":[43,"玉名郡長洲町",""],"8695174":[43,"八代市","二見下大野町"],"8691812":[43,"阿蘇郡高森町","芹口"],"8692803":[43,"阿蘇市","波野赤仁田"],"8692224":[43,"阿蘇市","蔵原"],"8690407":[43,"宇土市","松原町"],"8691223":[43,"菊池郡大津町","中島"],"8690544":[43,"宇城市","松橋町浅川"],"8690531":[43,"宇城市","松橋町大野"],"8694211":[43,"八代市","鏡町上鏡"],"8695151":[43,"八代市","敷川内町"],"8690554":[43,"宇城市","不知火町柏原"],"8690634":[43,"宇城市","小川町住吉"],"8696104":[43,"八代市","坂本町鮎帰"],"8694804":[43,"八代郡氷川町","大野"],"8690464":[43,"宇土市","恵塚町"],"8694225":[43,"八代市","鏡町北新地"],"8693600":[43,"上天草市",""],"8696211":[43,"葦北郡芦北町","箙瀬"],"8690534":[43,"宇城市","松橋町西下郷"],"8690443":[43,"宇土市","船場町"],"8690236":[43,"玉名市","岱明町西照寺"],"8691211":[43,"菊池郡大津町","矢護川"],"8694615":[43,"八代市","川田町東"],"8696105":[43,"八代市","坂本町坂本"],"8690501":[43,"宇城市","松橋町松山"],"8690524":[43,"宇城市","松橋町豊福"],"8693206":[43,"宇城市","三角町前越"],"8690113":[43,"玉名郡長洲町","有明"],"8691108":[43,"菊池郡菊陽町","光の森"],"8694606":[43,"八代郡氷川町","早尾"],"8692233":[43,"阿蘇市","無田"],"8690611":[43,"宇城市","小川町東海東"],"8694813":[43,"八代郡氷川町","若洲"],"8695301":[43,"葦北郡芦北町","横居木"],"8696307":[43,"葦北郡芦北町","塩浸"],"8695131":[43,"八代市","日奈久馬越町"],"8690213":[43,"玉名市","岱明町扇崎"],"8690606":[43,"宇城市","小川町河江"],"8694513":[43,"八代市","泉町久連子"],"8691822":[43,"阿蘇郡高森町","矢津田"],"8696216":[43,"葦北郡芦北町","海路"],"8693174":[43,"宇土市","戸口町"],"8694205":[43,"八代市","鏡町野崎"],"8692603":[43,"阿蘇市","一の宮町北坂梨"],"8695602":[43,"葦北郡津奈木町","津奈木"],"8690416":[43,"宇土市","松山町"],"8694203":[43,"八代市","鏡町鏡"],"8693205":[43,"宇城市","三角町波多"],"8695163":[43,"八代市","三江湖町"],"8695223":[43,"八代市","坂本町田上"],"8695422":[43,"葦北郡芦北町","大尼田"],"8690431":[43,"宇土市","本町"],"8690104":[43,"玉名郡長洲町","上沖洲"],"8691107":[43,"菊池郡菊陽町","辛川"],"8690452":[43,"宇土市","高柳町"],"8695432":[43,"葦北郡芦北町","宮浦"],"8691215":[43,"菊池郡大津町","外牧"],"8692400":[43,"阿蘇郡南小国町",""],"8695561":[43,"葦北郡芦北町","芦北"],"8690633":[43,"宇城市","小川町新田"],"8691501":[43,"阿蘇郡南阿蘇村","両併"],"8690436":[43,"宇土市","定府町"],"8695143":[43,"八代市","日奈久竹之内町"],"8690121":[43,"玉名郡長洲町","高浜"],"8692235":[43,"阿蘇市","狩尾"],"8694515":[43,"八代市","泉町仁田尾"],"8695138":[43,"八代市","日奈久平成町"],"8690233":[43,"玉名市","岱明町古閑"],"8692315":[43,"阿蘇市","今町"],"8691823":[43,"阿蘇郡高森町","津留"],"8695147":[43,"八代市","日奈久新開町"],"8696303":[43,"葦北郡芦北町","告"],"8695152":[43,"八代市","揚町"],"8691106":[43,"菊池郡菊陽町","曲手"],"8692700":[43,"阿蘇郡産山村",""],"8692621":[43,"阿蘇市","一の宮町荻の草"],"8690513":[43,"宇城市","松橋町萩尾"],"8695134":[43,"八代市","日奈久上西町"],"8694608":[43,"八代郡氷川町","宮原栄久"],"8695572":[43,"葦北郡芦北町","丸山"],"8691505":[43,"阿蘇郡南阿蘇村","中松"],"8692313":[43,"阿蘇市","山田"],"8690532":[43,"宇城市","松橋町久具"],"8693601":[43,"上天草市","大矢野町登立"],"8694721":[43,"八代市","昭和日進町"],"8694603":[43,"八代郡氷川町","立神"],"8690312":[43,"玉名郡玉東町","白木"],"8691204":[43,"菊池市","旭志小原"],"8692231":[43,"阿蘇市","永草"],"8695451":[43,"葦北郡芦北町","道川内"],"8690500":[43,"宇城市",""],"8690453":[43,"宇土市","栄町"],"8695142":[43,"八代市","日奈久塩北町"],"8690224":[43,"玉名市","岱明町大野下"],"8690421":[43,"宇土市","南段原町"],"8692205":[43,"阿蘇郡南阿蘇村","中松"],"8694201":[43,"八代市","鏡町鏡村"],"8690300":[43,"玉名郡玉東町",""],"8690103":[43,"玉名郡長洲町","腹赤"],"8690551":[43,"宇城市","不知火町御領"],"8696213":[43,"葦北郡芦北町","大岩"],"8690410":[43,"宇土市","花園台町"],"8692303":[43,"阿蘇市","西小園"],"8695135":[43,"八代市","日奈久中町"],"8695225":[43,"八代市","坂本町百済来上"],"8694222":[43,"八代市","鏡町両出"],"8690543":[43,"宇城市","松橋町南豊崎"],"8695146":[43,"八代市","日奈久大坪町"],"8694612":[43,"八代市","岡町中"],"8691232":[43,"菊池郡大津町","高尾野"],"8695575":[43,"葦北郡芦北町","古石"],"8695562":[43,"葦北郡芦北町","宮崎"],"8692223":[43,"阿蘇市","竹原"],"8696214":[43,"葦北郡芦北町","黒岩"],"8694702":[43,"八代市","千丁町吉王丸"],"8691603":[43,"阿蘇郡高森町","色見"],"8692234":[43,"阿蘇市","車帰"],"8690465":[43,"宇土市","網引町"],"8692401":[43,"阿蘇郡南小国町","赤馬場"],"8691205":[43,"菊池市","旭志川辺"],"8694212":[43,"八代市","鏡町下有佐"],"8691227":[43,"菊池郡大津町","新"],"8690622":[43,"宇城市","小川町西北小川"],"8692602":[43,"阿蘇市","一の宮町三野"],"8690455":[43,"宇土市","椿原町"],"8691412":[43,"阿蘇郡南阿蘇村","久石"],"8691201":[43,"菊池市","旭志弁利"],"8695171":[43,"八代市","二見洲口町"],"8695434":[43,"葦北郡芦北町","桑原"],"8695571":[43,"葦北郡芦北町","豊岡"],"8690201":[43,"玉名市","岱明町山下"],"8694803":[43,"八代郡氷川町","吉本"],"8692805":[43,"阿蘇市","波野中江"],"8695454":[43,"葦北郡芦北町","鶴木山"],"8690603":[43,"宇城市","小川町南小野"],"8694221":[43,"八代市","鏡町宝出"],"8691400":[43,"阿蘇郡南阿蘇村",""],"8696204":[43,"球磨郡球磨村","神瀬"],"8695303":[43,"葦北郡芦北町","小田浦"],"8690408":[43,"宇土市","築籠町"],"8694607":[43,"八代郡氷川町","栫"],"8690442":[43,"宇土市","城之浦町"],"8694611":[43,"八代市","岡町小路"],"8690432":[43,"宇土市","旭町"],"8694303":[43,"八代市","東陽町河俣"],"8696403":[43,"球磨郡球磨村","一勝地"],"8690403":[43,"宇土市","新開町"],"8694512":[43,"八代市","泉町樅木"],"8692701":[43,"阿蘇郡産山村","片俣"],"8691231":[43,"菊池郡大津町","平川"],"8692502":[43,"阿蘇郡小国町","黒渕"],"8696304":[43,"葦北郡芦北町","国見"],"8691826":[43,"阿蘇郡高森町","河原"],"8694812":[43,"八代郡氷川町","網道"],"8696103":[43,"八代市","坂本町中谷"],"8691217":[43,"菊池郡大津町","森"],"8691236":[43,"菊池郡大津町","杉水"],"8692237":[43,"阿蘇市","的石"]}
