{"7430012":[35,"光市","千坊台"],"7430023":[35,"光市","光ケ丘"],"7430046":[35,"光市","木園"],"7430062":[35,"光市","立野"],"7430048":[35,"光市","中村町"],"7430031":[35,"光市","虹ケ丘"],"7430000":[35,"光市",""],"7430102":[35,"光市","三輪"],"7430044":[35,"光市","和田町"],"7430009":[35,"光市","室積松原"],"7430065":[35,"光市","上島田"],"7430041":[35,"光市","丸山町"],"7430021":[35,"光市","浅江"],"7430004":[35,"光市","室積市延"],"7430001":[35,"光市","室積村"],"7430104":[35,"光市","岩田立野"],"7430101":[35,"光市","塩田"],"7430075":[35,"光市","室積沖田"],"7430005":[35,"光市","室積東ノ庄"],"7430006":[35,"光市","室積神田"],"7430043":[35,"光市","協和町"],"7430013":[35,"光市","中央"],"7430063":[35,"光市","島田"],"7430045":[35,"光市","宮ノ下町"],"7430003":[35,"光市","牛島"],"7430022":[35,"光市","虹ケ浜"],"7430051":[35,"光市","岩狩"],"7430008":[35,"光市","室積中央町"],"7430002":[35,"光市","室積浦"],"7430047":[35,"光市","花園"],"7430074":[35,"光市","室積西ノ庄"],"7430105":[35,"光市","束荷"],"7430071":[35,"光市","室積新開"],"7430052":[35,"光市","三井"],"7430103":[35,"光市","岩田"],"7430061":[35,"光市","小周防"],"7430042":[35,"光市","宝町"],"7430072":[35,"光市","室積大町"],"7430073":[35,"光市","室積正木"],"7430011":[35,"光市","光井"],"7430007":[35,"光市","室積"],"7430064":[35,"光市","中島田"]}
