{"8010812":[40,"北九州市門司区","喜多久"],"8010804":[40,"北九州市門司区","田野浦海岸"],"8010842":[40,"北九州市門司区","広石"],"8010831":[40,"北九州市門司区","丸山"],"8010851":[40,"北九州市門司区","東本町"],"8010822":[40,"北九州市門司区","高砂町"],"8010852":[40,"北九州市門司区","港町"],"8010825":[40,"北九州市門司区","黒川西"],"8010823":[40,"北九州市門司区","春日町"],"8010814":[40,"北九州市門司区","柄杓田町"],"8010854":[40,"北九州市門司区","旧門司"],"8010833":[40,"北九州市門司区","清滝"],"8010865":[40,"北九州市門司区","庄司町"],"8010801":[40,"北九州市門司区","風師"],"8010821":[40,"北九州市門司区","黒川"],"8010862":[40,"北九州市門司区","錦町"],"8010802":[40,"北九州市門司区","白野江"],"8010808":[40,"北九州市門司区","葛葉"],"8010874":[40,"北九州市門司区","畑田町"],"8010853":[40,"北九州市門司区","東港町"],"8010883":[40,"北九州市門司区","大久保"],"8010872":[40,"北九州市門司区","谷町"],"8010884":[40,"北九州市門司区","瀬戸町"],"8010855":[40,"北九州市門司区","門司"],"8010871":[40,"北九州市門司区","上本町"],"8010885":[40,"北九州市門司区","新開"],"8010805":[40,"北九州市門司区","太刀浦海岸"],"8010834":[40,"北九州市門司区","本町"],"8010875":[40,"北九州市門司区","法師庵"],"8010813":[40,"北九州市門司区","柄杓田"],"8010824":[40,"北九州市門司区","丸山吉野町"],"8010863":[40,"北九州市門司区","栄町"],"8010882":[40,"北九州市門司区","清見"],"8010811":[40,"北九州市門司区","大積"],"8010826":[40,"北九州市門司区","黒川東"],"8010841":[40,"北九州市門司区","西海岸"],"8010861":[40,"北九州市門司区","長谷"],"8010873":[40,"北九州市門司区","東門司"],"8010832":[40,"北九州市門司区","元清滝"],"8010881":[40,"北九州市門司区","鳴竹"],"8010864":[40,"北九州市門司区","老松町"],"8010803":[40,"北九州市門司区","田野浦"],"8010856":[40,"北九州市門司区","浜町"],"8010876":[40,"北九州市門司区","花月園"],"8010886":[40,"北九州市門司区","清見佐夜町"]}
