{"0840907":[1,"釧路市","鳥取北"],"0840910":[1,"釧路市","昭和中央"],"0840921":[1,"釧路市","美濃"],"0840915":[1,"釧路市","大楽毛南"],"0840909":[1,"釧路市","昭和南"],"0840928":[1,"釧路市","山花"],"0840901":[1,"釧路市","昭和北"],"0840913":[1,"釧路市","星が浦南"],"0840902":[1,"釧路市","昭和"],"0840922":[1,"釧路市","北斗"],"0840917":[1,"釧路市","大楽毛"],"0840927":[1,"釧路市","駒牧"],"0840924":[1,"釧路市","鶴野"],"0840925":[1,"釧路市","新野"],"0840908":[1,"釧路市","北園"],"0840918":[1,"釧路市","大楽毛北"],"0840914":[1,"釧路市","西港"],"0840926":[1,"釧路市","鶴丘"],"0840905":[1,"釧路市","鳥取南"],"0840929":[1,"釧路市","中鶴野"],"0840904":[1,"釧路市","新富士町"],"0840912":[1,"釧路市","星が浦大通"],"0840911":[1,"釧路市","星が浦北"],"0840903":[1,"釧路市","昭和町"],"0840906":[1,"釧路市","鳥取大通"],"0840923":[1,"釧路市","鶴野東"],"0840916":[1,"釧路市","大楽毛西"]}
