{"8130016":[40,"福岡市東区","香椎浜"],"8130017":[40,"福岡市東区","香椎照葉"],"8130031":[40,"福岡市東区","八田"],"8130012":[40,"福岡市東区","香椎駅東"],"8130008":[40,"糟屋郡粕屋町","内橋７９０の１"],"8130035":[40,"福岡市東区","松崎"],"8130011":[40,"福岡市東区","香椎"],"8130033":[40,"福岡市東区","多々良"],"8130062":[40,"福岡市東区","松島"],"8130000":[40,"福岡市東区",""],"8130023":[40,"福岡市東区","蒲田"],"8130034":[40,"福岡市東区","多の津"],"8130003":[40,"福岡市東区","香住ケ丘"],"8130014":[40,"福岡市東区","香椎台"],"8130015":[40,"福岡市東区","香椎団地"],"8130004":[40,"福岡市東区","松香台"],"8130024":[40,"福岡市東区","名子"],"8130043":[40,"福岡市東区","名島"],"8130042":[40,"福岡市東区","舞松原"],"8130013":[40,"福岡市東区","香椎駅前"],"8130025":[40,"福岡市東区","青葉"],"8130021":[40,"福岡市東区","みどりが丘"],"8130036":[40,"福岡市東区","若宮"],"8130001":[40,"福岡市東区","唐原"],"8130044":[40,"福岡市東区","千早"],"8130041":[40,"福岡市東区","水谷"],"8130019":[40,"福岡市東区","みなと香椎"],"8130005":[40,"福岡市東区","御島崎"],"8130002":[40,"福岡市東区","下原"],"8130045":[40,"福岡市東区","城浜団地"],"8130018":[40,"福岡市東区","香椎浜ふ頭"],"8130032":[40,"福岡市東区","土井"]}
