{"6308332":[29,"奈良市","元興寺町"],"6308371":[29,"奈良市","光明院町"],"6301105":[29,"奈良市","西狭川町"],"6301237":[29,"奈良市","柳生町"],"6300225":[29,"生駒市","東山町"],"6308276":[29,"奈良市","北半田西町"],"6308316":[29,"奈良市","築地之内町"],"6302164":[29,"奈良市","南田原町"],"6308453":[29,"奈良市","西九条町"],"6308257":[29,"奈良市","畑中町"],"6308423":[29,"奈良市","出屋敷町"],"6308234":[29,"奈良市","寺町"],"6308105":[29,"奈良市","佐保台"],"6302173":[29,"奈良市","日笠町"],"6308422":[29,"奈良市","横井"],"6308405":[29,"奈良市","北椿尾町"],"6300132":[29,"生駒市","あすか台"],"6308217":[29,"奈良市","橋本町"],"6308331":[29,"奈良市","三棟町"],"6308237":[29,"奈良市","中筋町"],"6308336":[29,"奈良市","高御門町"],"6308282":[29,"奈良市","南半田西町"],"6300000":[29,"奈良市",""],"6302234":[29,"山辺郡山添村","切幡"],"6308254":[29,"奈良市","菖蒲池町"],"6300213":[29,"生駒市","東生駒"],"6308445":[29,"奈良市","池田町"],"6308045":[29,"奈良市","六条緑町"],"6308247":[29,"奈良市","油阪町"],"6302203":[29,"山辺郡山添村","松尾"],"6308297":[29,"奈良市","北川端町"],"6302352":[29,"山辺郡山添村","中之庄"],"6308285":[29,"奈良市","北魚屋東町"],"6308103":[29,"奈良市","興善院町"],"6302177":[29,"奈良市","此瀬町"],"6302221":[29,"山辺郡山添村","箕輪"],"6302172":[29,"奈良市","沓掛町"],"6308145":[29,"奈良市","八条"],"6308353":[29,"奈良市","柳町"],"6308441":[29,"奈良市","神殿町"],"6302176":[29,"奈良市","和田町"],"6308213":[29,"奈良市","登大路町"],"6302211":[29,"山辺郡山添村","北野"],"6308121":[29,"奈良市","三条宮前町"],"6308411":[29,"奈良市","高樋町"],"6308392":[29,"奈良市","中院町"],"6308041":[29,"奈良市","六条町"],"6300137":[29,"生駒市","西白庭台"],"6300252":[29,"生駒市","山崎町"],"6308291":[29,"奈良市","西笹鉾町"],"6308207":[29,"奈良市","今小路町"],"6308267":[29,"奈良市","大豆山突抜町"],"6302344":[29,"山辺郡山添村","大西"],"6308015":[29,"奈良市","四条大路南町"],"6308022":[29,"奈良市","尼辻南町"],"6300202":[29,"生駒市","生駒台南"],"6301103":[29,"奈良市","狭川東町"],"6308357":[29,"奈良市","杉ケ町"],"6308326":[29,"奈良市","瓦堂町"],"6300111":[29,"生駒市","鹿ノ台北"],"6302351":[29,"山辺郡山添村","中峰山"],"6308221":[29,"奈良市","元林院町"],"6308306":[29,"奈良市","紀寺町"],"6300256":[29,"生駒市","本町"],"6308031":[29,"奈良市","柏木町"],"6300239":[29,"生駒市","青山台"],"6308365":[29,"奈良市","下御門町"],"6302305":[29,"奈良市","月ケ瀬月瀬"],"6308202":[29,"奈良市","川上町"],"6300123":[29,"生駒市","真弓南"],"6300234":[29,"生駒市","萩原町"],"6302357":[29,"山辺郡山添村","葛尾"],"6302346":[29,"山辺郡山添村","西波多"],"6301122":[29,"奈良市","平清水町"],"6308335":[29,"奈良市","鳴川町"],"6300246":[29,"生駒市","西松ケ丘"],"6300233":[29,"生駒市","有里町"],"6308261":[29,"奈良市","北市町"],"6308126":[29,"奈良市","三条栄町"],"6308414":[29,"奈良市","鉢伏町"],"6308003":[29,"奈良市","佐紀町"],"6302204":[29,"山辺郡山添村","室津"],"6308294":[29,"奈良市","押小路町"],"6308288":[29,"奈良市","東笹鉾町"],"6308383":[29,"奈良市","毘沙門町"],"6302303":[29,"奈良市","月ケ瀬長引"],"6308402":[29,"奈良市","米谷町"],"6308341":[29,"奈良市","南城戸町"],"6308315":[29,"奈良市","中辻町"],"6308303":[29,"奈良市","南紀寺町"],"6300243":[29,"生駒市","俵口町"],"6308348":[29,"奈良市","小太郎町"],"6308034":[29,"奈良市","五条西"],"6301233":[29,"奈良市","邑地町"],"6308345":[29,"奈良市","西城戸町"],"6300115":[29,"生駒市","鹿畑町"],"6308225":[29,"奈良市","西御門町"],"6308122":[29,"奈良市","三条本町"],"6308444":[29,"奈良市","今市町"],"6302354":[29,"山辺郡山添村","広瀬"],"6308337":[29,"奈良市","脇戸町"],"6308286":[29,"奈良市","東包永町"],"6308023":[29,"奈良市","尼辻西町"],"6302167":[29,"奈良市","田原春日野町"],"6300226":[29,"生駒市","小平尾町"],"6301125":[29,"奈良市","東鳴川町"],"6308143":[29,"奈良市","桂木町"],"6308424":[29,"奈良市","古市町"],"6308201":[29,"奈良市","中ノ川町"],"6300253":[29,"生駒市","新旭ケ丘"],"6308212":[29,"奈良市","春日野町"],"6302163":[29,"奈良市","中之庄町"],"6300263":[29,"生駒市","中菜畑"],"6308246":[29,"奈良市","油阪地方町"],"6308216":[29,"奈良市","東向南町"],"6308401":[29,"奈良市","中畑町"],"6308333":[29,"奈良市","中新屋町"],"6308104":[29,"奈良市","奈良阪町"],"6302355":[29,"山辺郡山添村","鵜山"],"6308111":[29,"奈良市","半田開町"],"6308146":[29,"奈良市","八条町"],"6308228":[29,"奈良市","上三条町"],"6301234":[29,"奈良市","北野山町"],"6300136":[29,"生駒市","白庭台"],"6301112":[29,"奈良市","南庄町"],"6308264":[29,"奈良市","鍋屋町"],"6308206":[29,"奈良市","手貝町"],"6308432":[29,"奈良市","田中町"],"6308272":[29,"奈良市","東新在家町"],"6308352":[29,"奈良市","北風呂町"],"6308451":[29,"奈良市","北之庄町"],"6301102":[29,"奈良市","下狭川町"],"6308381":[29,"奈良市","福智院町"],"6308454":[29,"奈良市","杏町"],"6302304":[29,"奈良市","月ケ瀬嵩"],"6308374":[29,"奈良市","今御門町"],"6308253":[29,"奈良市","内侍原町"],"6308346":[29,"奈良市","阿字万字町"],"6300258":[29,"生駒市","東新町"],"6308305":[29,"奈良市","東紀寺町"],"6308394":[29,"奈良市","不審ヶ辻子町"],"6300114":[29,"生駒市","鹿ノ台西"],"6300236":[29,"生駒市","西畑町"],"6302343":[29,"山辺郡山添村","春日"],"6300221":[29,"生駒市","さつき台"],"6300244":[29,"生駒市","東松ケ丘"],"6308302":[29,"奈良市","白毫寺町"],"6300141":[29,"生駒市","ひかりが丘"],"6300247":[29,"生駒市","光陽台"],"6300251":[29,"生駒市","谷田町"],"6300101":[29,"生駒市","高山町"],"6308024":[29,"奈良市","尼辻中町"],"6308373":[29,"奈良市","南市町"],"6308232":[29,"奈良市","北向町"],"6308271":[29,"奈良市","坊屋敷町"],"6300261":[29,"生駒市","西旭ケ丘"],"6308256":[29,"奈良市","奥芝町"],"6308295":[29,"奈良市","半田突抜町"],"6300201":[29,"生駒市","小明町"],"6301121":[29,"奈良市","園田町"],"6308275":[29,"奈良市","北半田中町"],"6308127":[29,"奈良市","三条添川町"],"6300272":[27,"東大阪市","山手町"],"6302152":[29,"奈良市","杣ノ川町"],"6308413":[29,"奈良市","菩提山町"],"6308323":[29,"奈良市","京終地方東側町"],"6301245":[29,"奈良市","大慈仙町"],"6308403":[29,"奈良市","興隆寺町"],"6308356":[29,"奈良市","南新町"],"6300267":[29,"生駒市","仲之町"],"6301243":[29,"奈良市","大平尾町"],"6308042":[29,"奈良市","西ノ京町"],"6308016":[29,"奈良市","南新町"],"6308412":[29,"奈良市","虚空蔵町"],"6308236":[29,"奈良市","下三条町"],"6302174":[29,"奈良市","横田町"],"6308252":[29,"奈良市","北小路町"],"6308134":[29,"奈良市","大安寺町"],"6302233":[29,"山辺郡山添村","毛原"],"6308052":[29,"奈良市","七条東町"],"6302166":[29,"奈良市","矢田原町"],"6308037":[29,"奈良市","中町"],"6308314":[29,"奈良市","川之上突抜町"],"6300227":[29,"生駒市","乙田町"],"6308327":[29,"奈良市","東木辻町"],"6308224":[29,"奈良市","角振町"],"6308012":[29,"奈良市","二条大路南"],"6308242":[29,"奈良市","漢国町"],"6300200":[29,"生駒市",""],"6308355":[29,"奈良市","南魚屋町"],"6300122":[29,"生駒市","真弓"],"6300262":[29,"生駒市","緑ケ丘"],"6301111":[29,"奈良市","須川町"],"6302301":[29,"奈良市","月ケ瀬石打"],"6300113":[29,"生駒市","鹿ノ台南"],"6308304":[29,"奈良市","南肘塚町"],"6308241":[29,"奈良市","高天町"],"6300211":[29,"生駒市","桜ケ丘"],"6308245":[29,"奈良市","西之阪町"],"6308211":[29,"奈良市","雑司町"],"6308114":[29,"奈良市","芝辻町"],"6308002":[29,"奈良市","二条町"],"6300254":[29,"生駒市","東旭ケ丘"],"6302162":[29,"奈良市","中貫町"],"6300135":[29,"生駒市","南田原町"],"6308384":[29,"奈良市","芝新屋町"],"6302232":[29,"山辺郡山添村","岩屋"],"6308434":[29,"奈良市","山町"],"6308132":[29,"奈良市","大森西町"],"6302342":[29,"山辺郡山添村","広代"],"6301101":[29,"奈良市","広岡町"],"6308334":[29,"奈良市","西新屋町"],"6308338":[29,"奈良市","陰陽町"],"6308215":[29,"奈良市","東向中町"],"6300257":[29,"生駒市","元町"],"6308043":[29,"奈良市","六条"],"6308347":[29,"奈良市","南中町"],"6308205":[29,"奈良市","今在家町"],"6308273":[29,"奈良市","押上町"],"6308421":[29,"奈良市","藤原町"],"6300237":[29,"生駒市","鬼取町"],"6308452":[29,"奈良市","北之庄西町"],"6300235":[29,"生駒市","藤尾町"],"6308313":[29,"奈良市","川之上町"],"6300138":[29,"生駒市","上町台"],"6308391":[29,"奈良市","鵲町"],"6300134":[29,"生駒市","あすか野北"],"6302345":[29,"山辺郡山添村","菅生"],"6300248":[29,"生駒市","喜里が丘"],"6302356":[29,"山辺郡山添村","片平"],"6300231":[29,"生駒市","菜畑町"],"6308362":[29,"奈良市","東寺林町"],"6308227":[29,"奈良市","林小路町"],"6308112":[29,"奈良市","多門町"],"6301235":[29,"奈良市","丹生町"],"6308265":[29,"奈良市","宿院町"],"6302165":[29,"奈良市","長谷町"],"6301113":[29,"奈良市","北村町"],"6302222":[29,"山辺郡山添村","堂前"],"6302161":[29,"奈良市","大野町"],"6308342":[29,"奈良市","南袋町"],"6308354":[29,"奈良市","馬場町"],"6302151":[29,"奈良市","水間町"],"6308296":[29,"奈良市","後藤町"],"6302178":[29,"奈良市","須山町"],"6308025":[29,"奈良市","尼辻北町"],"6308013":[29,"奈良市","三条大路"],"6300245":[29,"生駒市","北新町"],"6308351":[29,"奈良市","南風呂町"],"6308263":[29,"奈良市","北魚屋西町"],"6308142":[29,"奈良市","肘塚町"],"6300142":[29,"生駒市","北田原町"],"6308324":[29,"奈良市","京終地方西側町"],"6308235":[29,"奈良市","奥子守町"],"6308292":[29,"奈良市","中御門町"],"6308223":[29,"奈良市","角振新屋町"],"6300266":[29,"生駒市","門前町"],"6308231":[29,"奈良市","本子守町"],"6300228":[29,"生駒市","南山手台"],"6308274":[29,"奈良市","北半田東町"],"6300214":[29,"生駒市","東生駒月見町"],"6308268":[29,"奈良市","大豆山町"],"6308233":[29,"奈良市","小川町"],"6300265":[29,"生駒市","軽井沢町"],"6308435":[29,"奈良市","八島町"],"6308255":[29,"奈良市","阪新屋町"],"6300131":[29,"生駒市","上町"],"6301124":[29,"奈良市","中ノ川町"],"6308301":[29,"奈良市","高畑町"],"6302223":[29,"山辺郡山添村","三ケ谷"],"6308053":[29,"奈良市","七条"],"6308033":[29,"奈良市","五条"],"6308102":[29,"奈良市","般若寺町"],"6308131":[29,"奈良市","大森町"],"6301231":[29,"奈良市","柳生下町"],"6308318":[29,"奈良市","納院町"],"6308281":[29,"奈良市","南半田中町"],"6300116":[29,"生駒市","美鹿の台"],"6301242":[29,"奈良市","大柳生町"],"6308243":[29,"奈良市","今辻子町"],"6300223":[29,"生駒市","小瀬町"],"6308372":[29,"奈良市","西寺林町"],"6308385":[29,"奈良市","芝突抜町"],"6308137":[29,"奈良市","恋の窪東町"],"6302224":[29,"山辺郡山添村","助命"],"6308204":[29,"奈良市","北御門町"],"6300121":[29,"生駒市","北大和"],"6308108":[29,"奈良市","法蓮佐保山"],"6308208":[29,"奈良市","水門町"],"6308317":[29,"奈良市","井上町"],"6308277":[29,"奈良市","南半田東町"],"6302353":[29,"山辺郡山添村","吉田"],"6308133":[29,"奈良市","大安寺"],"6308433":[29,"奈良市","柴屋町"],"6301232":[29,"奈良市","興ケ原町"],"6308011":[29,"奈良市","北新町"],"6308144":[29,"奈良市","東九条町"],"6308036":[29,"奈良市","五条畑"],"6302202":[29,"山辺郡山添村","的野"],"6300212":[29,"生駒市","辻町"],"6308218":[29,"奈良市","樽井町"],"6308393":[29,"奈良市","鶴福院町"],"6302153":[29,"奈良市","別所町"],"6308363":[29,"奈良市","勝南院町"],"6300232":[29,"生駒市","小倉寺町"],"6308322":[29,"奈良市","北京終町"],"6301241":[29,"奈良市","阪原町"],"6300241":[29,"生駒市","松美台"],"6308361":[29,"奈良市","池之町"],"6302175":[29,"奈良市","茗荷町"],"6300133":[29,"生駒市","あすか野南"],"6308113":[29,"奈良市","法蓮町"],"6302306":[29,"奈良市","月ケ瀬桃香野"],"6302212":[29,"山辺郡山添村","大塩"],"6300255":[29,"生駒市","山崎新町"],"6308214":[29,"奈良市","東向北町"],"6308141":[29,"奈良市","南京終町"],"6308135":[29,"奈良市","大安寺西"],"6308115":[29,"奈良市","大宮町"],"6308251":[29,"奈良市","西新在家号所町"],"6308343":[29,"奈良市","椿井町"],"6300215":[29,"生駒市","東菜畑"],"6308283":[29,"奈良市","油留木町"],"6301244":[29,"奈良市","忍辱山町"],"6308238":[29,"奈良市","高天市町"],"6302171":[29,"奈良市","誓多林町"],"6308442":[29,"奈良市","北永井町"],"6301236":[29,"奈良市","大保町"],"6308032":[29,"奈良市","五条町"],"6301123":[29,"奈良市","生琉里町"],"6308244":[29,"奈良市","三条町"],"6308101":[29,"奈良市","青山"],"6308293":[29,"奈良市","川久保町"],"6308226":[29,"奈良市","小西町"],"6302225":[29,"山辺郡山添村","伏拝"],"6308312":[29,"奈良市","十輪院町"],"6300222":[29,"生駒市","壱分町"],"6302201":[29,"山辺郡山添村","峰寺"],"6308311":[29,"奈良市","十輪院畑町"],"6308382":[29,"奈良市","公納堂町"],"6308051":[29,"奈良市","七条町"],"6308307":[29,"奈良市","西紀寺町"],"6308124":[29,"奈良市","三条桧町"],"6300112":[29,"生駒市","鹿ノ台東"],"6300238":[29,"生駒市","大門町"],"6300242":[29,"生駒市","新生駒台"],"6308284":[29,"奈良市","半田横町"],"6308248":[29,"奈良市","西新在家町"],"6308125":[29,"奈良市","三条川西町"],"6308106":[29,"奈良市","佐保台西町"],"6308321":[29,"奈良市","薬師堂町"],"6308136":[29,"奈良市","恋の窪"],"6308266":[29,"奈良市","花芝町"],"6308404":[29,"奈良市","南椿尾町"],"6308014":[29,"奈良市","四条大路"],"6308258":[29,"奈良市","船橋町"],"6308328":[29,"奈良市","花園町"],"6302341":[29,"山辺郡山添村","遅瀬"],"6308222":[29,"奈良市","餅飯殿町"],"6308325":[29,"奈良市","西木辻町"],"6302231":[29,"山辺郡山添村","勝原"],"6308107":[29,"奈良市","奈保町"],"6301126":[29,"奈良市","法用町"],"6308035":[29,"奈良市","赤膚町"],"6300203":[29,"生駒市","生駒台北"],"6308054":[29,"奈良市","七条西町"],"6300224":[29,"生駒市","萩の台"],"6308431":[29,"奈良市","窪之庄町"],"6308287":[29,"奈良市","西包永町"],"6300264":[29,"生駒市","西菜畑町"],"6302168":[29,"奈良市","菩提山町"],"6308203":[29,"奈良市","東之阪町"],"6308262":[29,"奈良市","北袋町"],"6300271":[27,"東大阪市","上石切町"],"6308044":[29,"奈良市","六条西"],"6308425":[29,"奈良市","鹿野園町"],"6301104":[29,"奈良市","狭川両町"],"6308364":[29,"奈良市","北室町"],"6308021":[29,"奈良市","尼辻町"],"6308123":[29,"奈良市","三条大宮町"],"6302205":[29,"山辺郡山添村","桐山"],"6308001":[29,"奈良市","法華寺町"],"6302302":[29,"奈良市","月ケ瀬尾山"],"6308344":[29,"奈良市","東城戸町"],"6308443":[29,"奈良市","南永井町"]}
