{"5760015":[27,"交野市","星田西"],"5760017":[27,"交野市","星田北"],"5760035":[27,"交野市","私部南"],"5760032":[27,"交野市","私市山手"],"5760022":[27,"交野市","藤が尾"],"5760016":[27,"交野市","星田"],"5760062":[27,"交野市","神宮寺"],"5760066":[27,"交野市","青山"],"5760051":[27,"交野市","倉治"],"5760002":[27,"交野市","私部"],"5760061":[27,"交野市","東倉治"],"5760006":[27,"交野市","寺"],"5760034":[27,"交野市","天野が原町"],"5760031":[27,"交野市","森南"],"5760052":[27,"交野市","私部"],"5760012":[27,"交野市","妙見東"],"5760064":[27,"交野市","寺南野"],"5760043":[27,"交野市","松塚"],"5760042":[27,"交野市","梅が枝"],"5760065":[27,"交野市","向井田"],"5760013":[27,"交野市","南星台"],"5760053":[27,"交野市","郡津"],"5760003":[27,"交野市","傍示"],"5760004":[27,"交野市","私市"],"5760005":[27,"交野市","森"],"5760063":[27,"交野市","寺"],"5760041":[27,"交野市","私部西"],"5760014":[27,"交野市","星田山手"],"5760033":[27,"交野市","私市"],"5760000":[27,"交野市",""],"5760011":[27,"交野市","星田"],"5760001":[27,"交野市","倉治"],"5760054":[27,"交野市","幾野"],"5760021":[27,"交野市","妙見坂"],"5760036":[27,"交野市","森北"]}
