{"2980256":[12,"夷隅郡大多喜町","石神"],"2980213":[12,"夷隅郡大多喜町","桜台"],"2980029":[12,"いすみ市","大和田"],"2980017":[12,"いすみ市","下布施"],"2980126":[12,"いすみ市","今関"],"2980232":[12,"夷隅郡大多喜町","小内"],"2980238":[12,"夷隅郡大多喜町","小内笛倉入会"],"2980271":[12,"夷隅郡大多喜町","中野"],"2980214":[12,"夷隅郡大多喜町","新丁"],"2980212":[12,"夷隅郡大多喜町","猿稲"],"2980028":[12,"いすみ市","細尾"],"2980013":[12,"いすみ市","小池"],"2980103":[12,"いすみ市","神置"],"2980211":[12,"夷隅郡大多喜町","紺屋"],"2980277":[12,"夷隅郡大多喜町","粟又"],"2980224":[12,"夷隅郡大多喜町","堀之内"],"2980121":[12,"いすみ市","島"],"2980114":[12,"いすみ市","札森"],"2980026":[12,"いすみ市","新田野"],"2980274":[12,"夷隅郡大多喜町","田代"],"2980264":[12,"夷隅郡大多喜町","大田代"],"2980132":[12,"いすみ市","八乙女"],"2980252":[12,"夷隅郡大多喜町","三又"],"2980000":[12,"いすみ市",""],"2980215":[12,"夷隅郡大多喜町","久保"],"2980016":[12,"いすみ市","新田若山深堀入会地"],"2980246":[12,"夷隅郡大多喜町","庄司"],"2980225":[12,"夷隅郡大多喜町","大戸"],"2980216":[12,"夷隅郡大多喜町","大多喜"],"2980255":[12,"夷隅郡大多喜町","黒原"],"2980001":[12,"いすみ市","若山"],"2980205":[12,"夷隅郡大多喜町","上原西部田柳原入会"],"2980278":[12,"夷隅郡大多喜町","小沢又"],"2980014":[12,"いすみ市","大原台"],"2980204":[12,"夷隅郡大多喜町","船子"],"2980233":[12,"夷隅郡大多喜町","笛倉"],"2980227":[12,"夷隅郡大多喜町","西部田"],"2980242":[12,"夷隅郡大多喜町","小苗"],"2980226":[12,"夷隅郡大多喜町","部田"],"2980125":[12,"いすみ市","深谷"],"2980262":[12,"夷隅郡大多喜町","堀切"],"2980241":[12,"夷隅郡大多喜町","紙敷"],"2980202":[12,"夷隅郡大多喜町","下大多喜"],"2980027":[12,"いすみ市","下原"],"2980106":[12,"いすみ市","須賀谷"],"2980275":[12,"夷隅郡大多喜町","弓木"],"2980024":[12,"いすみ市","長志"],"2980124":[12,"いすみ市","弥正"],"2980217":[12,"夷隅郡大多喜町","田丁"],"2980018":[12,"いすみ市","上布施"],"2980273":[12,"夷隅郡大多喜町","三条"],"2980266":[12,"夷隅郡大多喜町","筒森"],"2980253":[12,"夷隅郡大多喜町","川畑"],"2980243":[12,"夷隅郡大多喜町","湯倉"],"2980101":[12,"いすみ市","小又井"],"2980228":[12,"夷隅郡大多喜町","小谷松"],"2980022":[12,"いすみ市","佐室"],"2980122":[12,"いすみ市","楽町"],"2980133":[12,"いすみ市","引田"],"2980244":[12,"夷隅郡大多喜町","松尾"],"2980115":[12,"いすみ市","柿和田"],"2980131":[12,"いすみ市","荻原"],"2980261":[12,"夷隅郡大多喜町","板谷"],"2980265":[12,"夷隅郡大多喜町","小田代"],"2980235":[12,"夷隅郡大多喜町","宇筒原"],"2980002":[12,"いすみ市","日在"],"2980005":[12,"いすみ市","新田"],"2980237":[12,"夷隅郡大多喜町","原内"],"2980263":[12,"夷隅郡大多喜町","伊保田"],"2980025":[12,"いすみ市","山田"],"2980102":[12,"いすみ市","小高"],"2980203":[12,"夷隅郡大多喜町","森宮"],"2980111":[12,"いすみ市","万木"],"2980015":[12,"いすみ市","釈迦谷"],"2980223":[12,"夷隅郡大多喜町","上原"],"2980003":[12,"いすみ市","深堀"],"2980135":[12,"いすみ市","作田"],"2980112":[12,"いすみ市","国府台"],"2980276":[12,"夷隅郡大多喜町","会所"],"2980279":[12,"夷隅郡大多喜町","面白"],"2980117":[12,"いすみ市","増田"],"2980105":[12,"いすみ市","能実"],"2980207":[12,"夷隅郡大多喜町","泉水"],"2980254":[12,"夷隅郡大多喜町","平沢"],"2980123":[12,"いすみ市","苅谷"],"2980116":[12,"いすみ市","正立寺"],"2980113":[12,"いすみ市","大野"],"2980251":[12,"夷隅郡大多喜町","久我原"],"2980021":[12,"いすみ市","高谷"],"2980134":[12,"いすみ市","行川"],"2980267":[12,"夷隅郡大多喜町","葛藤"],"2980023":[12,"いすみ市","沢部"],"2980011":[12,"いすみ市","岩船"],"2980222":[12,"夷隅郡大多喜町","八声"],"2980206":[12,"夷隅郡大多喜町","横山"],"2980200":[12,"夷隅郡大多喜町",""],"2980104":[12,"いすみ市","松丸"],"2980245":[12,"夷隅郡大多喜町","弥喜用"],"2980201":[12,"夷隅郡大多喜町","小土呂"],"2980236":[12,"夷隅郡大多喜町","百鉾"],"2980221":[12,"夷隅郡大多喜町","柳原"],"2980234":[12,"夷隅郡大多喜町","押沼"],"2980004":[12,"いすみ市","大原"],"2980231":[12,"夷隅郡大多喜町","馬場内"],"2980272":[12,"夷隅郡大多喜町","市川"],"2980012":[12,"いすみ市","小沢"]}
