{"0670027":[1,"江別市","豊幌美咲町"],"0670017":[1,"江別市","７条"],"0670022":[1,"江別市","江別太"],"0670004":[1,"江別市","若草町"],"0670005":[1,"江別市","牧場町"],"0670032":[1,"江別市","元江別"],"0670064":[1,"江別市","上江別"],"0670021":[1,"江別市","豊幌"],"0670018":[1,"江別市","８条"],"0670055":[1,"江別市","篠津"],"0670003":[1,"江別市","緑町東"],"0670066":[1,"江別市","ゆめみ野南町"],"0670071":[1,"江別市","萩ケ岡"],"0670041":[1,"江別市","元江別本町"],"0670063":[1,"江別市","上江別西町"],"0670001":[1,"江別市","王子"],"0670023":[1,"江別市","東光町"],"0670053":[1,"江別市","中島"],"0670026":[1,"江別市","豊幌花園町"],"0670000":[1,"江別市",""],"0670014":[1,"江別市","４条"],"0670075":[1,"江別市","向ケ丘"],"0670054":[1,"江別市","八幡"],"0670016":[1,"江別市","６条"],"0670028":[1,"江別市","豊幌はみんぐ町"],"0670025":[1,"江別市","あけぼの町"],"0670052":[1,"江別市","角山"],"0670074":[1,"江別市","高砂町"],"0670011":[1,"江別市","１条"],"0670062":[1,"江別市","上江別南町"],"0670034":[1,"江別市","いずみ野"],"0670012":[1,"江別市","２条"],"0670042":[1,"江別市","見晴台"],"0670013":[1,"江別市","３条"],"0670073":[1,"江別市","弥生町"],"0670056":[1,"江別市","美原"],"0670015":[1,"江別市","５条"],"0670031":[1,"江別市","元町"],"0670065":[1,"江別市","ゆめみ野東町"],"0670059":[1,"江別市","萌えぎ野西"],"0670058":[1,"江別市","萌えぎ野中央"],"0670033":[1,"江別市","対雁"],"0670072":[1,"江別市","一番町"],"0670024":[1,"江別市","朝日町"],"0670057":[1,"江別市","萌えぎ野東"],"0670002":[1,"江別市","緑町西"],"0670051":[1,"江別市","工栄町"],"0670061":[1,"江別市","上江別東町"]}
