{"5660034":[27,"摂津市","香露園"],"5660072":[27,"摂津市","鳥飼西"],"5660024":[27,"摂津市","正雀本町"],"5660053":[27,"摂津市","鳥飼野々"],"5660043":[27,"摂津市","一津屋"],"5660021":[27,"摂津市","南千里丘"],"5660074":[27,"摂津市","東一津屋"],"5660061":[27,"摂津市","鳥飼八町"],"5660022":[27,"摂津市","三島"],"5660013":[27,"摂津市","阪急正雀"],"5660051":[27,"摂津市","安威川南町"],"5660031":[27,"摂津市","昭和園"],"5660001":[27,"摂津市","千里丘"],"5660045":[27,"摂津市","南別府町"],"5660025":[27,"摂津市","東正雀"],"5660064":[27,"摂津市","鳥飼中"],"5660054":[27,"摂津市","鳥飼八防"],"5660063":[27,"摂津市","鳥飼銘木町"],"5660073":[27,"摂津市","鳥飼和道"],"5660055":[27,"摂津市","新在家"],"5660033":[27,"摂津市","学園町"],"5660046":[27,"摂津市","別府"],"5660012":[27,"摂津市","庄屋"],"5660044":[27,"摂津市","西一津屋"],"5660035":[27,"摂津市","鶴野"],"5660042":[27,"摂津市","東別府"],"5660052":[27,"摂津市","鳥飼本町"],"5660000":[27,"摂津市",""],"5660047":[27,"摂津市","浜町"],"5660071":[27,"摂津市","鳥飼下"],"5660011":[27,"摂津市","千里丘東"],"5660023":[27,"摂津市","正雀"],"5660041":[27,"摂津市","北別府町"],"5660065":[27,"摂津市","鳥飼新町"],"5660032":[27,"摂津市","桜町"],"5660062":[27,"摂津市","鳥飼上"]}
