{"5970081":[27,"貝塚市","麻生中"],"5970062":[27,"貝塚市","澤"],"5970052":[27,"貝塚市","窪田"],"5970101":[27,"貝塚市","三ケ山"],"5970053":[27,"貝塚市","地蔵堂"],"5970061":[27,"貝塚市","浦田"],"5970063":[27,"貝塚市","二色港町"],"5970092":[27,"貝塚市","二色北町"],"5970032":[27,"貝塚市","永吉"],"5970112":[27,"貝塚市","大川"],"5970105":[27,"貝塚市","三ツ松"],"5970106":[27,"貝塚市","畠中"],"5970013":[27,"貝塚市","津田北町"],"5970002":[27,"貝塚市","新町"],"5970041":[27,"貝塚市","清児"],"5970093":[27,"貝塚市","二色中町"],"5970113":[27,"貝塚市","秬谷"],"5970095":[27,"貝塚市","港"],"5970073":[27,"貝塚市","脇浜"],"5970011":[27,"貝塚市","北町"],"5970083":[27,"貝塚市","海塚"],"5970104":[27,"貝塚市","水間"],"5970051":[27,"貝塚市","王子"],"5970072":[27,"貝塚市","畠中"],"5970014":[27,"貝塚市","津田南町"],"5970045":[27,"貝塚市","三ツ松"],"5970004":[27,"貝塚市","西町"],"5970021":[27,"貝塚市","小瀬"],"5970046":[27,"貝塚市","東山"],"5970015":[27,"貝塚市","堀"],"5970071":[27,"貝塚市","加神"],"5970044":[27,"貝塚市","森"],"5970031":[27,"貝塚市","久保"],"5970102":[27,"貝塚市","木積"],"5970003":[27,"貝塚市","中"],"5970000":[27,"貝塚市",""],"5970082":[27,"貝塚市","石才"],"5970091":[27,"貝塚市","二色"],"5970074":[27,"貝塚市","加治"],"5970094":[27,"貝塚市","二色南町"],"5970023":[27,"貝塚市","福田"],"5970001":[27,"貝塚市","近木"],"5970005":[27,"貝塚市","南町"],"5970084":[27,"貝塚市","鳥羽"],"5970103":[27,"貝塚市","馬場"],"5970043":[27,"貝塚市","橋本"],"5970022":[27,"貝塚市","新井"],"5970054":[27,"貝塚市","堤"],"5970042":[27,"貝塚市","名越"],"5970012":[27,"貝塚市","津田"],"5970107":[27,"貝塚市","地蔵堂"],"5970085":[27,"貝塚市","東"],"5970111":[27,"貝塚市","蕎原"],"5970075":[27,"貝塚市","神前"],"5970033":[27,"貝塚市","半田"]}
