{"9608216":[7,"福島市","中荒子"],"9600718":[7,"伊達市","梁川町二野袋"],"9600454":[7,"伊達市","志和田前"],"9600687":[7,"伊達市","保原町旭町"],"9600787":[7,"伊達市","梁川町山城舘"],"9608034":[7,"福島市","置賜町"],"9601411":[7,"伊達郡川俣町","細田"],"9608221":[7,"福島市","北中川原"],"9600251":[7,"福島市","大笹生"],"9600744":[7,"伊達市","梁川町内町"],"9600617":[7,"伊達市","保原町７丁目"],"9600673":[7,"伊達市","保原町野崎"],"9608136":[7,"福島市","八島町"],"9600453":[7,"伊達市","上志和田"],"9608072":[7,"福島市","北中央"],"9601814":[7,"相馬郡飯舘村","大倉"],"9600486":[7,"伊達市","六角"],"9601633":[7,"相馬郡飯舘村","臼石"],"9601304":[7,"福島市","飯野町大久保"],"9600709":[7,"伊達市","梁川町西塩野川"],"9601427":[7,"伊達郡川俣町","段ノ腰"],"9600607":[7,"伊達市","保原町１０丁目"],"9600103":[7,"福島市","本内"],"9600487":[7,"伊達市","高田"],"9601303":[7,"福島市","飯野町青木"],"9608141":[7,"福島市","渡利"],"9600461":[7,"伊達市","片町"],"9600423":[7,"伊達市","荒町"],"9601407":[7,"伊達郡川俣町","小神"],"9600637":[7,"伊達市","保原町将監"],"9600241":[7,"福島市","笹谷"],"9601451":[7,"伊達郡川俣町","本町"],"9600773":[7,"伊達市","梁川町五反田"],"9600111":[7,"福島市","丸子"],"9600802":[7,"伊達市","霊山町山野川"],"9600477":[7,"伊達市","柏木町"],"9600433":[7,"伊達市","上川原"],"9601723":[7,"相馬郡飯舘村","長泥"],"9600625":[7,"伊達市","保原町２丁目"],"9600415":[7,"伊達市","右城"],"9601241":[7,"福島市","松川町"],"9600757":[7,"伊達市","梁川町幸町"],"9600441":[7,"伊達市","新町"],"9600768":[7,"伊達市","梁川町柳田"],"9600425":[7,"伊達市","姥川"],"9600905":[7,"伊達市","月舘町糠田"],"9600437":[7,"伊達市","一本松"],"9601477":[7,"伊達郡川俣町","倉ケ作"],"9608204":[7,"福島市","岡部"],"9600712":[7,"伊達市","梁川町御八郎"],"9600466":[7,"伊達市","根岸"],"9600474":[7,"伊達市","沓形"],"9608056":[7,"福島市","八島田"],"9600114":[7,"福島市","沖高"],"9601488":[7,"伊達郡川俣町","新田"],"9601412":[7,"伊達郡川俣町","仲ノ内"],"9608033":[7,"福島市","万世町"],"9608044":[7,"福島市","早稲町"],"9601471":[7,"伊達郡川俣町","西戸ノ内"],"9601632":[7,"相馬郡飯舘村","関根"],"9608021":[7,"福島市","霞町"],"9601466":[7,"伊達郡川俣町","宮前"],"9608162":[7,"福島市","南町"],"9600728":[7,"伊達市","梁川町天神前"],"9600721":[7,"伊達市","梁川町白根"],"9600671":[7,"伊達市","保原町東野崎"],"9608066":[7,"福島市","矢剣町"],"9608222":[7,"福島市","蝦貫"],"9600724":[7,"伊達市","梁川町北新井"],"9600731":[7,"伊達市","梁川町天神町"],"9601452":[7,"伊達郡川俣町","後田"],"9600688":[7,"伊達市","保原町みずほ"],"9600760":[7,"伊達市","梁川町陽光台"],"9600653":[7,"伊達市","保原町泉町"],"9601426":[7,"伊達郡川俣町","日和田"],"9600803":[7,"伊達市","霊山町泉原"],"9600442":[7,"伊達市","菅田"],"9608115":[7,"福島市","山下町"],"9601421":[7,"伊達郡川俣町","鉄炮町"],"9601406":[7,"伊達郡川俣町","鶴沢"],"9600473":[7,"伊達市","沢田"],"9600735":[7,"伊達市","梁川町鶴ケ岡"],"9600626":[7,"伊達市","保原町３丁目"],"9608217":[7,"福島市","上荒子"],"9600706":[7,"伊達市","梁川町北町谷川"],"9600221":[7,"福島市","飯坂町東湯野"],"9602262":[7,"福島市","在庭坂"],"9600774":[7,"伊達市","梁川町石井戸"],"9602251":[7,"福島市","桜本"],"9600621":[7,"伊達市","保原町中村町"],"9601103":[7,"福島市","平石"],"9608057":[7,"福島市","笹木野"],"9600408":[7,"伊達市","岡沼"],"9600472":[7,"伊達市","根田"],"9600765":[7,"伊達市","梁川町大関"],"9601409":[7,"伊達郡川俣町","秋山"],"9601813":[7,"相馬郡飯舘村","八木沢"],"9601302":[7,"福島市","飯野町明治"],"9600631":[7,"伊達市","保原町中瀬"],"9600424":[7,"伊達市","姥ケ懐"],"9600467":[7,"伊達市","舘ノ内"],"9600422":[7,"伊達市","川原田"],"9600715":[7,"伊達市","梁川町大舘"],"9600414":[7,"伊達市","長岡"],"9608051":[7,"福島市","曾根田町"],"9608231":[7,"福島市","北原"],"9600903":[7,"伊達市","月舘町下手渡"],"9608107":[7,"福島市","浜田町"],"9608133":[7,"福島市","桜木町"],"9608106":[7,"福島市","宮町"],"9600113":[7,"福島市","北矢野目"],"9602155":[7,"福島市","上名倉"],"9608016":[7,"福島市","狐塚畑"],"9600448":[7,"伊達市","屋敷間"],"9600647":[7,"伊達市","保原町小蓋"],"9600682":[7,"伊達市","保原町富沢"],"9601724":[7,"相馬郡飯舘村","蕨平"],"9600629":[7,"伊達市","保原町弥生町"],"9600271":[7,"福島市","飯坂町茂庭"],"9600904":[7,"伊達市","月舘町上手渡"],"9600402":[7,"伊達市","水抜"],"9608124":[7,"福島市","山居上"],"9601467":[7,"伊達郡川俣町","宮ノ入"],"9608054":[7,"福島市","三河北町"],"9601422":[7,"伊達郡川俣町","新中町"],"9602157":[7,"福島市","土湯温泉町"],"9601445":[7,"伊達郡川俣町","中島"],"9601435":[7,"伊達郡川俣町","大作"],"9608254":[7,"福島市","南沢又"],"9600489":[7,"伊達市","瀬戸場"],"9601486":[7,"伊達郡川俣町","下拍子"],"9608112":[7,"福島市","花園町"],"9608154":[7,"福島市","伏拝"],"9608227":[7,"福島市","田中島"],"9600772":[7,"伊達市","梁川町上割田"],"9600717":[7,"伊達市","梁川町向川原"],"9608035":[7,"福島市","本町"],"9600639":[7,"伊達市","保原町六万坊"],"9601804":[7,"相馬郡飯舘村","関沢"],"9601461":[7,"伊達郡川俣町","宮町"],"9601243":[7,"福島市","松川町水原"],"9601402":[7,"伊達郡川俣町","小綱木"],"9600428":[7,"伊達市","坂ノ上"],"9600783":[7,"伊達市","梁川町本町"],"9600434":[7,"伊達市","堰下"],"9602158":[7,"福島市","佐原"],"9608165":[7,"福島市","吉倉"],"9600619":[7,"伊達市","保原町９丁目"],"9600648":[7,"伊達市","保原町東小蓋"],"9600501":[7,"伊達市","伏黒"],"9600679":[7,"伊達市","保原町油谷地"],"9600755":[7,"伊達市","梁川町中久保"],"9608161":[7,"福島市","郷野目"],"9608061":[7,"福島市","五月町"],"9608237":[7,"福島市","大森"],"9608001":[7,"福島市","天神町"],"9608043":[7,"福島市","中町"],"9600476":[7,"伊達市","鶴巻"],"9600665":[7,"伊達市","保原町岡代"],"9608031":[7,"福島市","栄町"],"9601482":[7,"伊達郡川俣町","元屋敷"],"9601801":[7,"相馬郡飯舘村","草野"],"9600766":[7,"伊達市","梁川町細谷"],"9601425":[7,"伊達郡川俣町","新宮"],"9600681":[7,"伊達市","保原町所沢"],"9600672":[7,"伊達市","保原町下野崎"],"9600261":[7,"福島市","飯坂町中野"],"9600465":[7,"伊達市","久根妻"],"9600605":[7,"伊達市","保原町元町"],"9600663":[7,"伊達市","保原町舟橋"],"9600775":[7,"伊達市","梁川町四石蒔"],"9601107":[7,"福島市","上鳥渡"],"9608143":[7,"福島市","南向台"],"9600746":[7,"伊達市","梁川町大清水"],"9601405":[7,"伊達郡川俣町","東福沢"],"9608214":[7,"福島市","古川"],"9600763":[7,"伊達市","梁川町大門道"],"9608135":[7,"福島市","腰浜町"],"9600116":[7,"福島市","宮代"],"9601631":[7,"相馬郡飯舘村","松塚"],"9600622":[7,"伊達市","保原町市柳町"],"9608013":[7,"福島市","南平"],"9600902":[7,"伊達市","月舘町月舘"],"9608232":[7,"福島市","立石"],"9600642":[7,"伊達市","保原町東猫川"],"9600455":[7,"伊達市","姥石"],"9600101":[7,"福島市","瀬上町"],"9600407":[7,"伊達市","日照"],"9601636":[7,"相馬郡飯舘村","前田"],"9601105":[7,"福島市","山田"],"9601444":[7,"伊達郡川俣町","根本"],"9600705":[7,"伊達市","梁川町元舟場"],"9601423":[7,"伊達郡川俣町","池ノ入"],"9600609":[7,"伊達市","保原町１２丁目"],"9601487":[7,"伊達郡川俣町","三百田"],"9608215":[7,"福島市","下荒子"],"9600481":[7,"伊達市","堀切端"],"9600401":[7,"伊達市","下川原"],"9600502":[7,"伊達市","箱崎"],"9600716":[7,"伊達市","梁川町白川田"],"9608235":[7,"福島市","滝元"],"9602156":[7,"福島市","荒井"],"9600666":[7,"伊達市","保原町村岡"],"9600778":[7,"伊達市","梁川町伝樋"],"9600725":[7,"伊達市","梁川町赤五輪"],"9608228":[7,"福島市","松山町"],"9601301":[7,"福島市","飯野町"],"9600636":[7,"伊達市","保原町大和"],"9608036":[7,"福島市","新町"],"9600435":[7,"伊達市","堰上"],"9600745":[7,"伊達市","梁川町右城町"],"9600652":[7,"伊達市","保原町西町"],"9601600":[7,"相馬郡飯舘村",""],"9608155":[7,"福島市","清水町"],"9600708":[7,"伊達市","梁川町東塩野川"],"9600432":[7,"伊達市","長川原"],"9601244":[7,"福島市","松川町関谷"],"9600201":[7,"福島市","飯坂町"],"9600464":[7,"伊達市","南堀"],"9608068":[7,"福島市","太田町"],"9601474":[7,"伊達郡川俣町","七曲"],"9600664":[7,"伊達市","保原町太田中"],"9601404":[7,"伊達郡川俣町","西福沢"],"9608213":[7,"福島市","遠瀬戸"],"9601465":[7,"伊達郡川俣町","赤坂"],"9600608":[7,"伊達市","保原町１１丁目"],"9608117":[7,"福島市","入江町"],"9600756":[7,"伊達市","梁川町青葉町"],"9600641":[7,"伊達市","保原町西猫川"],"9600000":[7,"福島市",""],"9600638":[7,"伊達市","保原町北河原"],"9601108":[7,"福島市","成川"],"9600733":[7,"伊達市","梁川町菖蒲沢"],"9600776":[7,"伊達市","梁川町東土橋"],"9600623":[7,"伊達市","保原町前田町"],"9608018":[7,"福島市","松木町"],"9600804":[7,"伊達市","霊山町大石"],"9600901":[7,"伊達市","月舘町布川"],"9600658":[7,"伊達市","保原町古川端"],"9600416":[7,"伊達市","中畑"],"9601106":[7,"福島市","下鳥渡"],"9601441":[7,"伊達郡川俣町","道内"],"9600650":[7,"伊達市","保原町西新田"],"9602261":[7,"福島市","町庭坂"],"9600704":[7,"伊達市","梁川町舟生"],"9600600":[7,"伊達市",""],"9601424":[7,"伊達郡川俣町","寺久保"],"9601484":[7,"伊達郡川俣町","延命神"],"9600764":[7,"伊達市","梁川町壱丁田"],"9608153":[7,"福島市","黒岩"],"9608002":[7,"福島市","森合町"],"9608253":[7,"福島市","泉"],"9600655":[7,"伊達市","保原町宮内町"],"9600115":[7,"福島市","下飯坂"],"9601456":[7,"伊達郡川俣町","中丁"],"9601433":[7,"伊達郡川俣町","賤ノ田"],"9600406":[7,"伊達市","堂ノ内"],"9600478":[7,"伊達市","細谷"],"9601415":[7,"伊達郡川俣町","仁井町"],"9601722":[7,"相馬郡飯舘村","比曽"],"9600777":[7,"伊達市","梁川町西土橋"],"9600635":[7,"伊達市","保原町半道"],"9601232":[7,"福島市","松川町下川崎"],"9600683":[7,"伊達市","保原町高成田"],"9608225":[7,"福島市","舘ノ内"],"9608015":[7,"福島市","狐山"],"9600411":[7,"伊達市","梨子木町"],"9608063":[7,"福島市","柳町"],"9600611":[7,"伊達市","保原町城ノ内"],"9600667":[7,"伊達市","保原町八幡台"],"9600624":[7,"伊達市","保原町１丁目"],"9608156":[7,"福島市","田沢"],"9600651":[7,"伊達市","保原町柏町"],"9608132":[7,"福島市","東浜町"],"9600418":[7,"伊達市","岡前"],"9601455":[7,"伊達郡川俣町","竹ノ内"],"9608065":[7,"福島市","杉妻町"],"9600405":[7,"伊達市","一本木"],"9608023":[7,"福島市","大明神"],"9600759":[7,"伊達市","梁川町広瀬町"],"9600722":[7,"伊達市","梁川町八幡"],"9600446":[7,"伊達市","諏訪野"],"9601464":[7,"伊達郡川俣町","宮ノ脇"],"9608052":[7,"福島市","公事田"],"9608076":[7,"福島市","上野寺"],"9608022":[7,"福島市","新浜町"],"9608103":[7,"福島市","舟場町"],"9600419":[7,"伊達市","広前"],"9600457":[7,"伊達市","江向"],"9608121":[7,"福島市","小金山"],"9600732":[7,"伊達市","梁川町南町頭"],"9608243":[7,"福島市","岩谷"],"9608212":[7,"福島市","道前"],"9600627":[7,"伊達市","保原町４丁目"],"9600702":[7,"伊達市","梁川町東大枝"],"9601246":[7,"福島市","松川町金沢"],"9600482":[7,"伊達市","鶴田"],"9600471":[7,"伊達市","長町"],"9608024":[7,"福島市","堂殿"],"9601442":[7,"伊達郡川俣町","後庵"],"9608041":[7,"福島市","大町"],"9600782":[7,"伊達市","梁川町中町"],"9608075":[7,"福島市","下野寺"],"9601634":[7,"相馬郡飯舘村","二枚橋"],"9600811":[7,"福島市","大波"],"9600676":[7,"伊達市","保原町千刈"],"9608137":[7,"福島市","堀河町"],"9600604":[7,"伊達市","保原町元木"],"9600769":[7,"伊達市","梁川町舟橋"],"9601434":[7,"伊達郡川俣町","小作"],"9608111":[7,"福島市","五老内町"],"9608157":[7,"福島市","蓬莱町"],"9601803":[7,"相馬郡飯舘村","伊丹沢"],"9601231":[7,"福島市","松川町沼袋"],"9608125":[7,"福島市","鴇頭森"],"9608226":[7,"福島市","北ノ前"],"9600656":[7,"伊達市","保原町八幡町"],"9608042":[7,"福島市","荒町"],"9601432":[7,"伊達郡川俣町","東大清水"],"9600657":[7,"伊達市","保原町中瀬町"],"9600634":[7,"伊達市","保原町大泉"],"9601403":[7,"伊達郡川俣町","大綱木"],"9601416":[7,"伊達郡川俣町","舘ノ腰"],"9600429":[7,"伊達市","塚畑"],"9600603":[7,"伊達市","保原町古町"],"9600751":[7,"伊達市","梁川町古町"],"9600754":[7,"伊達市","梁川町栄町"],"9608122":[7,"福島市","清水山"],"9600616":[7,"伊達市","保原町６丁目"],"9600668":[7,"伊達市","保原町烏内"],"9608211":[7,"福島市","茶屋下"],"9600727":[7,"伊達市","梁川町上町"],"9608012":[7,"福島市","御山町"],"9602151":[7,"福島市","桜本"],"9608244":[7,"福島市","石田"],"9608152":[7,"福島市","鳥谷野"],"9600784":[7,"伊達市","梁川町田町"],"9600483":[7,"伊達市","柳内"],"9600805":[7,"伊達市","霊山町中川"],"9608252":[7,"福島市","御山"],"9600421":[7,"伊達市","一本杉"],"9600644":[7,"伊達市","保原町豊田"],"9601475":[7,"伊達郡川俣町","早坂"],"9608055":[7,"福島市","野田町"],"9601485":[7,"伊達郡川俣町","海老ケ作"],"9601489":[7,"伊達郡川俣町","小島"],"9601102":[7,"福島市","永井川"],"9600456":[7,"伊達市","中道"],"9600447":[7,"伊達市","寺前"],"9601483":[7,"伊達郡川俣町","壺ケ作"],"9608166":[7,"福島市","仁井田"],"9600723":[7,"伊達市","梁川町足駄木"],"9601417":[7,"伊達郡川俣町","橋本"],"9600606":[7,"伊達市","保原町鉄炮町"],"9600675":[7,"伊達市","保原町大柳"],"9600684":[7,"伊達市","保原町上保原"],"9600643":[7,"伊達市","保原町下河原"],"9600661":[7,"伊達市","保原町金原田"],"9601443":[7,"伊達郡川俣町","大内"],"9608074":[7,"福島市","西中央"],"9600762":[7,"伊達市","梁川町丹波塚"],"9608236":[7,"福島市","山際"],"9600711":[7,"伊達市","梁川町粟野"],"9608114":[7,"福島市","松浪町"],"9608164":[7,"福島市","八木田"],"9600417":[7,"伊達市","北畑"],"9601429":[7,"伊達郡川俣町","柏崎"],"9600102":[7,"福島市","鎌田"],"9600479":[7,"伊達市","野崎"],"9608003":[7,"福島市","森合"],"9600646":[7,"伊達市","保原町東台後"],"9600468":[7,"伊達市","北後"],"9601400":[7,"伊達郡川俣町",""],"9608201":[7,"福島市","岡島"],"9600633":[7,"伊達市","保原町二井田"],"9608105":[7,"福島市","仲間町"],"9608251":[7,"福島市","北沢又"],"9600734":[7,"伊達市","梁川町茶臼山"],"9600444":[7,"伊達市","諏訪前"],"9600431":[7,"伊達市","川原町"],"9608151":[7,"福島市","太平寺"],"9600484":[7,"伊達市","馬場口"],"9608233":[7,"福島市","猫渕"],"9608223":[7,"福島市","矢倉下"],"9601413":[7,"伊達郡川俣町","広畑"],"9600438":[7,"伊達市","雷田"],"9601247":[7,"福島市","光が丘"],"9608011":[7,"福島市","宮下町"],"9608067":[7,"福島市","須川町"],"9601468":[7,"伊達郡川俣町","天神入"],"9600211":[7,"福島市","飯坂町湯野"],"9608026":[7,"福島市","狩野"],"9600615":[7,"伊達市","保原町５丁目"],"9600767":[7,"伊達市","梁川町新田"],"9600662":[7,"伊達市","保原町柱田"],"9601408":[7,"伊達郡川俣町","羽田"],"9600443":[7,"伊達市","諏訪西"],"9600632":[7,"伊達市","保原町大立目"],"9601812":[7,"相馬郡飯舘村","芦原"],"9600426":[7,"伊達市","坂ノ下"],"9608032":[7,"福島市","陣場町"],"9601248":[7,"福島市","金谷川"],"9600452":[7,"伊達市","中志和田"],"9601101":[7,"福島市","大森"],"9608116":[7,"福島市","春日町"],"9601453":[7,"伊達郡川俣町","瓦町"],"9608113":[7,"福島市","旭町"],"9601321":[7,"福島市","立子山"],"9608101":[7,"福島市","上町"],"9600488":[7,"伊達市","上台"],"9601446":[7,"伊達郡川俣町","舘"],"9600475":[7,"伊達市","干供田"],"9601472":[7,"伊達郡川俣町","草ケ入"],"9600806":[7,"伊達市","霊山町山戸田"],"9600743":[7,"伊達市","梁川町元陣内"],"9600785":[7,"伊達市","梁川町小梁川"],"9600602":[7,"伊達市","保原町久保"],"9608073":[7,"福島市","南中央"],"9601104":[7,"福島市","小田"],"9600659":[7,"伊達市","保原町西ノ内"],"9600809":[7,"伊達市","霊山町上小国"],"9602154":[7,"福島市","佐倉下"],"9600701":[7,"伊達市","梁川町五十沢"],"9608241":[7,"福島市","岩ノ前"],"9600685":[7,"伊達市","保原町黄金町"],"9600678":[7,"伊達市","保原町京門"],"9600403":[7,"伊達市","前川原"],"9600413":[7,"伊達市","宮前"],"9601431":[7,"伊達郡川俣町","大清水"],"9601815":[7,"相馬郡飯舘村","佐須"],"9602101":[7,"福島市","さくら"],"9608123":[7,"福島市","所窪"],"9600231":[7,"福島市","飯坂町平野"],"9600613":[7,"伊達市","保原町内町"],"9608071":[7,"福島市","東中央"],"9602153":[7,"福島市","庄野"],"9601462":[7,"伊達郡川俣町","寺前"],"9600707":[7,"伊達市","梁川町南町谷川"],"9600463":[7,"伊達市","田町"],"9608134":[7,"福島市","上浜町"],"9600753":[7,"伊達市","梁川町上川原"],"9600462":[7,"伊達市","本町"],"9600445":[7,"伊達市","神明前"],"9601401":[7,"伊達郡川俣町","飯坂"],"9601454":[7,"伊達郡川俣町","八反田"],"9608224":[7,"福島市","舘ノ前"],"9608202":[7,"福島市","山口"],"9608025":[7,"福島市","駒山"],"9600686":[7,"伊達市","保原町竹内町"],"9601428":[7,"伊達郡川俣町","五百田"],"9600747":[7,"伊達市","梁川町町裏"],"9600669":[7,"伊達市","保原町赤橋"],"9600485":[7,"伊達市","篭田"],"9608163":[7,"福島市","方木田"],"9601414":[7,"伊達郡川俣町","上桜"],"9600906":[7,"伊達市","月舘町御代田"],"9602102":[7,"福島市","荒井北"],"9600618":[7,"伊達市","保原町８丁目"],"9600458":[7,"伊達市","扇田"],"9601245":[7,"福島市","松川町浅川"],"9608218":[7,"福島市","高野河原下"],"9608014":[7,"福島市","大平山"],"9608062":[7,"福島市","清明町"],"9600427":[7,"伊達市","鍛治屋川"],"9601242":[7,"福島市","松川町美郷"],"9608234":[7,"福島市","山居"],"9600726":[7,"伊達市","梁川町北町頭"],"9601469":[7,"伊達郡川俣町","道場"],"9608142":[7,"福島市","小倉寺"],"9600736":[7,"伊達市","梁川町桜岳"],"9608064":[7,"福島市","御倉町"],"9600649":[7,"伊達市","保原町清水町"],"9601481":[7,"伊達郡川俣町","七窪"],"9600674":[7,"伊達市","保原町上野崎"],"9600252":[7,"福島市","李平"],"9600612":[7,"伊達市","保原町宮下"],"9600451":[7,"伊達市","下志和田"],"9608017":[7,"福島市","狐塚"],"9600703":[7,"伊達市","梁川町山舟生"],"9601721":[7,"相馬郡飯舘村","飯樋"],"9601501":[7,"伊達郡川俣町","山木屋"],"9600404":[7,"伊達市","原島"],"9608242":[7,"福島市","坂登"],"9601811":[7,"相馬郡飯舘村","小宮"],"9600614":[7,"伊達市","保原町磐前通"],"9600729":[7,"伊達市","梁川町希望ケ丘"],"9608102":[7,"福島市","北町"],"9601473":[7,"伊達郡川俣町","桜ケ作"],"9600742":[7,"伊達市","梁川町清水町"],"9600801":[7,"伊達市","霊山町掛田"],"9608053":[7,"福島市","三河南町"],"9600436":[7,"伊達市","前田"],"9600741":[7,"伊達市","梁川町大町"],"9601436":[7,"伊達郡川俣町","川原田"],"9600628":[7,"伊達市","保原町実町"],"9601802":[7,"相馬郡飯舘村","深谷"],"9608104":[7,"福島市","豊田町"],"9600412":[7,"伊達市","雪車町"],"9600719":[7,"伊達市","梁川町やながわ工業団地"],"9601635":[7,"相馬郡飯舘村","須萱"],"9600786":[7,"伊達市","梁川町南本町"],"9601476":[7,"伊達郡川俣町","石川"],"9602263":[7,"福島市","二子塚"],"9600654":[7,"伊達市","保原町小幡町"],"9600601":[7,"伊達市","保原町栄町"],"9600807":[7,"伊達市","霊山町石田"],"9600112":[7,"福島市","南矢野目"],"9600758":[7,"伊達市","梁川町桜町"],"9600781":[7,"伊達市","梁川町北本町"],"9600808":[7,"伊達市","霊山町下小国"],"9600645":[7,"伊達市","保原町台後"],"9601463":[7,"伊達郡川俣町","樋ノ口"],"9601478":[7,"伊達郡川俣町","壁沢"],"9600713":[7,"伊達市","梁川町八筋"],"9602152":[7,"福島市","土船"],"9600752":[7,"伊達市","梁川町四日市"],"9600677":[7,"伊達市","保原町早稲田"],"9608131":[7,"福島市","北五老内町"],"9608203":[7,"福島市","本内"]}
