{"8220003":[40,"直方市","上頓野"],"8220146":[40,"宮若市","黒丸"],"8221200":[40,"田川郡福智町",""],"8220023":[40,"直方市","神正町"],"8221326":[40,"田川郡糸田町","鼡ケ池"],"8221302":[40,"田川郡糸田町","大熊"],"8221323":[40,"田川郡糸田町","真岡"],"8220124":[40,"宮若市","縁山畑"],"8221325":[40,"田川郡糸田町","南糸田"],"8221316":[40,"田川郡糸田町","上糸田"],"8221101":[40,"田川郡福智町","赤池"],"8221202":[40,"田川郡福智町","神崎"],"8221402":[40,"田川郡香春町","鏡山"],"8220031":[40,"直方市","植木"],"8220006":[40,"直方市","上境"],"8221102":[40,"田川郡福智町","上野"],"8220002":[40,"直方市","頓野"],"8220016":[40,"直方市","直方"],"8221322":[40,"田川郡糸田町","西部"],"8221315":[40,"田川郡糸田町","宮川二"],"8221305":[40,"田川郡糸田町","宮床団地"],"8220022":[40,"直方市","知古"],"8220014":[40,"直方市","丸山町"],"8220121":[40,"宮若市","湯原"],"8221312":[40,"田川郡糸田町","下糸田"],"8220012":[40,"直方市","赤地"],"8221307":[40,"田川郡糸田町","宮床"],"8220152":[40,"宮若市","沼口"],"8221103":[40,"田川郡福智町","市場"],"8221311":[40,"田川郡糸田町","北区"],"8221404":[40,"田川郡香春町","柿下"],"8220123":[40,"宮若市","三ケ畑"],"8220113":[40,"宮若市","金生"],"8220101":[40,"宮若市","福丸"],"8220004":[40,"直方市","畑"],"8220145":[40,"宮若市","宮永"],"8220144":[40,"宮若市","稲光"],"8220151":[40,"宮若市","水原"],"8221306":[40,"田川郡糸田町","貴船"],"8220015":[40,"直方市","新町"],"8221403":[40,"田川郡香春町","高野"],"8221318":[40,"田川郡糸田町","原"],"8221212":[40,"田川郡福智町","弁城"],"8220017":[40,"直方市","殿町"],"8220142":[40,"宮若市","竹原"],"8220025":[40,"直方市","日吉町"],"8220024":[40,"直方市","須崎町"],"8221201":[40,"田川郡福智町","金田"],"8220143":[40,"宮若市","高野"],"8221401":[40,"田川郡香春町","採銅所"],"8220011":[40,"直方市","中泉"],"8220112":[40,"宮若市","原田"],"8220013":[40,"直方市","溝堀"],"8220132":[40,"宮若市","小伏"],"8220005":[40,"直方市","永満寺"],"8221313":[40,"田川郡糸田町","打越"],"8221317":[40,"田川郡糸田町","宮川一"],"8220034":[40,"直方市","山部"],"8220027":[40,"直方市","古町"],"8220131":[40,"宮若市","乙野"],"8221405":[40,"田川郡香春町","中津原"],"8220026":[40,"直方市","津田町"],"8221211":[40,"田川郡福智町","伊方"],"8221406":[40,"田川郡香春町","香春"],"8221301":[40,"田川郡糸田町","堀川"],"8220000":[40,"直方市",""],"8220032":[40,"直方市","下新入"],"8220134":[40,"宮若市","犬鳴"],"8221303":[40,"田川郡糸田町","桃山"],"8220133":[40,"宮若市","脇田"],"8220111":[40,"宮若市","金丸"],"8220033":[40,"直方市","上新入"],"8220008":[40,"直方市","湯野原"],"8220122":[40,"宮若市","下"],"8221324":[40,"田川郡糸田町","旭ケ丘"],"8220021":[40,"直方市","新知町"],"8221300":[40,"田川郡糸田町",""],"8220001":[40,"直方市","感田"],"8220141":[40,"宮若市","平"],"8221314":[40,"田川郡糸田町","中糸田"],"8221304":[40,"田川郡糸田町","自由ケ丘"],"8220007":[40,"直方市","下境"],"8221321":[40,"田川郡糸田町","宮谷"],"8220153":[40,"宮若市","山口"],"8221400":[40,"田川郡香春町",""]}
