{"8040077":[40,"北九州市戸畑区","牧山海岸"],"8040073":[40,"北九州市戸畑区","明治町"],"8040072":[40,"北九州市戸畑区","元宮町"],"8040021":[40,"北九州市戸畑区","一枝"],"8040061":[40,"北九州市戸畑区","中本町"],"8040015":[40,"北九州市戸畑区","仙水町"],"8040041":[40,"北九州市戸畑区","天籟寺"],"8040075":[40,"北九州市戸畑区","北鳥旗町"],"8040065":[40,"北九州市戸畑区","新川町"],"8040014":[40,"北九州市戸畑区","土取町"],"8040054":[40,"北九州市戸畑区","牧山新町"],"8040071":[40,"北九州市戸畑区","川代"],"8040022":[40,"北九州市戸畑区","金比羅町"],"8040053":[40,"北九州市戸畑区","牧山"],"8040064":[40,"北九州市戸畑区","沖台"],"8040043":[40,"北九州市戸畑区","観音寺町"],"8040011":[40,"北九州市戸畑区","中原西"],"8040051":[40,"北九州市戸畑区","高峰"],"8040003":[40,"北九州市戸畑区","中原新町"],"8040084":[40,"北九州市戸畑区","幸町"],"8040067":[40,"北九州市戸畑区","汐井町"],"8040001":[40,"北九州市戸畑区","飛幡町"],"8040066":[40,"北九州市戸畑区","初音町"],"8040044":[40,"北九州市戸畑区","菅原"],"8040081":[40,"北九州市戸畑区","千防"],"8040002":[40,"北九州市戸畑区","中原"],"8040012":[40,"北九州市戸畑区","中原東"],"8040074":[40,"北九州市戸畑区","南鳥旗町"],"8040032":[40,"北九州市戸畑区","西大谷"],"8040042":[40,"北九州市戸畑区","夜宮"],"8040093":[40,"北九州市戸畑区","沢見"],"8040004":[40,"北九州市戸畑区","戸畑"],"8040033":[40,"北九州市戸畑区","椎ノ木町"],"8040025":[40,"北九州市戸畑区","福柳木"],"8040091":[40,"北九州市戸畑区","三六町"],"8040063":[40,"北九州市戸畑区","正津町"],"8040013":[40,"北九州市戸畑区","境川"],"8040031":[40,"北九州市戸畑区","東大谷"],"8040000":[40,"北九州市戸畑区",""],"8040092":[40,"北九州市戸畑区","小芝"],"8040024":[40,"北九州市戸畑区","西鞘ケ谷町"],"8040082":[40,"北九州市戸畑区","新池"],"8040076":[40,"北九州市戸畑区","銀座"],"8040083":[40,"北九州市戸畑区","旭町"],"8040094":[40,"北九州市戸畑区","天神"],"8040023":[40,"北九州市戸畑区","東鞘ケ谷町"],"8040052":[40,"北九州市戸畑区","丸町"],"8040062":[40,"北九州市戸畑区","浅生"]}
