{"8341203":[40,"八女市","黒木町北木屋"],"8340032":[40,"八女市","宮野"],"8340122":[40,"八女郡広川町","一條"],"8340104":[40,"八女郡広川町","吉常"],"8340045":[40,"八女市","平"],"8341215":[40,"八女市","黒木町湯辺田"],"8340033":[40,"八女市","柳瀬"],"8340111":[40,"八女郡広川町","日吉"],"8340011":[40,"八女市","長野"],"8340112":[40,"八女郡広川町","久泉"],"8340041":[40,"八女市","緒玉"],"8340084":[40,"八女市","立花町白木"],"8341214":[40,"八女市","黒木町田本"],"8341101":[40,"八女市","上陽町上横山"],"8340121":[40,"八女郡広川町","広川"],"8340103":[40,"八女郡広川町","六田"],"8341216":[40,"八女市","黒木町桑原"],"8340021":[40,"八女市","北田形"],"8340002":[40,"八女市","黒土"],"8340031":[40,"八女市","本町"],"8340067":[40,"八女市","龍ケ原"],"8340085":[40,"八女市","立花町北山"],"8340005":[40,"八女市","大島"],"8340012":[40,"八女市","山内"],"8340044":[40,"八女市","矢原"],"8340081":[40,"八女市","立花町山崎"],"8340114":[40,"八女郡広川町","太田"],"8341217":[40,"八女市","黒木町黒木"],"8340003":[40,"八女市","平田"],"8341201":[40,"八女市","黒木町北大淵"],"8340066":[40,"八女市","室岡"],"8340071":[40,"八女市","立花町田形"],"8340043":[40,"八女市","光"],"8341213":[40,"八女市","黒木町本分"],"8341205":[40,"八女市","黒木町田代"],"8340026":[40,"八女市","井延"],"8340052":[40,"八女市","新庄"],"8340065":[40,"八女市","亀甲"],"8341222":[40,"八女市","黒木町笠原"],"8340083":[40,"八女市","立花町上辺春"],"8340113":[40,"八女郡広川町","川上"],"8340054":[40,"八女市","前古賀"],"8340061":[40,"八女市","今福"],"8340014":[40,"八女市","忠見"],"8340024":[40,"八女市","津江"],"8340201":[40,"八女市","星野村"],"8340013":[40,"八女市","大籠"],"8340072":[40,"八女市","立花町遠久谷"],"8340063":[40,"八女市","本村"],"8341204":[40,"八女市","黒木町木屋"],"8340016":[40,"八女市","豊福"],"8340055":[40,"八女市","鵜池"],"8341221":[40,"八女市","黒木町今"],"8341103":[40,"八女市","上陽町久木原"],"8340074":[40,"八女市","立花町谷川"],"8340001":[40,"八女市","宅間田"],"8341212":[40,"八女市","黒木町鹿子生"],"8340046":[40,"八女市","国武"],"8340023":[40,"八女市","馬場"],"8340006":[40,"八女市","吉田"],"8341211":[40,"八女市","黒木町土窪"],"8340123":[40,"八女郡広川町","藤田"],"8340101":[40,"八女郡広川町","小椎尾"],"8340053":[40,"八女市","川犬"],"8340075":[40,"八女市","立花町原島"],"8340051":[40,"八女市","立野"],"8340115":[40,"八女郡広川町","新代"],"8340004":[40,"八女市","納楚"],"8340034":[40,"八女市","高塚"],"8340062":[40,"八女市","岩崎"],"8340000":[40,"八女市",""],"8341102":[40,"八女市","上陽町北川内"],"8340073":[40,"八女市","立花町下辺春"],"8340102":[40,"八女郡広川町","水原"],"8341402":[40,"八女市","矢部村矢部"],"8340015":[40,"八女市","本"],"8340082":[40,"八女市","立花町兼松"],"8340064":[40,"八女市","蒲原"],"8341202":[40,"八女市","黒木町大淵"],"8340100":[40,"八女郡広川町",""],"8340025":[40,"八女市","祈祷院"],"8340105":[40,"八女郡広川町","長延"],"8340047":[40,"八女市","稲富"],"8340042":[40,"八女市","酒井田"],"8341104":[40,"八女市","上陽町下横山"],"8340022":[40,"八女市","柳島"],"8341401":[40,"八女市","矢部村北矢部"]}
