{"5941136":[27,"和泉市","仏並町"],"5941112":[27,"和泉市","三林町"],"5941152":[27,"和泉市","まなび野"],"5941113":[27,"和泉市","黒石町"],"5941106":[27,"和泉市","はつが野"],"5941144":[27,"和泉市","テクノステージ"],"5941142":[27,"和泉市","久井町"],"5940063":[27,"和泉市","今福町"],"5940004":[27,"和泉市","王子町"],"5941111":[27,"和泉市","光明台"],"5941102":[27,"和泉市","和田町"],"5940071":[27,"和泉市","府中町"],"5941122":[27,"和泉市","北田中町"],"5941128":[27,"和泉市","岡町"],"5940082":[27,"和泉市","富秋町"],"5940065":[27,"和泉市","観音寺町"],"5941155":[27,"和泉市","緑ケ丘"],"5941115":[27,"和泉市","平井町"],"5941104":[27,"和泉市","万町"],"5940062":[27,"和泉市","寺田町"],"5940073":[27,"和泉市","和気町"],"5941151":[27,"和泉市","唐国町"],"5940066":[27,"和泉市","桑原町"],"5941125":[27,"和泉市","善正町"],"5940074":[27,"和泉市","小田町"],"5941117":[27,"和泉市","鍛治屋町"],"5940072":[27,"和泉市","井ノ口町"],"5940002":[27,"和泉市","上町"],"5940022":[27,"和泉市","黒鳥町"],"5941141":[27,"和泉市","春木町"],"5941134":[27,"和泉市","大野町"],"5940083":[27,"和泉市","池上町"],"5941105":[27,"和泉市","のぞみ野"],"5940023":[27,"和泉市","伯太町"],"5941114":[27,"和泉市","国分町"],"5940021":[27,"和泉市","山荘町"],"5941126":[27,"和泉市","九鬼町"],"5941133":[27,"和泉市","春木川町"],"5941135":[27,"和泉市","坪井町"],"5941127":[27,"和泉市","小野田町"],"5940000":[27,"和泉市",""],"5940076":[27,"和泉市","肥子町"],"5940075":[27,"和泉市","繁和町"],"5940011":[27,"和泉市","上代町"],"5941131":[27,"和泉市","槇尾山町"],"5940054":[27,"和泉市","一条院町"],"5940061":[27,"和泉市","弥生町"],"5941121":[27,"和泉市","下宮町"],"5940041":[27,"和泉市","いぶき野"],"5941132":[27,"和泉市","父鬼町"],"5941116":[27,"和泉市","納花町"],"5940053":[27,"和泉市","芦部町"],"5941143":[27,"和泉市","若樫町"],"5941156":[27,"和泉市","内田町"],"5941103":[27,"和泉市","浦田町"],"5940051":[27,"和泉市","東阪本町"],"5940032":[27,"和泉市","池田下町"],"5940064":[27,"和泉市","寺門町"],"5941157":[27,"和泉市","あゆみ野"],"5941101":[27,"和泉市","室堂町"],"5941118":[27,"和泉市","みずき台"],"5940042":[27,"和泉市","箕形町"],"5940003":[27,"和泉市","太町"],"5940013":[27,"和泉市","鶴山台"],"5941123":[27,"和泉市","福瀬町"],"5941153":[27,"和泉市","青葉台"],"5940012":[27,"和泉市","小野町"],"5940031":[27,"和泉市","伏屋町"],"5940001":[27,"和泉市","舞町"],"5940006":[27,"和泉市","尾井町"],"5941124":[27,"和泉市","南面利町"],"5940052":[27,"和泉市","阪本町"],"5940005":[27,"和泉市","幸"],"5941154":[27,"和泉市","松尾寺町"],"5940081":[27,"和泉市","葛の葉町"]}
