{"5380041":[27,"大阪市鶴見区","今津北"],"5380035":[27,"大阪市鶴見区","浜"],"5380052":[27,"大阪市鶴見区","横堤"],"5380036":[27,"大阪市鶴見区","緑地公園"],"5380033":[27,"大阪市鶴見区","中茶屋"],"5380032":[27,"大阪市鶴見区","安田"],"5380053":[27,"大阪市鶴見区","鶴見"],"5380042":[27,"大阪市鶴見区","今津中"],"5380044":[27,"大阪市鶴見区","放出東"],"5380000":[27,"大阪市鶴見区",""],"5380031":[27,"大阪市鶴見区","茨田大宮"],"5380054":[27,"大阪市鶴見区","緑"],"5380034":[27,"大阪市鶴見区","徳庵"],"5380043":[27,"大阪市鶴見区","今津南"],"5380037":[27,"大阪市鶴見区","焼野"],"5380051":[27,"大阪市鶴見区","諸口"]}
