{"8360035":[40,"大牟田市","千代町"],"8360063":[40,"大牟田市","入船町"],"8360062":[40,"大牟田市","西港町"],"8360812":[40,"大牟田市","亀甲町"],"8360892":[40,"大牟田市","早鐘町"],"8360073":[40,"大牟田市","船津町"],"8360091":[40,"大牟田市","沖田町"],"8360883":[40,"大牟田市","馬渡町"],"8360017":[40,"大牟田市","新開町"],"8360865":[40,"大牟田市","七浦町"],"8360853":[40,"大牟田市","上町"],"8360867":[40,"大牟田市","花園町"],"8360054":[40,"大牟田市","天領町"],"8360885":[40,"大牟田市","下池町"],"8360086":[40,"大牟田市","馬込町"],"8360025":[40,"大牟田市","中友町"],"8360096":[40,"大牟田市","萩尾町"],"8360015":[40,"大牟田市","天神町"],"8360846":[40,"大牟田市","右京町"],"8360032":[40,"大牟田市","新地町"],"8360057":[40,"大牟田市","汐屋町"],"8360084":[40,"大牟田市","馬場町"],"8360876":[40,"大牟田市","若宮町"],"8360021":[40,"大牟田市","浜町"],"8360082":[40,"大牟田市","片平町"],"8360043":[40,"大牟田市","橋口町"],"8360831":[40,"大牟田市","泉町"],"8360861":[40,"大牟田市","宝坂町"],"8360094":[40,"大牟田市","臼井町"],"8360816":[40,"大牟田市","八本町"],"8360067":[40,"大牟田市","四山町"],"8360041":[40,"大牟田市","新栄町"],"8360844":[40,"大牟田市","浄真町"],"8360881":[40,"大牟田市","米生町"],"8360827":[40,"大牟田市","東宮浦町"],"8360071":[40,"大牟田市","加納町"],"8360013":[40,"大牟田市","中町"],"8360024":[40,"大牟田市","住吉町"],"8360835":[40,"大牟田市","西宮浦町"],"8360046":[40,"大牟田市","本町"],"8360871":[40,"大牟田市","昭和町"],"8360842":[40,"大牟田市","有明町"],"8360065":[40,"大牟田市","三川町"],"8360882":[40,"大牟田市","臼井新町"],"8360855":[40,"大牟田市","松浦町"],"8360005":[40,"大牟田市","椿黒町"],"8360002":[40,"大牟田市","岬"],"8360031":[40,"大牟田市","西新町"],"8360821":[40,"大牟田市","東泉町"],"8360016":[40,"大牟田市","北磯町"],"8360864":[40,"大牟田市","真道寺町"],"8360872":[40,"大牟田市","黄金町"],"8360051":[40,"大牟田市","諏訪町"],"8360896":[40,"大牟田市","天道町"],"8360011":[40,"大牟田市","健老町"],"8360076":[40,"大牟田市","三里町"],"8360004":[40,"大牟田市","手鎌"],"8360857":[40,"大牟田市","宮山町"],"8360806":[40,"大牟田市","東新町"],"8360836":[40,"大牟田市","左古町"],"8360033":[40,"大牟田市","松原町"],"8360826":[40,"大牟田市","焼石町"],"8360055":[40,"大牟田市","樋口町"],"8360834":[40,"大牟田市","一本町"],"8360037":[40,"大牟田市","岬町"],"8360801":[40,"大牟田市","柿園町"],"8360894":[40,"大牟田市","教楽来"],"8360862":[40,"大牟田市","原山町"],"8360815":[40,"大牟田市","瓦町"],"8360854":[40,"大牟田市","出雲町"],"8360000":[40,"大牟田市",""],"8360874":[40,"大牟田市","末広町"],"8360087":[40,"大牟田市","飯田町"],"8360832":[40,"大牟田市","常盤町"],"8360093":[40,"大牟田市","神田町"],"8360884":[40,"大牟田市","笹原町"],"8360807":[40,"大牟田市","旭町"],"8360852":[40,"大牟田市","曙町"],"8360007":[40,"大牟田市","城町"],"8360823":[40,"大牟田市","亀谷町"],"8360845":[40,"大牟田市","正山町"],"8360814":[40,"大牟田市","龍湖瀬町"],"8360001":[40,"大牟田市","昭和開"],"8360813":[40,"大牟田市","平原町"],"8360042":[40,"大牟田市","栄町"],"8360012":[40,"大牟田市","明治町"],"8360036":[40,"大牟田市","小川町"],"8360817":[40,"大牟田市","浅牟田町"],"8360804":[40,"大牟田市","長溝町"],"8360843":[40,"大牟田市","不知火町"],"8360064":[40,"大牟田市","高砂町"],"8360085":[40,"大牟田市","一部町"],"8360061":[40,"大牟田市","新港町"],"8360097":[40,"大牟田市","東萩尾町"],"8360083":[40,"大牟田市","長田町"],"8360891":[40,"大牟田市","合成町"],"8360877":[40,"大牟田市","延命寺町"],"8360053":[40,"大牟田市","山下町"],"8360893":[40,"大牟田市","櫟野"],"8360833":[40,"大牟田市","山上町"],"8360081":[40,"大牟田市","田端町"],"8360825":[40,"大牟田市","三坑町"],"8360034":[40,"大牟田市","小浜町"],"8360095":[40,"大牟田市","野添町"],"8360045":[40,"大牟田市","久保田町"],"8360077":[40,"大牟田市","早米来町"],"8360003":[40,"大牟田市","唐船"],"8360014":[40,"大牟田市","恵比須町"],"8360066":[40,"大牟田市","浪花町"],"8360847":[40,"大牟田市","八江町"],"8360052":[40,"大牟田市","白金町"],"8360047":[40,"大牟田市","大正町"],"8360044":[40,"大牟田市","古町"],"8360023":[40,"大牟田市","中島町"],"8360866":[40,"大牟田市","上官町"],"8360075":[40,"大牟田市","南船津町"],"8360072":[40,"大牟田市","上屋敷町"],"8360803":[40,"大牟田市","鳥塚町"],"8360027":[40,"大牟田市","西浜田町"],"8360074":[40,"大牟田市","藤田町"],"8360851":[40,"大牟田市","笹林町"],"8360056":[40,"大牟田市","姫島町"],"8360006":[40,"大牟田市","大黒町"],"8360856":[40,"大牟田市","宮坂町"],"8360802":[40,"大牟田市","日出町"],"8360897":[40,"大牟田市","青葉町"],"8360092":[40,"大牟田市","桜町"],"8360022":[40,"大牟田市","港町"],"8360837":[40,"大牟田市","谷町"],"8360895":[40,"大牟田市","新勝立町"],"8360811":[40,"大牟田市","八尻町"],"8360805":[40,"大牟田市","通町"],"8360026":[40,"大牟田市","浜田町"],"8360822":[40,"大牟田市","稲荷町"],"8360863":[40,"大牟田市","一浦町"],"8360873":[40,"大牟田市","駛馬町"],"8360875":[40,"大牟田市","宮原町"],"8360886":[40,"大牟田市","勝立"],"8360841":[40,"大牟田市","築町"],"8360824":[40,"大牟田市","大浦町"]}
