{"1340085":[13,"江戸川区","南葛西"],"1340091":[13,"江戸川区","船堀"],"1340092":[13,"江戸川区","一之江町"],"1340003":[13,"江戸川区","春江町"],"1340084":[13,"江戸川区","東葛西"],"1340087":[13,"江戸川区","清新町"],"1340013":[13,"江戸川区","江戸川"],"1340081":[13,"江戸川区","北葛西"],"1340083":[13,"江戸川区","中葛西"],"1340093":[13,"江戸川区","二之江町"],"1340082":[13,"江戸川区","宇喜田町"],"1340088":[13,"江戸川区","西葛西"],"1340015":[13,"江戸川区","西瑞江"],"1340086":[13,"江戸川区","臨海町"]}
