{"7540511":[35,"美祢市","秋芳町秋吉"],"7540896":[35,"山口市","江崎"],"7540893":[35,"山口市","秋穂二島"],"7540004":[35,"山口市","小郡金堀町"],"7540121":[35,"美祢市","美東町長田"],"7540002":[35,"山口市","小郡下郷"],"7540005":[35,"山口市","小郡山手上町"],"7540211":[35,"美祢市","美東町大田"],"7540022":[35,"山口市","小郡花園町"],"7540033":[35,"山口市","小郡光が丘"],"7540001":[35,"山口市","小郡上郷"],"7540008":[35,"山口市","小郡円座西町"],"7540012":[35,"山口市","小郡船倉町"],"7541311":[35,"宇部市","小野"],"7540512":[35,"美祢市","秋芳町岩永本郷"],"7540026":[35,"山口市","小郡栄町"],"7540015":[35,"山口市","小郡大江町"],"7540006":[35,"山口市","小郡尾崎町"],"7540014":[35,"山口市","小郡高砂町"],"7540602":[35,"美祢市","秋芳町青景"],"7540895":[35,"山口市","深溝"],"7540013":[35,"山口市","小郡緑町"],"7540891":[35,"山口市","陶"],"7541312":[35,"宇部市","棯小野"],"7541315":[35,"宇部市","如意寺"],"7540214":[35,"美祢市","美東町"],"7540029":[35,"山口市","小郡維新町"],"7540411":[35,"萩市","明木"],"7540603":[35,"美祢市","秋芳町別府"],"7540031":[35,"山口市","小郡新町"],"7540601":[35,"美祢市","秋芳町嘉万"],"7540027":[35,"山口市","小郡三軒屋町"],"7541102":[35,"山口市","秋穂西"],"7540024":[35,"山口市","小郡若草町"],"7540514":[35,"美祢市","秋芳町"],"7540011":[35,"山口市","小郡御幸町"],"7540513":[35,"美祢市","秋芳町岩永下郷"],"7540212":[35,"美祢市","美東町綾木"],"7540897":[35,"山口市","嘉川"],"7540123":[35,"美祢市","美東町小野"],"7541101":[35,"山口市","秋穂東"],"7540025":[35,"山口市","小郡平砂町"],"7540007":[35,"山口市","小郡円座東町"],"7540020":[35,"山口市","小郡平成町"],"7541313":[35,"宇部市","藤河内"],"7540213":[35,"美祢市","美東町長登"],"7540021":[35,"山口市","小郡黄金町"],"7541277":[35,"山口市","阿知須"],"7540028":[35,"山口市","小郡給領町"],"7541314":[35,"宇部市","櫟原"],"7540301":[35,"美祢市","美東町絵堂"],"7540023":[35,"山口市","小郡前田町"],"7540894":[35,"山口市","佐山"],"7540302":[35,"美祢市","美東町赤"],"7540122":[35,"美祢市","美東町真名"],"7540003":[35,"山口市","小郡真名"],"7540032":[35,"山口市","小郡みらい町"],"7540892":[35,"山口市","名田島"]}
