{"7891936":[39,"幡多郡黒潮町","御坊畑"],"7891216":[39,"高岡郡佐川町","庄田"],"7890171":[39,"長岡郡大豊町","大滝"],"7890159":[39,"長岡郡大豊町","西峰"],"7890584":[39,"香美市","土佐山田町北滝本"],"7891224":[39,"高岡郡佐川町","古畑耕"],"7890168":[39,"長岡郡大豊町","立野"],"7890165":[39,"長岡郡大豊町","西川"],"7891711":[39,"幡多郡黒潮町","市野々川"],"7891301":[39,"高岡郡中土佐町","久礼"],"7891231":[39,"高岡郡佐川町","永野"],"7891721":[39,"幡多郡黒潮町","佐賀"],"7890582":[39,"香美市","土佐山田町角茂谷"],"7891932":[39,"幡多郡黒潮町","下田の口"],"7891900":[39,"幡多郡黒潮町",""],"7891701":[39,"幡多郡黒潮町","市野瀬"],"7890172":[39,"長岡郡大豊町","川井"],"7891716":[39,"幡多郡黒潮町","熊野浦"],"7891911":[39,"幡多郡黒潮町","浮鞭"],"7891931":[39,"幡多郡黒潮町","入野"],"7890247":[39,"長岡郡大豊町","大砂子"],"7890252":[39,"長岡郡大豊町","上東"],"7890302":[39,"長岡郡大豊町","葛原"],"7890233":[39,"長岡郡大豊町","磯谷"],"7890427":[39,"長岡郡大豊町","立川下名"],"7890157":[39,"長岡郡大豊町","筏木"],"7891416":[39,"高岡郡中土佐町","大野見下ル川"],"7891707":[39,"幡多郡黒潮町","中ノ川"],"7890322":[39,"長岡郡大豊町","戸手野"],"7890167":[39,"長岡郡大豊町","粟生"],"7890304":[39,"長岡郡大豊町","谷"],"7890158":[39,"長岡郡大豊町","岩原"],"7890242":[39,"長岡郡大豊町","連火"],"7891912":[39,"幡多郡黒潮町","口湊川"],"7891925":[39,"幡多郡黒潮町","大方橘川"],"7890307":[39,"長岡郡大豊町","穴内"],"7891214":[39,"高岡郡佐川町","中野"],"7890156":[39,"長岡郡大豊町","八川"],"7891934":[39,"幡多郡黒潮町","出口"],"7891202":[39,"高岡郡佐川町","乙"],"7891203":[39,"高岡郡佐川町","丙"],"7891407":[39,"高岡郡中土佐町","大野見三ツ又"],"7890305":[39,"長岡郡大豊町","式岩"],"7890313":[39,"長岡郡大豊町","川口南"],"7890160":[39,"長岡郡大豊町","西峰"],"7890316":[39,"長岡郡大豊町","小川"],"7890245":[39,"長岡郡大豊町","永淵"],"7891411":[39,"高岡郡中土佐町","大野見野老野"],"7891409":[39,"高岡郡中土佐町","大野見竹原"],"7891723":[39,"幡多郡黒潮町","佐賀"],"7891703":[39,"幡多郡黒潮町","拳ノ川"],"7890174":[39,"長岡郡大豊町","中内"],"7891905":[39,"幡多郡黒潮町","灘"],"7891233":[39,"高岡郡佐川町","中組"],"7890585":[39,"香美市","土佐山田町繁藤"],"7891402":[39,"高岡郡中土佐町","大野見橋谷"],"7891413":[39,"高岡郡中土佐町","大野見荒瀬"],"7891720":[39,"幡多郡黒潮町","佐賀"],"7890163":[39,"長岡郡大豊町","南大王"],"7890236":[39,"長岡郡大豊町","和田"],"7891222":[39,"高岡郡佐川町","西山組"],"7891404":[39,"高岡郡中土佐町","大野見奈路"],"7891205":[39,"高岡郡佐川町","室原"],"7891212":[39,"高岡郡佐川町","四ツ白"],"7890244":[39,"長岡郡大豊町","桃原"],"7890587":[39,"香美市","土佐山田町上穴内"],"7891922":[39,"幡多郡黒潮町","加持川"],"7891418":[39,"高岡郡中土佐町","大野見大股"],"7891901":[39,"幡多郡黒潮町","上川口"],"7890586":[39,"香美市","土佐山田町樫谷"],"7891200":[39,"高岡郡佐川町",""],"7890254":[39,"長岡郡大豊町","西土居"],"7890583":[39,"香美市","土佐山田町平山"],"7891235":[39,"高岡郡佐川町","川ノ内組"],"7891406":[39,"高岡郡中土佐町","大野見槇野々"],"7891232":[39,"高岡郡佐川町","東組"],"7891725":[39,"幡多郡黒潮町","白浜"],"7891217":[39,"高岡郡佐川町","大田川"],"7891705":[39,"幡多郡黒潮町","荷稲"],"7891215":[39,"高岡郡佐川町","瑞応"],"7891903":[39,"幡多郡黒潮町","有井川"],"7891702":[39,"幡多郡黒潮町","佐賀橘川"],"7891913":[39,"幡多郡黒潮町","奥湊川"],"7890166":[39,"長岡郡大豊町","東土居"],"7891223":[39,"高岡郡佐川町","西山耕"],"7891722":[39,"幡多郡黒潮町","佐賀"],"7890232":[39,"長岡郡大豊町","梶ケ内"],"7890248":[39,"長岡郡大豊町","大久保"],"7891713":[39,"幡多郡黒潮町","伊与喜"],"7890325":[39,"長岡郡大豊町","北川"],"7890314":[39,"長岡郡大豊町","日浦"],"7891225":[39,"高岡郡佐川町","峰耕"],"7890255":[39,"長岡郡大豊町","佐賀山"],"7890170":[39,"長岡郡大豊町","大滝"],"7891303":[39,"高岡郡中土佐町","矢井賀甲"],"7890321":[39,"長岡郡大豊町","角茂谷"],"7890169":[39,"長岡郡大豊町","大平"],"7891415":[39,"高岡郡中土佐町","大野見寺野"],"7891708":[39,"幡多郡黒潮町","鈴"],"7891933":[39,"幡多郡黒潮町","田野浦"],"7891410":[39,"高岡郡中土佐町","大野見栂ノ川"],"7891401":[39,"高岡郡中土佐町","大野見吉野"],"7891724":[39,"幡多郡黒潮町","佐賀"],"7891408":[39,"高岡郡中土佐町","大野見長野"],"7891715":[39,"幡多郡黒潮町","熊井"],"7890173":[39,"長岡郡大豊町","大平"],"7891302":[39,"高岡郡中土佐町","上ノ加江"],"7890324":[39,"長岡郡大豊町","久寿軒"],"7890250":[39,"長岡郡大豊町","黒石"],"7890253":[39,"長岡郡大豊町","安野々"],"7890301":[39,"長岡郡大豊町","津家"],"7890241":[39,"長岡郡大豊町","川戸"],"7891412":[39,"高岡郡中土佐町","大野見川奥"],"7891924":[39,"幡多郡黒潮町","馬荷"],"7891904":[39,"幡多郡黒潮町","伊田"],"7890428":[39,"長岡郡大豊町","葛原"],"7891213":[39,"高岡郡佐川町","二ツ野"],"7890246":[39,"長岡郡大豊町","柳野"],"7890426":[39,"長岡郡大豊町","立川上名"],"7890312":[39,"長岡郡大豊町","高須"],"7890581":[39,"香美市","土佐山田町西又"],"7890237":[39,"長岡郡大豊町","庵谷"],"7891714":[39,"幡多郡黒潮町","藤縄"],"7890323":[39,"長岡郡大豊町","馬瀬"],"7891234":[39,"高岡郡佐川町","西組"],"7891300":[39,"高岡郡中土佐町",""],"7891403":[39,"高岡郡中土佐町","大野見久万秋"],"7890231":[39,"長岡郡大豊町","奥大田"],"7891704":[39,"幡多郡黒潮町","川奥"],"7891204":[39,"高岡郡佐川町","加茂"],"7890315":[39,"長岡郡大豊町","中村大王"],"7891935":[39,"幡多郡黒潮町","上田の口"],"7890306":[39,"長岡郡大豊町","尾生"],"7890303":[39,"長岡郡大豊町","川口"],"7891405":[39,"高岡郡中土佐町","大野見伊勢川"],"7890251":[39,"長岡郡大豊町","中屋"],"7891417":[39,"高岡郡中土佐町","大野見萩中"],"7891414":[39,"高岡郡中土佐町","大野見神母野"],"7891221":[39,"高岡郡佐川町","本郷耕"],"7890161":[39,"長岡郡大豊町","柚木"],"7890235":[39,"長岡郡大豊町","船戸"],"7891211":[39,"高岡郡佐川町","黒原"],"7891201":[39,"高岡郡佐川町","甲"],"7891706":[39,"幡多郡黒潮町","小黒ノ川"],"7891712":[39,"幡多郡黒潮町","不破原"],"7890162":[39,"長岡郡大豊町","怒田"],"7890164":[39,"長岡郡大豊町","八畝"],"7890311":[39,"長岡郡大豊町","杉"],"7891921":[39,"幡多郡黒潮町","加持"],"7890243":[39,"長岡郡大豊町","西久保"],"7891419":[39,"高岡郡中土佐町","大野見島ノ川"],"7891304":[39,"高岡郡中土佐町","矢井賀乙"],"7890234":[39,"長岡郡大豊町","寺内"],"7891218":[39,"高岡郡佐川町","平野"],"7891923":[39,"幡多郡黒潮町","大井川"],"7891902":[39,"幡多郡黒潮町","蜷川"],"7890300":[39,"長岡郡大豊町",""]}
