{"7200825":[34,"福山市","沖野上町"],"7200067":[34,"福山市","西町"],"7200033":[34,"福山市","旭町"],"7201601":[34,"神石郡神石高原町","大矢"],"7202117":[34,"福山市","神辺町下御領"],"7202115":[34,"福山市","神辺町下竹田"],"7200543":[34,"福山市","藤江町"],"7200839":[34,"福山市","東明王台"],"7200053":[34,"福山市","大黒町"],"7200403":[34,"福山市","沼隈町下山南"],"7201133":[34,"福山市","駅家町近田"],"7200004":[34,"福山市","御幸町中津原"],"7200832":[34,"福山市","水呑町"],"7200541":[34,"福山市","金江町金見"],"7202414":[34,"福山市","加茂町百谷"],"7202522":[34,"福山市","駅家町服部永谷"],"7201146":[34,"福山市","駅家町大橋"],"7202417":[34,"福山市","加茂町芦原"],"7200818":[34,"福山市","西桜町"],"7200809":[34,"福山市","住吉町"],"7200077":[34,"福山市","南本庄"],"7201144":[34,"福山市","駅家町坊寺"],"7202125":[34,"福山市","神辺町新徳田"],"7200021":[34,"福山市","緑陽町"],"7201621":[34,"神石郡神石高原町","李"],"7202524":[34,"福山市","駅家町助元"],"7200031":[34,"福山市","三吉町"],"7200045":[34,"福山市","宝町"],"7200062":[34,"福山市","伏見町"],"7201524":[34,"神石郡神石高原町","常光"],"7200841":[34,"福山市","津之郷町津之郷"],"7202106":[34,"福山市","神辺町十九軒屋"],"7200017":[34,"福山市","千田町"],"7202121":[34,"福山市","神辺町湯野"],"7202410":[34,"福山市","加茂町八軒屋"],"7200051":[34,"福山市","桜馬場町"],"7202419":[34,"福山市","加茂町上加茂"],"7200014":[34,"福山市","千田町薮路"],"7200313":[34,"福山市","沼隈町常石"],"7201262":[34,"福山市","芦田町下有地"],"7200401":[34,"福山市","沼隈町上山南"],"7200834":[34,"福山市","明王台"],"7202123":[34,"福山市","神辺町川北"],"7202104":[34,"福山市","神辺町道上"],"7201702":[34,"神石郡神石高原町","上豊松"],"7202416":[34,"福山市","加茂町粟根"],"7200838":[34,"福山市","瀬戸町山北"],"7200845":[34,"福山市","芦田町福田"],"7201412":[34,"神石郡神石高原町","光末"],"7200806":[34,"福山市","南町"],"7200836":[34,"福山市","瀬戸町長和"],"7201414":[34,"神石郡神石高原町","桑木"],"7200824":[34,"福山市","多治米町"],"7200082":[34,"福山市","木之庄町"],"7200843":[34,"福山市","赤坂町赤坂"],"7200061":[34,"福山市","丸之内"],"7200073":[34,"福山市","北吉津町"],"7200815":[34,"福山市","野上町"],"7202113":[34,"福山市","神辺町旭丘"],"7201141":[34,"福山市","駅家町江良"],"7200204":[34,"福山市","走島町"],"7201525":[34,"神石郡神石高原町","上"],"7200083":[34,"福山市","久松台"],"7202412":[34,"福山市","加茂町下加茂"],"7202415":[34,"福山市","加茂町北山"],"7202601":[34,"福山市","山野町矢川"],"7200046":[34,"福山市","今町"],"7200015":[34,"福山市","千田町坂田"],"7201132":[34,"福山市","駅家町倉光"],"7200814":[34,"福山市","光南町"],"7201624":[34,"神石郡神石高原町","上野"],"7200054":[34,"福山市","城見町"],"7202102":[34,"福山市","神辺町東中条"],"7200063":[34,"福山市","元町"],"7201147":[34,"福山市","駅家町向永谷"],"7201145":[34,"福山市","駅家町今岡"],"7200071":[34,"福山市","東吉津町"],"7200803":[34,"福山市","花園町"],"7200056":[34,"福山市","本町"],"7201410":[34,"神石郡神石高原町","高蓋"],"7201811":[34,"神石郡神石高原町","安田"],"7200311":[34,"福山市","沼隈町草深"],"7200081":[34,"福山市","向陽町"],"7200025":[34,"福山市","清水ケ丘"],"7200801":[34,"福山市","入船町"],"7200043":[34,"福山市","船町"],"7200808":[34,"福山市","昭和町"],"7200812":[34,"福山市","霞町"],"7201622":[34,"神石郡神石高原町","近田"],"7201263":[34,"福山市","芦田町柞磨"],"7200075":[34,"福山市","長者町"],"7200041":[34,"福山市","寺町"],"7200066":[34,"福山市","三之丸町"],"7200001":[34,"福山市","御幸町上岩成"],"7201521":[34,"神石郡神石高原町","阿下"],"7200817":[34,"福山市","古野上町"],"7202126":[34,"福山市","神辺町徳田"],"7201416":[34,"神石郡神石高原町","木津和"],"7200064":[34,"福山市","延広町"],"7200821":[34,"福山市","東川口町"],"7201134":[34,"福山市","駅家町中島"],"7202103":[34,"福山市","神辺町西中条"],"7201523":[34,"神石郡神石高原町","亀石"],"7201703":[34,"神石郡神石高原町","笹尾"],"7200032":[34,"福山市","三吉町南"],"7200092":[34,"福山市","山手町"],"7200805":[34,"福山市","御門町"],"7200044":[34,"福山市","笠岡町"],"7202127":[34,"福山市","神辺町箱田"],"7200016":[34,"福山市","千田町坂田北"],"7201902":[34,"神石郡神石高原町","新免"],"7200831":[34,"福山市","草戸町"],"7202107":[34,"福山市","神辺町新道上"],"7200013":[34,"福山市","千田町千田"],"7201604":[34,"神石郡神石高原町","坂瀬川"],"7200003":[34,"福山市","御幸町森脇"],"7202124":[34,"福山市","神辺町川南"],"7200011":[34,"福山市","横尾町"],"7202602":[34,"福山市","山野町山野"],"7202122":[34,"福山市","神辺町新湯野"],"7200034":[34,"福山市","若松町"],"7200837":[34,"福山市","瀬戸町地頭分"],"7200023":[34,"福山市","北美台"],"7200402":[34,"福山市","沼隈町中山南"],"7200202":[34,"福山市","鞆町後地"],"7200833":[34,"福山市","水呑向丘"],"7202525":[34,"福山市","駅家町雨木"],"7202105":[34,"福山市","神辺町十三軒屋"],"7201411":[34,"神石郡神石高原町","光信"],"7201901":[34,"神石郡神石高原町","小野"],"7200312":[34,"福山市","沼隈町能登原"],"7201413":[34,"神石郡神石高原町","父木野"],"7201705":[34,"神石郡神石高原町","中平"],"7200835":[34,"福山市","佐波町"],"7200842":[34,"福山市","津之郷町加屋"],"7202413":[34,"福山市","駅家町法成寺"],"7200816":[34,"福山市","地吹町"],"7200844":[34,"福山市","赤坂町早戸"],"7201603":[34,"神石郡神石高原町","時安"],"7201264":[34,"福山市","芦田町福田"],"7201143":[34,"福山市","駅家町下山守"],"7200065":[34,"福山市","東桜町"],"7201142":[34,"福山市","駅家町上山守"],"7200823":[34,"福山市","千代田町"],"7201701":[34,"神石郡神石高原町","有木"],"7200203":[34,"福山市","田尻町"],"7200074":[34,"福山市","北本庄"],"7200802":[34,"福山市","松浜町"],"7200201":[34,"福山市","鞆町鞆"],"7200813":[34,"福山市","道三町"],"7201135":[34,"福山市","駅家町弥生ケ丘"],"7200052":[34,"福山市","東町"],"7201131":[34,"福山市","駅家町万能倉"],"7200022":[34,"福山市","奈良津町"],"7201261":[34,"福山市","芦田町上有地"],"7202112":[34,"福山市","神辺町八尋"],"7200072":[34,"福山市","吉津町"],"7200411":[34,"福山市","熊野町"],"7201415":[34,"神石郡神石高原町","階見"],"7201704":[34,"神石郡神石高原町","下豊松"],"7202108":[34,"福山市","神辺町新十九"],"7200822":[34,"福山市","川口町"],"7202114":[34,"福山市","神辺町上竹田"],"7200542":[34,"福山市","金江町藁江"],"7200807":[34,"福山市","明治町"],"7200091":[34,"福山市","神島町"],"7202523":[34,"福山市","駅家町新山"],"7200042":[34,"福山市","御船町"],"7200551":[34,"尾道市","浦崎町"],"7202521":[34,"福山市","駅家町服部本郷"],"7202116":[34,"福山市","神辺町平野"],"7201812":[34,"神石郡神石高原町","油木"],"7200093":[34,"福山市","郷分町"],"7201522":[34,"神石郡神石高原町","小畠"],"7201265":[34,"福山市","芦田町向陽台"],"7200002":[34,"福山市","御幸町下岩成"],"7202418":[34,"福山市","加茂町中野"],"7201602":[34,"神石郡神石高原町","井関"],"7202101":[34,"福山市","神辺町三谷"],"7200076":[34,"福山市","本庄町中"],"7200804":[34,"福山市","緑町"],"7200811":[34,"福山市","紅葉町"],"7202111":[34,"福山市","神辺町上御領"],"7200055":[34,"福山市","胡町"],"7201800":[34,"神石郡神石高原町",""],"7201623":[34,"神石郡神石高原町","花済"],"7200024":[34,"福山市","高美台"]}
