{"3900864":[20,"松本市","宮渕本村"],"3901513":[20,"松本市","安曇"],"3900836":[20,"松本市","高宮北"],"3901701":[20,"松本市","梓川倭"],"3900828":[20,"松本市","庄内"],"3900306":[20,"松本市","南浅間"],"3900314":[20,"松本市","岡田伊深"],"3900846":[20,"松本市","南原"],"3901103":[20,"東筑摩郡朝日村","針尾"],"3900834":[20,"松本市","高宮中"],"3900313":[20,"松本市","岡田下岡田"],"3901703":[20,"松本市","梓川上野"],"3901702":[20,"松本市","梓川梓"],"3901514":[20,"松本市","安曇"],"3900841":[20,"松本市","渚"],"3900832":[20,"松本市","南松本"],"3900304":[20,"松本市","大村"],"3900835":[20,"松本市","高宮東"],"3900811":[20,"松本市","中央"],"3900826":[20,"松本市","出川町"],"3900861":[20,"松本市","蟻ケ崎"],"3901611":[20,"松本市","奈川"],"3901504":[20,"松本市","安曇"],"3901501":[20,"松本市","安曇"],"3900867":[20,"松本市","蟻ケ崎台"],"3900316":[20,"松本市","原"],"3900805":[20,"松本市","清水"],"3900845":[20,"松本市","石芝"],"3900827":[20,"松本市","出川"],"3900802":[20,"松本市","旭"],"3900305":[20,"松本市","惣社"],"3900852":[20,"松本市","島立"],"3900843":[20,"松本市","高宮南"],"3900803":[20,"松本市","元町"],"3901131":[20,"松本市","今井"],"3900873":[20,"松本市","丸の内"],"3900804":[20,"松本市","横田"],"3900823":[20,"松本市","中山"],"3900863":[20,"松本市","白板"],"3900315":[20,"松本市","岡田町"],"3901100":[20,"東筑摩郡朝日村",""],"3901506":[20,"松本市","安曇"],"3901503":[20,"松本市","安曇"],"3901516":[20,"松本市","安曇"],"3900877":[20,"松本市","沢村"],"3900311":[20,"松本市","水汲"],"3901102":[20,"東筑摩郡朝日村","小野沢"],"3900222":[20,"松本市","入山辺"],"3901101":[20,"東筑摩郡朝日村","西洗馬"],"3900822":[20,"松本市","神田"],"3900815":[20,"松本市","深志"],"3901512":[20,"松本市","安曇"],"3901515":[20,"松本市","安曇"],"3901132":[20,"松本市","空港東"],"3900872":[20,"松本市","北深志"],"3900842":[20,"松本市","征矢野"],"3901520":[20,"松本市","安曇"],"3900817":[20,"松本市","巾上"],"3900317":[20,"松本市","洞"],"3900301":[20,"松本市","稲倉"],"3900302":[20,"松本市","三才山"],"3900824":[20,"松本市","中山台"],"3900851":[20,"松本市","島内"],"3900866":[20,"松本市","城山"],"3900844":[20,"松本市","高宮西"],"3900221":[20,"松本市","里山辺"],"3900871":[20,"松本市","桐"],"3900303":[20,"松本市","浅間温泉"],"3900875":[20,"松本市","城西"],"3900816":[20,"松本市","中条"],"3900312":[20,"松本市","岡田松岡"],"3901511":[20,"松本市","安曇"],"3900847":[20,"松本市","笹部"],"3900874":[20,"松本市","大手"],"3900831":[20,"松本市","井川城"],"3900825":[20,"松本市","並柳"],"3901301":[20,"東筑摩郡山形村",""],"3900812":[20,"松本市","県"],"3900862":[20,"松本市","宮渕"],"3901401":[20,"松本市","波田"],"3900865":[20,"松本市","新橋"],"3901243":[20,"松本市","神林"],"3900837":[20,"松本市","鎌田"],"3901242":[20,"松本市","和田"],"3900833":[20,"松本市","双葉"],"3901507":[20,"松本市","安曇"],"3900806":[20,"松本市","女鳥羽"],"3900876":[20,"松本市","開智"],"3901104":[20,"東筑摩郡朝日村","古見"],"3900821":[20,"松本市","筑摩"],"3901241":[20,"松本市","新村"],"3900848":[20,"松本市","両島"],"3900814":[20,"松本市","本庄"],"3901502":[20,"松本市","安曇"],"3900807":[20,"松本市","城東"],"3900801":[20,"松本市","美須々"],"3900813":[20,"松本市","埋橋"]}
