{"7990403":[38,"四国中央市","三島朝日"],"7990644":[38,"四国中央市","富郷町豊坂"],"7990435":[38,"四国中央市","豊岡町長田"],"7993761":[38,"宇和島市","吉田町鶴間"],"7992646":[38,"松山市","神次郎町"],"7993123":[38,"伊予市","中村"],"7993462":[38,"大洲市","豊茂乙"],"7992304":[38,"今治市","菊間町池原"],"7993404":[38,"大洲市","長浜町沖浦甲"],"7992410":[38,"松山市","小山田"],"7993741":[38,"宇和島市","吉田町白浦"],"7992423":[38,"松山市","院内"],"7993132":[38,"伊予市","平岡"],"7991331":[38,"西条市","新町"],"7991332":[38,"西条市","安用出作"],"7990411":[38,"四国中央市","下柏町"],"7993707":[38,"宇和島市","吉田町鶴間"],"7993115":[38,"伊予市","湊町"],"7991345":[38,"西条市","明理川"],"7992464":[38,"松山市","安岡"],"7990650":[38,"新居浜市","別子山"],"7992407":[38,"松山市","下難波"],"7992441":[38,"松山市","宮内"],"7992447":[38,"松山市","佐古"],"7993202":[38,"伊予市","双海町上灘"],"7992415":[38,"松山市","猿川"],"7992418":[38,"松山市","尾儀原"],"7990714":[38,"四国中央市","土居町畑野"],"7992115":[38,"今治市","中堀"],"7992310":[38,"今治市","菊間町長坂"],"7993421":[38,"大洲市","戒川甲"],"7991354":[38,"西条市","北条"],"7993136":[38,"伊予市","鵜崎"],"7992460":[38,"松山市","苞木"],"7990126":[38,"四国中央市","下川町"],"7992112":[38,"今治市","波止浜"],"7991313":[38,"西条市","旦之上"],"7990113":[38,"四国中央市","妻鳥町"],"7992651":[38,"松山市","堀江町"],"7990423":[38,"四国中央市","具定町"],"7991524":[38,"今治市","桜井"],"7990123":[38,"四国中央市","金田町金川"],"7991304":[38,"西条市","河原津新田"],"7991512":[38,"今治市","高市"],"7993133":[38,"伊予市","下唐川"],"7990432":[38,"四国中央市","豊岡町大町"],"7991104":[38,"西条市","小松町妙口"],"7992302":[38,"今治市","菊間町種"],"7992641":[38,"松山市","柳谷町"],"7991537":[38,"今治市","宮ケ崎"],"7993701":[38,"宇和島市","吉田町北小路"],"7990713":[38,"四国中央市","土居町浦山"],"7991353":[38,"西条市","三津屋南"],"7991108":[38,"西条市","小松町安井"],"7990127":[38,"四国中央市","川滝町下山"],"7992468":[38,"松山市","小川"],"7993313":[38,"伊予市","双海町串"],"7993126":[38,"伊予市","本郡"],"7993455":[38,"大洲市","長浜町出海甲"],"7992436":[38,"松山市","河野別府"],"7990302":[38,"四国中央市","新宮町上山"],"7990641":[38,"四国中央市","金砂町小川山"],"7991103":[38,"西条市","小松町北川"],"7992435":[38,"松山市","府中"],"7991301":[38,"西条市","三芳"],"7991342":[38,"西条市","大新田"],"7992654":[38,"松山市","内宮町"],"7993412":[38,"大洲市","長浜町晴海"],"7991605":[38,"今治市","朝倉南甲"],"7993771":[38,"宇和島市","吉田町南君"],"7992439":[38,"松山市","片山"],"7991521":[38,"今治市","古国分"],"7991503":[38,"今治市","富田新港"],"7992655":[38,"松山市","馬木町"],"7991532":[38,"今治市","唐子台西"],"7992108":[38,"今治市","波方町岡"],"7990723":[38,"四国中央市","土居町天満"],"7991364":[38,"西条市","石田"],"7992202":[38,"今治市","大西町紺原"],"7991531":[38,"今治市","唐子台東"],"7991311":[38,"西条市","宮之内"],"7992104":[38,"今治市","波方町宮崎"],"7992656":[38,"松山市","和気町"],"7991312":[38,"西条市","大野"],"7991505":[38,"今治市","東村"],"7992406":[38,"松山市","中通"],"7991351":[38,"西条市","三津屋"],"7992433":[38,"松山市","安居島"],"7992204":[38,"今治市","大西町大井浜"],"7991502":[38,"今治市","喜田村"],"7990402":[38,"四国中央市","三島紙屋町"],"7993122":[38,"伊予市","市場"],"7993704":[38,"宇和島市","吉田町魚棚"],"7991333":[38,"西条市","安用"],"7992401":[38,"松山市","浅海原"],"7992307":[38,"今治市","菊間町川上"],"7992121":[38,"今治市","来島"],"7993751":[38,"宇和島市","吉田町沖村"],"7991303":[38,"西条市","河原津"],"7992105":[38,"今治市","波方町馬刀潟"],"7993422":[38,"大洲市","長浜町大越甲"],"7990704":[38,"四国中央市","土居町津根"],"7990404":[38,"四国中央市","三島宮川"],"7991514":[38,"今治市","町谷"],"7990434":[38,"四国中央市","豊岡町五良野"],"7991112":[38,"西条市","小松町石鎚"],"7991321":[38,"西条市","高田"],"7992452":[38,"松山市","平林"],"7993451":[38,"大洲市","長浜町須沢丙"],"7992647":[38,"松山市","城山町"],"7992417":[38,"松山市","才之原"],"7990645":[38,"四国中央市","富郷町津根山"],"7993461":[38,"大洲市","豊茂甲"],"7990724":[38,"四国中央市","土居町蕪崎"],"7992652":[38,"松山市","福角町"],"7992201":[38,"今治市","大西町九王"],"7991316":[38,"西条市","福成寺"],"7993463":[38,"大洲市","豊茂丙"],"7992414":[38,"松山市","立岩中村"],"7992455":[38,"松山市","常竹"],"7993112":[38,"伊予市","上吾川"],"7992461":[38,"松山市","鹿峰"],"7992118":[38,"今治市","波止浜"],"7993105":[38,"伊予市","下三谷"],"7993102":[38,"伊予市","宮下"],"7990101":[38,"四国中央市","川之江町"],"7991343":[38,"西条市","喜多台"],"7993431":[38,"大洲市","白滝甲"],"7992644":[38,"松山市","上総町"],"7991606":[38,"今治市","朝倉南乙"],"7991102":[38,"西条市","小松町南川"],"7992456":[38,"松山市","本谷"],"7993762":[38,"宇和島市","吉田町鶴間"],"7990124":[38,"四国中央市","金田町三角寺"],"7991363":[38,"西条市","玉之江"],"7992311":[38,"今治市","菊間町西山"],"7990433":[38,"四国中央市","豊岡町豊田"],"7991603":[38,"今治市","朝倉下"],"7991511":[38,"今治市","上徳"],"7993134":[38,"伊予市","上唐川"],"7992662":[38,"松山市","太山寺町"],"7991504":[38,"今治市","拝志"],"7992303":[38,"今治市","菊間町浜"],"7991341":[38,"西条市","壬生川"],"7992205":[38,"今治市","大西町宮脇"],"7993131":[38,"伊予市","大平"],"7993405":[38,"大洲市","長浜町沖浦乙"],"7992114":[38,"今治市","杣田"],"7993720":[38,"宇和島市","吉田町知永"],"7993125":[38,"伊予市","森"],"7991527":[38,"今治市","長沢"],"7990721":[38,"四国中央市","土居町上野"],"7991604":[38,"今治市","朝倉北"],"7993454":[38,"大洲市","長浜町櫛生丙"],"7991533":[38,"今治市","国分"],"7990701":[38,"四国中央市","土居町中村"],"7993730":[38,"宇和島市","吉田町立間"],"7992444":[38,"松山市","横谷"],"7991101":[38,"西条市","小松町新屋敷"],"7992463":[38,"松山市","粟井河原"],"7992122":[38,"今治市","来島"],"7992208":[38,"今治市","大西町星浦"],"7991302":[38,"西条市","楠"],"7992306":[38,"今治市","菊間町河之内"],"7991501":[38,"今治市","喜田村"],"7990705":[38,"四国中央市","土居町野田"],"7991526":[38,"今治市","孫兵衛作"],"7992413":[38,"松山市","立岩米之野"],"7993705":[38,"宇和島市","吉田町本町"],"7990642":[38,"四国中央市","金砂町平野山"],"7993702":[38,"宇和島市","吉田町西小路"],"7992438":[38,"松山市","河野中須賀"],"7992421":[38,"松山市","正岡神田"],"7993444":[38,"大洲市","長浜町上老松甲"],"7992434":[38,"松山市","柳原"],"7992405":[38,"松山市","上難波"],"7992110":[38,"今治市","波方町大浦"],"7990413":[38,"四国中央市","中曽根町"],"7993407":[38,"大洲市","長浜町黒田甲"],"7992443":[38,"松山市","善応寺"],"7993128":[38,"伊予市","三島町"],"7991523":[38,"今治市","郷桜井"],"7993103":[38,"伊予市","上野"],"7993312":[38,"伊予市","双海町串"],"7992642":[38,"松山市","恩地町"],"7990401":[38,"四国中央市","村松町"],"7993121":[38,"伊予市","稲荷"],"7991607":[38,"今治市","朝倉上"],"7990711":[38,"四国中央市","土居町土居"],"7990405":[38,"四国中央市","三島中央"],"7992453":[38,"松山市","麓"],"7992106":[38,"今治市","波方町森上"],"7991105":[38,"西条市","小松町大郷"],"7992653":[38,"松山市","権現町"],"7992648":[38,"松山市","菅沢町"],"7992416":[38,"松山市","猪木"],"7991111":[38,"西条市","小松町石鎚"],"7993464":[38,"大洲市","豊茂丁"],"7992203":[38,"今治市","大西町新町"],"7993401":[38,"大洲市","長浜甲"],"7990128":[38,"四国中央市","川滝町領家"],"7990102":[38,"四国中央市","川之江町長須"],"7992309":[38,"今治市","菊間町高田"],"7993413":[38,"大洲市","長浜町拓海"],"7991325":[38,"西条市","新市"],"7993207":[38,"伊予市","双海町高岸"],"7992445":[38,"松山市","河野高山"],"7992101":[38,"今治市","波方町波方"],"7990304":[38,"四国中央市","新宮町新瀬川"],"7993111":[38,"伊予市","下吾川"],"7991372":[38,"西条市","吉田"],"7992209":[38,"今治市","大西町別府"],"7993742":[38,"宇和島市","吉田町法花津"],"7990111":[38,"四国中央市","金生町下分"],"7993101":[38,"伊予市","八倉"],"7993453":[38,"大洲市","長浜町櫛生乙"],"7992661":[38,"松山市","勝岡町"],"7992425":[38,"松山市","中西外"],"7992102":[38,"今治市","波方町樋口"],"7990125":[38,"四国中央市","柴生町"],"7992426":[38,"松山市","中西内"],"7991315":[38,"西条市","黒谷"],"7992457":[38,"松山市","西谷"],"7992109":[38,"今治市","波方町養老"],"7993772":[38,"宇和島市","吉田町奥浦"],"7993124":[38,"伊予市","三秋"],"7993432":[38,"大洲市","柴甲"],"7993406":[38,"大洲市","長浜町沖浦丙"],"7991335":[38,"西条市","石延"],"7992430":[38,"松山市","北条辻"],"7992451":[38,"松山市","小川谷"],"7992643":[38,"松山市","梅木町"],"7993441":[38,"大洲市","長浜町下須戒甲"],"7993763":[38,"宇和島市","吉田町浅川"],"7991106":[38,"西条市","小松町大頭"],"7990121":[38,"四国中央市","上分町"],"7991322":[38,"西条市","国安"],"7992402":[38,"松山市","浅海本谷"],"7992117":[38,"今治市","地堀"],"7992467":[38,"松山市","磯河内"],"7990421":[38,"四国中央市","三島金子"],"7993113":[38,"伊予市","米湊"],"7991534":[38,"今治市","桜井団地"],"7993752":[38,"宇和島市","吉田町河内"],"7990702":[38,"四国中央市","土居町小林"],"7991362":[38,"西条市","今在家"],"7992437":[38,"松山市","夏目"],"7991323":[38,"西条市","桑村"],"7992649":[38,"松山市","東大栗町"],"7992442":[38,"松山市","常保免"],"7992312":[38,"今治市","菊間町田之尻"],"7992207":[38,"今治市","大西町山之内"],"7993470":[38,"大洲市","長浜町青島"],"7992113":[38,"今治市","高部"],"7993403":[38,"大洲市","長浜町仁久甲"],"7991336":[38,"西条市","上市"],"7992454":[38,"松山市","客"],"7991344":[38,"西条市","円海寺"],"7992301":[38,"今治市","菊間町佐方"],"7992408":[38,"松山市","大浦"],"7991601":[38,"今治市","古谷"],"7992458":[38,"松山市","大西谷"],"7990436":[38,"四国中央市","豊岡町岡銅"],"7992424":[38,"松山市","八反地"],"7993135":[38,"伊予市","両沢"],"7993442":[38,"大洲市","長浜町穂積甲"],"7992422":[38,"松山市","高田"],"7992308":[38,"今治市","菊間町中川"],"7991522":[38,"今治市","桜井"],"7992411":[38,"松山市","儀式"],"7991602":[38,"今治市","山口"],"7992446":[38,"松山市","牛谷"],"7992111":[38,"今治市","小浦町"],"7990412":[38,"四国中央市","上柏町"],"7990422":[38,"四国中央市","中之庄町"],"7993703":[38,"宇和島市","吉田町東小路"],"7991334":[38,"西条市","広岡"],"7990400":[38,"四国中央市",""],"7992206":[38,"今治市","大西町脇"],"7992116":[38,"今治市","内堀"],"7992123":[38,"今治市","馬島"],"7992645":[38,"松山市","小屋町"],"7993402":[38,"大洲市","長浜乙"],"7992465":[38,"松山市","和田"],"7993127":[38,"伊予市","尾崎"],"7991506":[38,"今治市","東村"],"7993311":[38,"伊予市","双海町大久保"],"7993114":[38,"伊予市","灘町"],"7992469":[38,"松山市","光洋台"],"7993452":[38,"大洲市","長浜町櫛生甲"],"7993433":[38,"大洲市","柴乙"],"7991324":[38,"西条市","高田"],"7991507":[38,"今治市","東村南"],"7993443":[38,"大洲市","長浜町穂積乙"],"7991314":[38,"西条市","河之内"],"7990122":[38,"四国中央市","金田町半田"],"7992432":[38,"松山市","土手内"],"7991317":[38,"西条市","実報寺"],"7990301":[38,"四国中央市","新宮町馬立"],"7992404":[38,"松山市","庄"],"7990703":[38,"四国中央市","土居町藤原"],"7991371":[38,"西条市","周布"],"7993201":[38,"伊予市","双海町高野川"],"7992107":[38,"今治市","波方町西浦"],"7993104":[38,"伊予市","上三谷"],"7990712":[38,"四国中央市","土居町入野"],"7991513":[38,"今治市","松木"],"7991107":[38,"西条市","小松町明穂"],"7990643":[38,"四国中央市","富郷町寒川山"],"7990303":[38,"四国中央市","新宮町新宮"],"7990722":[38,"四国中央市","土居町北野"],"7993710":[38,"宇和島市","吉田町立間尻"],"7990112":[38,"四国中央市","金生町山田井"],"7991525":[38,"今治市","湯ノ浦"],"7992466":[38,"松山市","鴨之池"],"7990431":[38,"四国中央市","寒川町"],"7993706":[38,"宇和島市","吉田町裡町"],"7992103":[38,"今治市","波方町小部"],"7992403":[38,"松山市","萩原"],"7992305":[38,"今治市","菊間町松尾"],"7992431":[38,"松山市","北条"],"7992419":[38,"松山市","猿川原"],"7992462":[38,"松山市","久保"],"7991535":[38,"今治市","登畑"],"7993456":[38,"大洲市","長浜町出海乙"],"7993100":[38,"伊予市",""],"7992412":[38,"松山市","庄府"],"7993411":[38,"大洲市","長浜町今坊甲"],"7990103":[38,"四国中央市","川之江町余木"],"7993743":[38,"宇和島市","吉田町深浦"],"7993314":[38,"伊予市","双海町串"],"7991352":[38,"西条市","三津屋東"],"7991361":[38,"西条市","広江"],"7991536":[38,"今治市","旦"]}
