{"5918043":[27,"堺市北区","北長尾町"],"5918021":[27,"堺市北区","新金岡町"],"5918003":[27,"堺市北区","船堂町"],"5918036":[27,"堺市北区","百舌鳥本町"],"5918041":[27,"堺市北区","東雲東町"],"5918011":[27,"堺市北区","南花田町"],"5918001":[27,"堺市北区","常磐町"],"5918012":[27,"堺市北区","中村町"],"5918005":[27,"堺市北区","新堀町"],"5918025":[27,"堺市北区","長曾根町"],"5918023":[27,"堺市北区","中百舌鳥町"],"5918008":[27,"堺市北区","東浅香山町"],"5918035":[27,"堺市北区","東上野芝町"],"5918032":[27,"堺市北区","百舌鳥梅町"],"5918042":[27,"堺市北区","大豆塚町"],"5918044":[27,"堺市北区","中長尾町"],"5918034":[27,"堺市北区","百舌鳥陵南町"],"5918007":[27,"堺市北区","奥本町"],"5918006":[27,"堺市北区","宮本町"],"5918037":[27,"堺市北区","百舌鳥赤畑町"],"5918031":[27,"堺市北区","百舌鳥梅北町"],"5918014":[27,"堺市北区","八下北"],"5918024":[27,"堺市北区","黒土町"],"5918046":[27,"堺市北区","東三国ケ丘町"],"5918022":[27,"堺市北区","金岡町"],"5918004":[27,"堺市北区","蔵前町"],"5918002":[27,"堺市北区","北花田町"],"5918033":[27,"堺市北区","百舌鳥西之町"],"5910000":[27,"堺市北区",""],"5918013":[27,"堺市北区","野遠町"],"5918045":[27,"堺市北区","南長尾町"]}
