{"9170061":[18,"小浜市","小浜玉前"],"9170105":[18,"小浜市","阿納"],"9170353":[18,"小浜市","深野"],"9170086":[18,"小浜市","小浜塩竈"],"9170238":[18,"小浜市","池河内"],"9170365":[18,"大飯郡おおい町","名田庄小倉畑"],"9170091":[18,"小浜市","西津"],"9170095":[18,"小浜市","城内"],"9170113":[18,"小浜市","宇久"],"9170087":[18,"小浜市","小浜鈴鹿"],"9170232":[18,"小浜市","東市場"],"9170057":[18,"小浜市","小浜飛鳥"],"9170004":[18,"小浜市","大湊"],"9170069":[18,"小浜市","小浜白鬚"],"9170088":[18,"小浜市","小浜多賀"],"9170082":[18,"小浜市","小浜津島"],"9170006":[18,"小浜市","小松原"],"9170107":[18,"小浜市","甲ケ崎"],"9170024":[18,"小浜市","和久里"],"9170034":[18,"小浜市","奥田縄"],"9170231":[18,"小浜市","国分"],"9170234":[18,"小浜市","上野"],"9170244":[18,"小浜市","神宮寺"],"9170065":[18,"小浜市","小浜住吉"],"9170381":[18,"大飯郡おおい町","名田庄三重"],"9170077":[18,"小浜市","駅前町"],"9170055":[18,"小浜市","小浜浅間"],"9170248":[18,"小浜市","上根来"],"9170074":[18,"小浜市","後瀬町"],"9170032":[18,"小浜市","尾崎"],"9170063":[18,"小浜市","小浜酒井"],"9170383":[18,"大飯郡おおい町","名田庄下"],"9170019":[18,"小浜市","山王前"],"9170117":[18,"小浜市","泊"],"9170352":[18,"小浜市","深谷"],"9170067":[18,"小浜市","小浜鹿島"],"9170115":[18,"小浜市","仏谷"],"9170028":[18,"小浜市","野代"],"9170356":[18,"小浜市","上田"],"9170037":[18,"小浜市","相生"],"9170242":[18,"小浜市","金屋"],"9170094":[18,"小浜市","丸山"],"9170016":[18,"小浜市","次吉"],"9170224":[18,"小浜市","竹長"],"9170223":[18,"小浜市","大戸"],"9170386":[18,"大飯郡おおい町","名田庄口坂本"],"9170042":[18,"小浜市","東勢"],"9170363":[18,"大飯郡おおい町","名田庄挙野"],"9170249":[18,"小浜市","宮の前"],"9170112":[18,"小浜市","加尾"],"9170076":[18,"小浜市","湯岡"],"9170357":[18,"小浜市","小屋"],"9170012":[18,"小浜市","熊野"],"9170114":[18,"小浜市","若狭"],"9170221":[18,"小浜市","大谷"],"9170371":[18,"大飯郡おおい町","名田庄小倉"],"9170022":[18,"小浜市","上竹原"],"9170096":[18,"小浜市","雲浜"],"9170051":[18,"小浜市","小浜白鳥"],"9170053":[18,"小浜市","小浜大宮"],"9170062":[18,"小浜市","小浜今宮"],"9170102":[18,"小浜市","矢代"],"9170361":[18,"大飯郡おおい町","名田庄挙原"],"9170226":[18,"小浜市","平野"],"9170001":[18,"小浜市","福谷"],"9170236":[18,"小浜市","三分一"],"9170018":[18,"小浜市","松ケ崎"],"9170235":[18,"小浜市","四分一"],"9170374":[18,"大飯郡おおい町","名田庄中"],"9170072":[18,"小浜市","千種"],"9170007":[18,"小浜市","下竹原"],"9170083":[18,"小浜市","小浜清滝"],"9170043":[18,"小浜市","西勢"],"9170354":[18,"小浜市","和多田"],"9170373":[18,"大飯郡おおい町","名田庄染ケ谷"],"9170035":[18,"小浜市","口田縄"],"9170068":[18,"小浜市","小浜日吉"],"9170003":[18,"小浜市","学園町"],"9170233":[18,"小浜市","太興寺"],"9170104":[18,"小浜市","犬熊"],"9170014":[18,"小浜市","北川"],"9170058":[18,"小浜市","小浜香取"],"9170097":[18,"小浜市","堀屋敷"],"9170106":[18,"小浜市","阿納尻"],"9170056":[18,"小浜市","小浜大原"],"9170092":[18,"小浜市","山手"],"9170008":[18,"小浜市","新小松原"],"9170384":[18,"大飯郡おおい町","名田庄西谷"],"9170015":[18,"小浜市","栗田"],"9170355":[18,"小浜市","下田"],"9170364":[18,"大飯郡おおい町","名田庄虫鹿野"],"9170025":[18,"小浜市","木崎"],"9170066":[18,"小浜市","小浜神田"],"9170387":[18,"大飯郡おおい町","名田庄奥坂本"],"9170085":[18,"小浜市","小浜生玉"],"9170059":[18,"小浜市","小浜貴船"],"9170002":[18,"小浜市","北長町"],"9170075":[18,"小浜市","南川町"],"9170023":[18,"小浜市","府中"],"9170078":[18,"小浜市","大手町"],"9170247":[18,"小浜市","中ノ畑"],"9170033":[18,"小浜市","須縄"],"9170073":[18,"小浜市","四谷町"],"9170045":[18,"小浜市","加斗"],"9170245":[18,"小浜市","忠野"],"9170027":[18,"小浜市","生守"],"9170026":[18,"小浜市","多田"],"9170382":[18,"大飯郡おおい町","名田庄久坂"],"9170351":[18,"小浜市","田茂谷"],"9170041":[18,"小浜市","青井"],"9170000":[18,"小浜市",""],"9170071":[18,"小浜市","一番町"],"9170246":[18,"小浜市","下根来"],"9170046":[18,"小浜市","岡津"],"9170385":[18,"大飯郡おおい町","名田庄井上"],"9170241":[18,"小浜市","池田"],"9170084":[18,"小浜市","小浜広峰"],"9170362":[18,"大飯郡おおい町","名田庄永谷"],"9170064":[18,"小浜市","小浜竜田"],"9170031":[18,"小浜市","谷田部"],"9170116":[18,"小浜市","堅海"],"9170111":[18,"小浜市","西小川"],"9170054":[18,"小浜市","伏原"],"9170052":[18,"小浜市","小浜男山"],"9170375":[18,"大飯郡おおい町","名田庄納田終"],"9170047":[18,"小浜市","鯉川"],"9170036":[18,"小浜市","上中井"],"9170005":[18,"小浜市","板屋町"],"9170222":[18,"小浜市","新保"],"9170237":[18,"小浜市","門前"],"9170103":[18,"小浜市","志積"],"9170017":[18,"小浜市","江古川"],"9170372":[18,"大飯郡おおい町","名田庄堂本"],"9170225":[18,"小浜市","本保"],"9170013":[18,"小浜市","太良庄"],"9170044":[18,"小浜市","荒木"],"9170021":[18,"小浜市","関"],"9170081":[18,"小浜市","川崎"],"9170101":[18,"小浜市","田烏"],"9170011":[18,"小浜市","奈胡"],"9170093":[18,"小浜市","水取"],"9170243":[18,"小浜市","竜前"]}
