{"2240028":[14,"横浜市都筑区","大棚西"],"2240064":[14,"横浜市都筑区","平台"],"2240033":[14,"横浜市都筑区","茅ケ崎東"],"2240032":[14,"横浜市都筑区","茅ケ崎中央"],"2240046":[14,"横浜市都筑区","桜並木"],"2240013":[14,"横浜市都筑区","すみれが丘"],"2240042":[14,"横浜市都筑区","大熊町"],"2240008":[14,"横浜市都筑区","荏田南町"],"2240062":[14,"横浜市都筑区","葛が谷"],"2240023":[14,"横浜市都筑区","東山田"],"2240015":[14,"横浜市都筑区","牛久保西"],"2240001":[14,"横浜市都筑区","中川"],"2240014":[14,"横浜市都筑区","牛久保東"],"2240024":[14,"横浜市都筑区","東山田町"],"2240054":[14,"横浜市都筑区","佐江戸町"],"2240027":[14,"横浜市都筑区","大棚町"],"2240066":[14,"横浜市都筑区","見花山"],"2240037":[14,"横浜市都筑区","茅ケ崎南"],"2240012":[14,"横浜市都筑区","牛久保"],"2240004":[14,"横浜市都筑区","荏田東町"],"2240065":[14,"横浜市都筑区","高山"],"2240011":[14,"横浜市都筑区","牛久保町"],"2240007":[14,"横浜市都筑区","荏田南"],"2240034":[14,"横浜市都筑区","勝田町"],"2240029":[14,"横浜市都筑区","南山田"],"2240052":[14,"横浜市都筑区","二の丸"],"2240035":[14,"横浜市都筑区","新栄町"],"2240025":[14,"横浜市都筑区","早渕"],"2240003":[14,"横浜市都筑区","中川中央"],"2240006":[14,"横浜市都筑区","荏田東"],"2240053":[14,"横浜市都筑区","池辺町"],"2240045":[14,"横浜市都筑区","東方町"],"2240026":[14,"横浜市都筑区","南山田町"],"2240036":[14,"横浜市都筑区","勝田南"],"2240055":[14,"横浜市都筑区","加賀原"],"2240016":[14,"横浜市都筑区","あゆみが丘"],"2240041":[14,"横浜市都筑区","仲町台"],"2240061":[14,"横浜市都筑区","大丸"],"2240021":[14,"横浜市都筑区","北山田"],"2240057":[14,"横浜市都筑区","川和町"],"2240056":[14,"横浜市都筑区","川和台"],"2240043":[14,"横浜市都筑区","折本町"],"2240000":[14,"横浜市都筑区",""],"2240051":[14,"横浜市都筑区","富士見が丘"],"2240063":[14,"横浜市都筑区","長坂"],"2240031":[14,"横浜市都筑区","茅ケ崎町"],"2240044":[14,"横浜市都筑区","川向町"]}
