{"8450014":[41,"小城市","小城町晴気"],"8450023":[41,"小城市","三日月町織島"],"8450002":[41,"小城市","小城町畑田"],"8450031":[41,"小城市","三日月町堀江"],"8450005":[41,"小城市","小城町東新町"],"8450021":[41,"小城市","三日月町長神田"],"8450025":[41,"小城市","三日月町三ケ島"],"8450033":[41,"小城市","三日月町樋口"],"8450000":[41,"小城市",""],"8450034":[41,"小城市","三日月町甲柳原"],"8450035":[41,"小城市","三日月町石木"],"8450011":[41,"小城市","小城町船田"],"8450024":[41,"小城市","三日月町道辺"],"8450013":[41,"小城市","小城町栗原"],"8450032":[41,"小城市","三日月町金田"],"8450003":[41,"小城市","小城町岩蔵"],"8450004":[41,"小城市","小城町松尾"],"8450012":[41,"小城市","小城町池上"],"8450022":[41,"小城市","三日月町久米"],"8450001":[41,"小城市","小城町"]}
