{"4200027":[22,"静岡市葵区","大工町"],"4200024":[22,"静岡市葵区","中町"],"4200043":[22,"静岡市葵区","川辺町"],"4200921":[22,"静岡市葵区","野丈"],"4200823":[22,"静岡市葵区","春日"],"4200839":[22,"静岡市葵区","鷹匠"],"4200007":[22,"静岡市葵区","柳町"],"4200001":[22,"静岡市葵区","井宮町"],"4200902":[22,"静岡市葵区","諏訪"],"4200954":[22,"静岡市葵区","平柳"],"4200054":[22,"静岡市葵区","南安倍"],"4200868":[22,"静岡市葵区","宮ケ崎町"],"4200021":[22,"静岡市葵区","茶町"],"4200904":[22,"静岡市葵区","平山"],"4200813":[22,"静岡市葵区","長沼"],"4200074":[22,"静岡市葵区","四番町"],"4200925":[22,"静岡市葵区","加藤島"],"4200011":[22,"静岡市葵区","安西"],"4200834":[22,"静岡市葵区","音羽町"],"4200009":[22,"静岡市葵区","神明町"],"4200004":[22,"静岡市葵区","末広町"],"4200882":[22,"静岡市葵区","安東"],"4200863":[22,"静岡市葵区","安東柳町"],"4200866":[22,"静岡市葵区","西草深町"],"4200832":[22,"静岡市葵区","横内町"],"4200945":[22,"静岡市葵区","桜町"],"4200873":[22,"静岡市葵区","籠上"],"4200061":[22,"静岡市葵区","新富町"],"4200875":[22,"静岡市葵区","美川町"],"4200804":[22,"静岡市葵区","竜南"],"4200008":[22,"静岡市葵区","水道町"],"4200948":[22,"静岡市葵区","秋山町"],"4200956":[22,"静岡市葵区","南"],"4200885":[22,"静岡市葵区","大岩町"],"4200801":[22,"静岡市葵区","東千代田"],"4200013":[22,"静岡市葵区","八千代町"],"4200851":[22,"静岡市葵区","黒金町"],"4200041":[22,"静岡市葵区","双葉町"],"4200044":[22,"静岡市葵区","西門町"],"4200022":[22,"静岡市葵区","車町"],"4200957":[22,"静岡市葵区","前林"],"4200077":[22,"静岡市葵区","七番町"],"4200039":[22,"静岡市葵区","上石町"],"4200066":[22,"静岡市葵区","本通西町"],"4200003":[22,"静岡市葵区","片羽町"],"4200963":[22,"静岡市葵区","赤松"],"4200031":[22,"静岡市葵区","呉服町"],"4200825":[22,"静岡市葵区","瓦場町"],"4200901":[22,"静岡市葵区","北沼上"],"4200045":[22,"静岡市葵区","天王町"],"4200946":[22,"静岡市葵区","伊呂波町"],"4200076":[22,"静岡市葵区","六番町"],"4200861":[22,"静岡市葵区","丸山町"],"4200036":[22,"静岡市葵区","駿河町"],"4200016":[22,"静岡市葵区","住吉町"],"4200905":[22,"静岡市葵区","南沼上"],"4200867":[22,"静岡市葵区","馬場町"],"4200916":[22,"静岡市葵区","瀬名中央"],"4200064":[22,"静岡市葵区","本通"],"4200836":[22,"静岡市葵区","東町"],"4200865":[22,"静岡市葵区","東草深町"],"4200964":[22,"静岡市葵区","柳原"],"4200067":[22,"静岡市葵区","幸町"],"4200952":[22,"静岡市葵区","牛田"],"4200038":[22,"静岡市葵区","梅屋町"],"4200856":[22,"静岡市葵区","駿府町"],"4200933":[22,"静岡市葵区","立石"],"4200052":[22,"静岡市葵区","川越町"],"4200811":[22,"静岡市葵区","上土新田"],"4200923":[22,"静岡市葵区","川合"],"4200871":[22,"静岡市葵区","昭府"],"4200903":[22,"静岡市葵区","長尾"],"4200812":[22,"静岡市葵区","古庄"],"4200859":[22,"静岡市葵区","栄町"],"4200062":[22,"静岡市葵区","上新富町"],"4200815":[22,"静岡市葵区","上沓谷町"],"4200025":[22,"静岡市葵区","金座町"],"4200966":[22,"静岡市葵区","羽高"],"4200935":[22,"静岡市葵区","池ケ谷東"],"4200912":[22,"静岡市葵区","東瀬名町"],"4200833":[22,"静岡市葵区","東鷹匠町"],"4200883":[22,"静岡市葵区","大岩宮下町"],"4200943":[22,"静岡市葵区","上伝馬"],"4200941":[22,"静岡市葵区","松富"],"4200914":[22,"静岡市葵区","西瀬名町"],"4200869":[22,"静岡市葵区","安倍町"],"4200937":[22,"静岡市葵区","唐瀬"],"4200822":[22,"静岡市葵区","宮前町"],"4200005":[22,"静岡市葵区","北番町"],"4200073":[22,"静岡市葵区","三番町"],"4200961":[22,"静岡市葵区","北"],"4200803":[22,"静岡市葵区","千代田"],"4200906":[22,"静岡市葵区","薬師"],"4200824":[22,"静岡市葵区","春日町"],"4200922":[22,"静岡市葵区","流通センター"],"4200947":[22,"静岡市葵区","堤町"],"4200911":[22,"静岡市葵区","瀬名"],"4200936":[22,"静岡市葵区","池ケ谷"],"4200944":[22,"静岡市葵区","新伝馬"],"4200051":[22,"静岡市葵区","南田町"],"4200845":[22,"静岡市葵区","太田町"],"4200026":[22,"静岡市葵区","大鋸町"],"4200831":[22,"静岡市葵区","水落町"],"4200072":[22,"静岡市葵区","二番町"],"4200006":[22,"静岡市葵区","若松町"],"4200053":[22,"静岡市葵区","弥勒"],"4200841":[22,"静岡市葵区","上足洗"],"4200838":[22,"静岡市葵区","相生町"],"4200862":[22,"静岡市葵区","浅間町"],"4200884":[22,"静岡市葵区","大岩本町"],"4200042":[22,"静岡市葵区","駒形通"],"4200065":[22,"静岡市葵区","新通"],"4200068":[22,"静岡市葵区","田町"],"4200949":[22,"静岡市葵区","与一"],"4200931":[22,"静岡市葵区","観山"],"4200864":[22,"静岡市葵区","長谷町"],"4200029":[22,"静岡市葵区","研屋町"],"4200854":[22,"静岡市葵区","城内町"],"4200953":[22,"静岡市葵区","漆山"],"4200872":[22,"静岡市葵区","昭府町"],"4200962":[22,"静岡市葵区","東"],"4200017":[22,"静岡市葵区","葵町"],"4200014":[22,"静岡市葵区","上桶屋町"],"4200035":[22,"静岡市葵区","七間町"],"4200816":[22,"静岡市葵区","沓谷"],"4200034":[22,"静岡市葵区","常磐町"],"4200023":[22,"静岡市葵区","富士見町"],"4200852":[22,"静岡市葵区","紺屋町"],"4200835":[22,"静岡市葵区","横田町"],"4200874":[22,"静岡市葵区","辰起町"],"4200805":[22,"静岡市葵区","城北"],"4200843":[22,"静岡市葵区","巴町"],"4200063":[22,"静岡市葵区","通車町"],"4200934":[22,"静岡市葵区","岳美"],"4200033":[22,"静岡市葵区","昭和町"],"4200018":[22,"静岡市葵区","土太夫町"],"4200857":[22,"静岡市葵区","御幸町"],"4200932":[22,"静岡市葵区","豊地"],"4200046":[22,"静岡市葵区","吉野町"],"4200037":[22,"静岡市葵区","人宿町"],"4200078":[22,"静岡市葵区","八番町"],"4200951":[22,"静岡市葵区","天神前"],"4200858":[22,"静岡市葵区","伝馬町"],"4200915":[22,"静岡市葵区","南瀬名町"],"4200853":[22,"静岡市葵区","追手町"],"4200955":[22,"静岡市葵区","芝原"],"4200048":[22,"静岡市葵区","桜木町"],"4200012":[22,"静岡市葵区","柚木町"],"4200886":[22,"静岡市葵区","大岩"],"4200846":[22,"静岡市葵区","城東町"],"4200810":[22,"静岡市葵区","上土"],"4200847":[22,"静岡市葵区","西千代田町"],"4200032":[22,"静岡市葵区","両替町"],"4200965":[22,"静岡市葵区","有永"],"4200002":[22,"静岡市葵区","材木町"],"4200047":[22,"静岡市葵区","清閑町"],"4200844":[22,"静岡市葵区","緑町"],"4200015":[22,"静岡市葵区","錦町"],"4200837":[22,"静岡市葵区","日出町"],"4200075":[22,"静岡市葵区","五番町"],"4200842":[22,"静岡市葵区","銭座町"],"4200942":[22,"静岡市葵区","松富上組"],"4200855":[22,"静岡市葵区","駿府城公園"],"4200881":[22,"静岡市葵区","北安東"],"4200876":[22,"静岡市葵区","平和"],"4200028":[22,"静岡市葵区","屋形町"],"4200071":[22,"静岡市葵区","一番町"],"4200821":[22,"静岡市葵区","柚木"],"4200913":[22,"静岡市葵区","瀬名川"],"4200924":[22,"静岡市葵区","川合新田"]}
