{"8570023":[42,"佐世保市","名切町"],"8572301":[42,"西海市","大瀬戸町瀬戸板浦郷"],"8570343":[42,"北松浦郡佐々町","木場免"],"8570031":[42,"佐世保市","保立町"],"8571175":[42,"佐世保市","天神町"],"8570044":[42,"佐世保市","相生町"],"8570047":[42,"佐世保市","矢岳町"],"8571235":[42,"佐世保市","俵ケ浦町"],"8570063":[42,"佐世保市","立神町"],"8570035":[42,"佐世保市","福田町"],"8570851":[42,"佐世保市","稲荷町"],"8570135":[42,"佐世保市","瀬戸越町"],"8571163":[42,"佐世保市","大岳台町"],"8574103":[42,"南松浦郡新上五島町","江ノ浜郷"],"8572321":[42,"西海市","大瀬戸町雪浦幸物郷"],"8572304":[42,"西海市","大瀬戸町瀬戸下山郷"],"8570012":[42,"佐世保市","桜木町"],"8570872":[42,"佐世保市","上京町"],"8570413":[42,"佐世保市","小佐々町楠泊"],"8574414":[42,"南松浦郡新上五島町","飯ノ瀬戸郷"],"8572326":[42,"西海市","大瀬戸町雪浦下郷"],"8574603":[42,"南松浦郡新上五島町","立串郷"],"8572427":[42,"西海市",""],"8571232":[42,"佐世保市","下船越町"],"8570071":[42,"長崎市","池島町"],"8570123":[42,"佐世保市","川谷町"],"8570106":[42,"佐世保市","菰田町"],"8574415":[42,"南松浦郡新上五島町","続浜ノ浦郷"],"8570812":[42,"佐世保市","須佐町"],"8570058":[42,"佐世保市","上町"],"8571151":[42,"佐世保市","日宇町"],"8570352":[42,"北松浦郡佐々町","口石免"],"8570114":[42,"佐世保市","小舟町"],"8570804":[42,"佐世保市","松川町"],"8570879":[42,"佐世保市","島地町"],"8571176":[42,"佐世保市","崎辺町"],"8570852":[42,"佐世保市","干尽町"],"8570403":[42,"佐世保市","小佐々町臼ノ浦"],"8570332":[42,"北松浦郡佐々町","栗林免"],"8571164":[42,"佐世保市","白岳町"],"8570312":[42,"北松浦郡佐々町","市場免"],"8574511":[42,"南松浦郡新上五島町","浦桑郷"],"8570053":[42,"佐世保市","常盤町"],"8574412":[42,"南松浦郡新上五島町","三日ノ浦郷"],"8570102":[42,"佐世保市","松瀬町"],"8573101":[42,"西海市","崎戸町蠣浦郷"],"8572325":[42,"西海市","大瀬戸町雪浦小松郷"],"8574703":[42,"北松浦郡小値賀町","中村郷"],"8570873":[42,"佐世保市","宮崎町"],"8570040":[42,"佐世保市","比良町"],"8574213":[42,"南松浦郡新上五島町","太田郷"],"8571171":[42,"佐世保市","沖新町"],"8570821":[42,"佐世保市","白木町"],"8574816":[42,"佐世保市","宇久町寺島"],"8570126":[42,"佐世保市","上柚木町"],"8570133":[42,"佐世保市","矢峰町"],"8571172":[42,"佐世保市","東浜町"],"8574814":[42,"佐世保市","宇久町本飯良"],"8570013":[42,"佐世保市","赤木町"],"8570141":[42,"佐世保市","十文野町"],"8572328":[42,"西海市","大瀬戸町雪浦下釜郷"],"8570049":[42,"佐世保市","東大久保町"],"8572222":[42,"西海市","西海町中浦北郷"],"8570122":[42,"佐世保市","里美町"],"8574811":[42,"佐世保市","宇久町神浦"],"8574901":[42,"佐世保市","宇久町平"],"8570056":[42,"佐世保市","平瀬町"],"8570834":[42,"佐世保市","潮見町"],"8570342":[42,"北松浦郡佐々町","平野免"],"8574404":[42,"南松浦郡新上五島町","青方郷"],"8574702":[42,"北松浦郡小値賀町","前方郷"],"8574707":[42,"北松浦郡小値賀町","班島郷"],"8570833":[42,"佐世保市","若葉町"],"8570069":[42,"佐世保市","鵜渡越町"],"8570131":[42,"佐世保市","大野町"],"8570142":[42,"佐世保市","野中町"],"8570000":[42,"佐世保市",""],"8570405":[42,"佐世保市","小佐々町葛籠"],"8570811":[42,"佐世保市","高梨町"],"8570125":[42,"佐世保市","高花町"],"8574413":[42,"南松浦郡新上五島町","今里郷"],"8574902":[42,"佐世保市","宇久町野方"],"8570876":[42,"佐世保市","塩浜町"],"8570335":[42,"北松浦郡佐々町","皆瀬免"],"8570402":[42,"佐世保市","小佐々町小坂"],"8572426":[42,"西海市","大島町大島"],"8570112":[42,"佐世保市","柚木町"],"8570803":[42,"佐世保市","勝富町"],"8570338":[42,"北松浦郡佐々町","角山免"],"8570323":[42,"北松浦郡佐々町","江里免"],"8571233":[42,"佐世保市","庵浦町"],"8570043":[42,"佐世保市","天満町"],"8570022":[42,"佐世保市","山手町"],"8572403":[42,"西海市","大島町馬込"],"8570871":[42,"佐世保市","本島町"],"8571234":[42,"佐世保市","野崎町"],"8570843":[42,"佐世保市","大黒町"],"8574813":[42,"佐世保市","宇久町飯良"],"8572323":[42,"西海市","大瀬戸町雪浦河通郷"],"8570021":[42,"佐世保市","折橋町"],"8570136":[42,"佐世保市","田原町"],"8574514":[42,"南松浦郡新上五島町","似首郷"],"8570115":[42,"佐世保市","柚木元町"],"8574815":[42,"佐世保市","宇久町大久保"],"8572425":[42,"西海市","大島町田浦"],"8573271":[42,"佐世保市","黒島町"],"8574712":[42,"北松浦郡小値賀町","六島郷"],"8570046":[42,"佐世保市","長尾町"],"8570066":[42,"佐世保市","小島町"],"8570855":[42,"佐世保市","新港町"],"8570059":[42,"佐世保市","元町"],"8570017":[42,"佐世保市","梅田町"],"8570132":[42,"佐世保市","松原町"],"8570052":[42,"佐世保市","松浦町"],"8570016":[42,"佐世保市","俵町"],"8570401":[42,"佐世保市","小佐々町黒石"],"8572419":[42,"西海市","大島町蛤"],"8570311":[42,"北松浦郡佐々町","本田原免"],"8571173":[42,"佐世保市","十郎新町"],"8571161":[42,"佐世保市","大塔町"],"8574903":[42,"佐世保市","宇久町太田江"],"8570145":[42,"佐世保市","牧の地町"],"8570414":[42,"佐世保市","小佐々町矢岳"],"8572422":[42,"西海市","大島町太田尾"],"8574604":[42,"南松浦郡新上五島町","津和崎郷"],"8570406":[42,"佐世保市","小佐々町平原"],"8570351":[42,"北松浦郡佐々町","須崎免"],"8570864":[42,"佐世保市","戸尾町"],"8572413":[42,"西海市","大島町間瀬"],"8574214":[42,"南松浦郡新上五島町","七目郷"],"8570802":[42,"佐世保市","高天町"],"8574812":[42,"佐世保市","宇久町小浜"],"8570124":[42,"佐世保市","戸ケ倉町"],"8570341":[42,"北松浦郡佐々町","羽須和免"],"8572531":[42,"西海市","大瀬戸町松島内郷"],"8570113":[42,"佐世保市","下宇戸町"],"8570842":[42,"佐世保市","東山町"],"8570001":[42,"佐世保市","烏帽子町"],"8570832":[42,"佐世保市","藤原町"],"8570841":[42,"佐世保市","大宮町"],"8572327":[42,"西海市","大瀬戸町雪浦上郷"],"8574705":[42,"北松浦郡小値賀町","浜津郷"],"8570404":[42,"佐世保市","小佐々町田原"],"8570033":[42,"佐世保市","城山町"],"8574904":[42,"佐世保市","宇久町木場"],"8570055":[42,"佐世保市","湊町"],"8572418":[42,"西海市","大島町徳万"],"8570875":[42,"佐世保市","下京町"],"8570854":[42,"佐世保市","福石町"],"8571153":[42,"佐世保市","もみじが丘町"],"8570121":[42,"佐世保市","潜木町"],"8570068":[42,"佐世保市","御船町"],"8570337":[42,"北松浦郡佐々町","八口免"],"8571165":[42,"佐世保市","大和町"],"8572412":[42,"西海市","大島町真砂"],"8570324":[42,"北松浦郡佐々町","大茂免"],"8570025":[42,"佐世保市","熊野町"],"8570300":[42,"北松浦郡佐々町",""],"8570065":[42,"佐世保市","小野町"],"8574102":[42,"南松浦郡新上五島町","友住郷"],"8572223":[42,"西海市","西海町七釜郷"],"8570313":[42,"北松浦郡佐々町","鴨川免"],"8570143":[42,"佐世保市","吉岡町"],"8570062":[42,"佐世保市","金比良町"],"8572306":[42,"西海市","大瀬戸町瀬戸東濱郷"],"8570412":[42,"佐世保市","小佐々町西川内"],"8570146":[42,"佐世保市","小川内町"],"8572405":[42,"西海市","大島町中央地区"],"8574706":[42,"北松浦郡小値賀町","黒島郷"],"8570015":[42,"佐世保市","松山町"],"8570134":[42,"佐世保市","瀬戸越"],"8574601":[42,"南松浦郡新上五島町","小串郷"],"8570333":[42,"北松浦郡佐々町","中川原免"],"8574405":[42,"南松浦郡新上五島町","船崎郷"],"8572424":[42,"西海市","大島町塩田"],"8570051":[42,"佐世保市","浜田町"],"8570105":[42,"佐世保市","白仁田町"],"8571166":[42,"佐世保市","木風町"],"8570038":[42,"佐世保市","中通町"],"8570028":[42,"佐世保市","八幡町"],"8572324":[42,"西海市","大瀬戸町雪浦奥浦郷"],"8572322":[42,"西海市","大瀬戸町雪浦久良木郷"],"8571162":[42,"佐世保市","卸本町"],"8570806":[42,"佐世保市","島瀬町"],"8570042":[42,"佐世保市","高砂町"],"8570321":[42,"北松浦郡佐々町","市瀬免"],"8572305":[42,"西海市","大瀬戸町瀬戸羽出川郷"],"8574211":[42,"南松浦郡新上五島町","有川郷"],"8574711":[42,"北松浦郡小値賀町","納島郷"],"8572302":[42,"西海市","大瀬戸町瀬戸樫浦郷"],"8572311":[42,"西海市","大瀬戸町多以良外郷"],"8570801":[42,"佐世保市","祗園町"],"8572402":[42,"西海市","大島町内浦地区"],"8570036":[42,"佐世保市","清水町"],"8570822":[42,"佐世保市","山祗町"],"8570862":[42,"佐世保市","白南風町"],"8570024":[42,"佐世保市","花園町"],"8570353":[42,"北松浦郡佐々町","沖田免"],"8574708":[42,"北松浦郡小値賀町","大島郷"],"8572423":[42,"西海市","大島町塔尾"],"8574401":[42,"南松浦郡新上五島町","網上郷"],"8570831":[42,"佐世保市","須田尾町"],"8570032":[42,"佐世保市","宮田町"],"8570026":[42,"佐世保市","宮地町"],"8571174":[42,"佐世保市","天神"],"8570067":[42,"佐世保市","神島町"],"8570034":[42,"佐世保市","万徳町"],"8573102":[42,"西海市","崎戸町本郷"],"8572401":[42,"西海市","大島町黒瀬"],"8572312":[42,"西海市","大瀬戸町多以良内郷"],"8574700":[42,"北松浦郡小値賀町",""],"8570344":[42,"北松浦郡佐々町","迎木場免"],"8571231":[42,"佐世保市","船越町"],"8570061":[42,"佐世保市","今福町"],"8573311":[42,"西海市","崎戸町平島"],"8572303":[42,"西海市","大瀬戸町瀬戸西濱郷"],"8570805":[42,"佐世保市","光月町"],"8570144":[42,"佐世保市","皆瀬町"],"8572417":[42,"西海市","大島町百合が丘"],"8570361":[42,"北松浦郡佐々町","小浦免"],"8570431":[42,"佐世保市","浅子町"],"8570045":[42,"佐世保市","園田町"],"8570011":[42,"佐世保市","春日町"],"8574513":[42,"南松浦郡新上五島町","丸尾郷"],"8570861":[42,"佐世保市","峰坂町"],"8574602":[42,"南松浦郡新上五島町","曽根郷"],"8570874":[42,"佐世保市","京坪町"],"8572532":[42,"西海市","大瀬戸町松島外郷"],"8570103":[42,"佐世保市","原分町"],"8570057":[42,"佐世保市","泉町"],"8570878":[42,"佐世保市","山県町"],"8570314":[42,"北松浦郡佐々町","古川免"],"8570018":[42,"佐世保市","横尾町"],"8572221":[42,"西海市","西海町中浦南郷"],"8570315":[42,"北松浦郡佐々町","志方免"],"8571152":[42,"佐世保市","黒髪町"],"8570334":[42,"北松浦郡佐々町","石木場免"],"8574704":[42,"北松浦郡小値賀町","柳郷"],"8570014":[42,"佐世保市","田代町"],"8570104":[42,"佐世保市","楠木町"],"8574512":[42,"南松浦郡新上五島町","榎津郷"],"8572411":[42,"西海市","大島町寺島"],"8572307":[42,"西海市","大瀬戸町瀬戸福島郷"],"8570037":[42,"佐世保市","石坂町"],"8574701":[42,"北松浦郡小値賀町","笛吹郷"],"8570853":[42,"佐世保市","前畑町"],"8574709":[42,"北松浦郡小値賀町","野崎郷"],"8570322":[42,"北松浦郡佐々町","松瀬免"],"8574400":[42,"南松浦郡新上五島町",""],"8574101":[42,"南松浦郡新上五島町","赤尾郷"],"8574212":[42,"南松浦郡新上五島町","小河原郷"],"8570048":[42,"佐世保市","西大久保町"],"8570813":[42,"佐世保市","小佐世保町"],"8570877":[42,"佐世保市","万津町"],"8570054":[42,"佐世保市","栄町"],"8574416":[42,"南松浦郡新上五島町","道土井郷"],"8570111":[42,"佐世保市","筒井町"],"8570101":[42,"佐世保市","知見寺町"],"8570336":[42,"北松浦郡佐々町","神田免"],"8570863":[42,"佐世保市","三浦町"],"8570027":[42,"佐世保市","谷郷町"],"8570411":[42,"佐世保市","小佐々町岳ノ木場"],"8574402":[42,"南松浦郡新上五島町","奈摩郷"],"8570064":[42,"佐世保市","赤崎町"],"8570041":[42,"佐世保市","木場田町"],"8570331":[42,"北松浦郡佐々町","野寄免"],"8572421":[42,"西海市","大島町中戸"],"8574411":[42,"南松浦郡新上五島町","相河郷"],"8573103":[42,"西海市","崎戸町江島"]}
