{"7128058":[33,"倉敷市","水島東常盤町"],"7128025":[33,"倉敷市","水島南春日町"],"7128074":[33,"倉敷市","水島川崎通"],"7128061":[33,"倉敷市","神田"],"7128003":[33,"倉敷市","水島明神町"],"7128057":[33,"倉敷市","水島東千鳥町"],"7128014":[33,"倉敷市","連島中央"],"7128031":[33,"倉敷市","福田町浦田"],"7128034":[33,"倉敷市","水島西栄町"],"7128053":[33,"倉敷市","呼松"],"7128027":[33,"倉敷市","水島北瑞穂町"],"7128036":[33,"倉敷市","水島西弥生町"],"7128024":[33,"倉敷市","水島北春日町"],"7128051":[33,"倉敷市","中畝"],"7128054":[33,"倉敷市","潮通"],"7128021":[33,"倉敷市","水島東川町"],"7128062":[33,"倉敷市","水島北幸町"],"7128037":[33,"倉敷市","水島東寿町"],"7128039":[33,"倉敷市","水島相生町"],"7128072":[33,"倉敷市","水島中通"],"7128063":[33,"倉敷市","水島南幸町"],"7128005":[33,"倉敷市","水島北亀島町"],"7128065":[33,"倉敷市","水島西千鳥町"],"7128032":[33,"倉敷市","北畝"],"7128045":[33,"倉敷市","福田町東塚"],"7128038":[33,"倉敷市","水島西寿町"],"7128022":[33,"倉敷市","水島北緑町"],"7128012":[33,"倉敷市","連島"],"7128015":[33,"倉敷市","連島町矢柄"],"7128033":[33,"倉敷市","水島東栄町"],"7128026":[33,"倉敷市","水島南瑞穂町"],"7128002":[33,"倉敷市","連島町亀島新田"],"7128059":[33,"倉敷市","水島西常盤町"],"7128013":[33,"倉敷市","亀島"],"7128004":[33,"倉敷市","水島南亀島町"],"7128052":[33,"倉敷市","松江"],"7128011":[33,"倉敷市","連島町連島"],"7128055":[33,"倉敷市","南畝"],"7128073":[33,"倉敷市","水島西通"],"7128007":[33,"倉敷市","鶴の浦"],"7128071":[33,"倉敷市","水島海岸通"],"7128006":[33,"倉敷市","連島町鶴新田"],"7128023":[33,"倉敷市","水島南緑町"],"7128041":[33,"倉敷市","福田町福田"],"7128043":[33,"倉敷市","広江"],"7128001":[33,"倉敷市","連島町西之浦"],"7128044":[33,"倉敷市","東塚"],"7128066":[33,"倉敷市","水島高砂町"],"7128035":[33,"倉敷市","水島東弥生町"],"7128064":[33,"倉敷市","水島青葉町"],"7128042":[33,"倉敷市","福田町広江"],"7128046":[33,"倉敷市","福田町古新田"],"7128056":[33,"倉敷市","水島福崎町"]}
