{"5840083":[27,"富田林市","小金台"],"5840016":[27,"富田林市","通法寺町"],"5840035":[27,"富田林市","谷川町"],"5840046":[27,"富田林市","東板持町"],"5840086":[27,"富田林市","津々山台"],"5840079":[27,"富田林市","五軒家"],"5840053":[27,"富田林市","龍泉"],"5840074":[27,"富田林市","久野喜台"],"5840036":[27,"富田林市","甲田"],"5840013":[27,"富田林市","桜井町"],"5840084":[27,"富田林市","桜ケ丘町"],"5840044":[27,"富田林市","別井"],"5840069":[27,"富田林市","錦織東"],"5840037":[27,"富田林市","宮甲田町"],"5840078":[27,"富田林市","加太"],"5840012":[27,"富田林市","粟ケ池町"],"5840077":[27,"富田林市","新青葉丘町"],"5840015":[27,"富田林市","西条町"],"5840038":[27,"富田林市","錦ケ丘町"],"5840028":[27,"富田林市","中野町西"],"5840063":[27,"富田林市","錦織"],"5840045":[27,"富田林市","山中田町"],"5840007":[27,"富田林市","南旭ケ丘町"],"5840011":[27,"富田林市","宮町"],"5840076":[27,"富田林市","青葉丘"],"5840066":[27,"富田林市","錦織北"],"5840000":[27,"富田林市",""],"5840085":[27,"富田林市","新家"],"5840024":[27,"富田林市","若松町"],"5840003":[27,"富田林市","喜志新家町"],"5840064":[27,"富田林市","不動ケ丘町"],"5840062":[27,"富田林市","須賀"],"5840068":[27,"富田林市","錦織中"],"5840067":[27,"富田林市","錦織南"],"5840001":[27,"富田林市","梅の里"],"5840042":[27,"富田林市","北大伴町"],"5840006":[27,"富田林市","旭ケ丘町"],"5840014":[27,"富田林市","川面町"],"5840081":[27,"富田林市","廿山"],"5840095":[27,"富田林市","毛人谷"],"5840034":[27,"富田林市","清水町"],"5840047":[27,"富田林市","山手町"],"5840072":[27,"富田林市","高辺台"],"5840065":[27,"富田林市","金剛伏山台"],"5840008":[27,"富田林市","喜志"],"5840092":[27,"富田林市","昭和町"],"5840073":[27,"富田林市","寺池台"],"5840002":[27,"富田林市","平町"],"5840040":[27,"富田林市","かがり台"],"5840094":[27,"富田林市","富美ケ丘町"],"5840071":[27,"富田林市","藤沢台"],"5840061":[27,"富田林市","伏山"],"5840025":[27,"富田林市","若松町西"],"5840070":[27,"富田林市","金剛錦織台"],"5840032":[27,"富田林市","常盤町"],"5840005":[27,"富田林市","喜志町"],"5840033":[27,"富田林市","富田林町"],"5840082":[27,"富田林市","向陽台"],"5840021":[27,"富田林市","中野町"],"5840031":[27,"富田林市","寿町"],"5840026":[27,"富田林市","緑ケ丘町"],"5840091":[27,"富田林市","新堂"],"5840057":[27,"富田林市","横山"],"5840043":[27,"富田林市","南大伴町"],"5840027":[27,"富田林市","中野"],"5840048":[27,"富田林市","西板持町"],"5840004":[27,"富田林市","木戸山町"],"5840055":[27,"富田林市","伏見堂"],"5840058":[27,"富田林市","彼方"],"5840093":[27,"富田林市","本町"],"5840023":[27,"富田林市","若松町東"],"5840056":[27,"富田林市","嬉"],"5840049":[27,"富田林市","川向町"],"5840041":[27,"富田林市","楠町"],"5840039":[27,"富田林市","美山台"],"5840054":[27,"富田林市","甘南備"],"5840022":[27,"富田林市","中野町東"],"5840051":[27,"富田林市","楠風台"],"5840052":[27,"富田林市","佐備"]}
