{"5980002":[27,"泉佐野市","中庄"],"5980054":[27,"泉佐野市","栄町"],"5980094":[27,"泉南郡田尻町","りんくうポート南"],"5980035":[27,"泉佐野市","南中樫井"],"5980012":[27,"泉佐野市","高松東"],"5980074":[27,"泉佐野市","東佐野台"],"5980045":[27,"泉佐野市","松原"],"5980062":[27,"泉佐野市","下瓦屋"],"5980036":[27,"泉佐野市","南中岡本"],"5980006":[27,"泉佐野市","市場西"],"5980024":[27,"泉佐野市","上之郷"],"5980063":[27,"泉佐野市","湊"],"5980048":[27,"泉佐野市","りんくう往来北"],"5980005":[27,"泉佐野市","市場東"],"5980044":[27,"泉佐野市","笠松"],"5980008":[27,"泉佐野市","松風台"],"5980057":[27,"泉佐野市","本町"],"5980092":[27,"泉南郡田尻町","吉見"],"5980000":[27,"泉佐野市",""],"5980013":[27,"泉佐野市","中町"],"5980034":[27,"泉佐野市","長滝"],"5980003":[27,"泉佐野市","俵屋"],"5980022":[27,"泉佐野市","土丸"],"5980023":[27,"泉佐野市","大木"],"5980032":[27,"泉佐野市","新安松"],"5980033":[27,"泉佐野市","南中安松"],"5980072":[27,"泉佐野市","泉ケ丘"],"5980075":[27,"泉佐野市","佐野台"],"5980015":[27,"泉佐野市","高松南"],"5980016":[27,"泉佐野市","高松西"],"5980042":[27,"泉佐野市","西本町"],"5980031":[27,"泉佐野市","東羽倉崎町"],"5980051":[27,"泉佐野市","新町"],"5980014":[27,"泉佐野市","葵町"],"5980004":[27,"泉佐野市","市場南"],"5980091":[27,"泉南郡田尻町","嘉祥寺"],"5980056":[27,"泉佐野市","元町"],"5980061":[27,"泉佐野市","住吉町"],"5980007":[27,"泉佐野市","上町"],"5980046":[27,"泉佐野市","羽倉崎"],"5980001":[27,"泉佐野市","上瓦屋"],"5980073":[27,"泉佐野市","南泉ケ丘"],"5980047":[27,"泉佐野市","りんくう往来南"],"5980037":[27,"泉佐野市","羽倉崎上町"],"5980064":[27,"泉佐野市","新浜町"],"5980071":[27,"泉佐野市","鶴原"],"5980093":[27,"泉南郡田尻町","りんくうポート北"],"5980011":[27,"泉佐野市","高松北"],"5980055":[27,"泉佐野市","若宮町"],"5980021":[27,"泉佐野市","日根野"],"5980058":[27,"泉佐野市","春日町"],"5980041":[27,"泉佐野市","野出町"],"5980043":[27,"泉佐野市","大西"],"5980053":[27,"泉佐野市","大宮町"],"5980052":[27,"泉佐野市","旭町"]}
