{"8260031":[40,"田川市","千代町"],"8260041":[40,"田川市","弓削田"],"8260023":[40,"田川市","上本町"],"8260045":[40,"田川市","猪国"],"8260027":[40,"田川市","宮尾町"],"8260024":[40,"田川市","西本町"],"8260002":[40,"田川郡川崎町","池尻"],"8260042":[40,"田川市","川宮"],"8260043":[40,"田川市","奈良"],"8260025":[40,"田川市","大黒町"],"8260032":[40,"田川市","平松町"],"8260022":[40,"田川市","本町"],"8260021":[40,"田川市","桜町"],"8260033":[40,"田川市","丸山町"],"8260026":[40,"田川市","春日町"],"8260044":[40,"田川市","位登"]}
