{"3491104":[11,"久喜市","栗橋"],"3490205":[11,"白岡市","西"],"3490225":[11,"白岡市","太田新井"],"3490112":[11,"蓮田市","川島"],"3491106":[11,"久喜市","緑"],"3490204":[11,"白岡市","篠津"],"3491134":[11,"加須市","北下新井"],"3490132":[11,"蓮田市","貝塚"],"3491105":[11,"久喜市","小右衛門"],"3491154":[11,"加須市","外記新田"],"3491122":[11,"久喜市","松永"],"3491133":[11,"加須市","琴寄"],"3490131":[11,"蓮田市","根金"],"3490127":[11,"蓮田市","見沼町"],"3491115":[11,"久喜市","新井"],"3491123":[11,"久喜市","間鎌"],"3491156":[11,"加須市","細間"],"3490143":[11,"蓮田市","城"],"3491114":[11,"久喜市","河原代"],"3490115":[11,"蓮田市","蓮田"],"3490217":[11,"白岡市","小久喜"],"3491157":[11,"加須市","道目"],"3491144":[11,"加須市","阿佐間"],"3490145":[11,"蓮田市","西城"],"3491146":[11,"加須市","新井新田"],"3491141":[11,"加須市","松永新田"],"3490113":[11,"蓮田市","桜台"],"3491117":[11,"久喜市","南栗橋"],"3490126":[11,"蓮田市","綾瀬"],"3490123":[11,"蓮田市","本町"],"3491116":[11,"久喜市","島川"],"3491112":[11,"久喜市","中里"],"3491101":[11,"久喜市","栗橋北"],"3490111":[11,"蓮田市","東"],"3491221":[9,"栃木市","藤岡町下宮"],"3490226":[11,"白岡市","岡泉"],"3491135":[11,"加須市","北平野"],"3490201":[11,"白岡市","柴山"],"3491125":[11,"久喜市","高柳"],"3490224":[11,"白岡市","彦兵衛"],"3490137":[11,"蓮田市","高虫"],"3490102":[11,"蓮田市","江ケ崎"],"3491214":[11,"加須市","駒場"],"3490215":[11,"白岡市","千駄野"],"3490121":[11,"蓮田市","関山"],"3490134":[11,"蓮田市","駒崎"],"3490200":[11,"白岡市",""],"3490104":[11,"蓮田市","緑町"],"3491142":[11,"加須市","杓子木"],"3491204":[11,"加須市","陽光台"],"3490216":[11,"白岡市","実ケ谷"],"3490141":[11,"蓮田市","西新宿"],"3491158":[11,"加須市","新利根"],"3490125":[11,"蓮田市","御前橋"],"3491202":[11,"加須市","小野袋"],"3490203":[11,"白岡市","下大崎"],"3491111":[11,"久喜市","北広島"],"3490214":[11,"白岡市","寺塚"],"3491201":[11,"加須市","柳生"],"3490124":[11,"蓮田市","末広"],"3491213":[11,"加須市","栄"],"3490122":[11,"蓮田市","上"],"3491151":[11,"加須市","佐波"],"3491132":[11,"加須市","旗井"],"3491203":[11,"加須市","柏戸"],"3491148":[11,"加須市","豊野台"],"3491113":[11,"久喜市","狐塚"],"3490103":[11,"蓮田市","笹山"],"3490211":[11,"白岡市","野牛"],"3490218":[11,"白岡市","白岡"],"3490128":[11,"蓮田市","山ノ内"],"3490136":[11,"蓮田市","上平野"],"3491216":[11,"加須市","本郷"],"3491103":[11,"久喜市","栗橋東"],"3491212":[11,"加須市","麦倉"],"3490202":[11,"白岡市","荒井新田"],"3490221":[11,"白岡市","上野田"],"3491211":[11,"加須市","飯積"],"3491153":[11,"加須市","新川通"],"3490101":[11,"蓮田市","黒浜"],"3490133":[11,"蓮田市","閏戸"],"3491102":[11,"久喜市","栗橋中央"],"3490142":[11,"蓮田市","南新宿"],"3490222":[11,"白岡市","爪田ケ谷"],"3490100":[11,"蓮田市",""],"3491152":[11,"加須市","弥兵衛"],"3490213":[11,"白岡市","高岩"],"3491215":[11,"加須市","伊賀袋"],"3490144":[11,"蓮田市","椿山"],"3491147":[11,"加須市","北大桑"],"3490114":[11,"蓮田市","馬込"],"3490212":[11,"白岡市","新白岡"],"3490135":[11,"蓮田市","井沼"],"3491143":[11,"加須市","生出"],"3491124":[11,"久喜市","佐間"],"3491145":[11,"加須市","間口"],"3491131":[11,"加須市","中渡"],"3490223":[11,"白岡市","下野田"],"3490219":[11,"白岡市","白岡東"],"3491121":[11,"久喜市","伊坂"],"3491155":[11,"加須市","砂原"],"3491205":[11,"加須市","向古河"]}
