{"9920116":[6,"米沢市","竹井"],"9921206":[6,"米沢市","赤崩"],"9920341":[6,"東置賜郡高畠町","時沢"],"9921123":[6,"米沢市","万世町桑山"],"9920046":[6,"米沢市","信夫町"],"9920262":[6,"東置賜郡高畠町","元和田"],"9920852":[6,"西置賜郡白鷹町","浅立"],"9920344":[6,"東置賜郡高畠町","深沼"],"9920302":[6,"東置賜郡高畠町","安久津"],"9920017":[6,"米沢市","桜木町"],"9920027":[6,"米沢市","駅前"],"9920800":[6,"西置賜郡白鷹町",""],"9920096":[6,"米沢市","六郷町長橋"],"9920042":[6,"米沢市","塩井町塩野"],"9920057":[6,"米沢市","成島町"],"9921331":[6,"米沢市","板谷"],"9920001":[6,"米沢市","窪田町東江股"],"9920775":[6,"西置賜郡白鷹町","黒鴨"],"9920334":[6,"東置賜郡高畠町","一本柳"],"9920032":[6,"米沢市","相生町"],"9920332":[6,"東置賜郡高畠町","相森"],"9920343":[6,"東置賜郡高畠町","根岸"],"9920603":[6,"東置賜郡川西町","東大塚"],"9920323":[6,"東置賜郡高畠町","露藤"],"9920044":[6,"米沢市","春日"],"9920114":[6,"米沢市","木和田"],"9921121":[6,"米沢市","万世町刈安"],"9921582":[6,"米沢市","神原"],"9921126":[6,"米沢市","万世町堂森"],"9920832":[6,"西置賜郡白鷹町","荒砥乙"],"9920086":[6,"米沢市","広幡町京塚"],"9920059":[6,"米沢市","西大通"],"9920321":[6,"東置賜郡高畠町","亀岡"],"9920477":[6,"南陽市","梨郷"],"9921462":[6,"米沢市","大平"],"9921446":[6,"米沢市","直江石堤"],"9920034":[6,"米沢市","吾妻町"],"9920862":[6,"西置賜郡白鷹町","下山"],"9920015":[6,"米沢市","立町"],"9921128":[6,"米沢市","八幡原"],"9920301":[6,"東置賜郡高畠町","二井宿"],"9921441":[6,"米沢市","笹野町"],"9921202":[6,"米沢市","三沢"],"9920300":[6,"東置賜郡高畠町",""],"9920043":[6,"米沢市","塩野"],"9920479":[6,"南陽市","和田"],"9920261":[6,"東置賜郡高畠町","上和田"],"9920117":[6,"米沢市","川井"],"9920811":[6,"西置賜郡白鷹町","萩野"],"9920064":[6,"米沢市","杉の目町"],"9920037":[6,"米沢市","本町"],"9920085":[6,"米沢市","広幡町沖仲"],"9920864":[6,"西置賜郡白鷹町","佐野原"],"9920012":[6,"米沢市","金池"],"9920773":[6,"西置賜郡白鷹町","高玉"],"9920021":[6,"米沢市","花沢"],"9920312":[6,"東置賜郡高畠町","小郡山"],"9920473":[6,"南陽市","池黒"],"9920031":[6,"米沢市","大町"],"9920325":[6,"東置賜郡高畠町","船橋"],"9921455":[6,"米沢市","南原猪苗代町"],"9921406":[6,"米沢市","赤崩"],"9920076":[6,"米沢市","小野川町"],"9920061":[6,"米沢市","堀川町"],"9920583":[6,"南陽市","下荻"],"9921454":[6,"米沢市","南原新町"],"9920047":[6,"米沢市","徳町"],"9920315":[6,"東置賜郡高畠町","泉岡"],"9920821":[6,"西置賜郡白鷹町","十王"],"9921471":[6,"米沢市","立石"],"9920024":[6,"米沢市","東大通"],"9921204":[6,"米沢市","大小屋"],"9920093":[6,"米沢市","六郷町西藤泉"],"9920033":[6,"米沢市","福田町"],"9920471":[6,"南陽市","金山"],"9920095":[6,"米沢市","六郷町一漆"],"9920851":[6,"西置賜郡白鷹町","広野"],"9920004":[6,"米沢市","窪田町小瀬"],"9920052":[6,"米沢市","丸の内"],"9920771":[6,"西置賜郡白鷹町","鮎貝"],"9920074":[6,"米沢市","矢来"],"9920322":[6,"東置賜郡高畠町","中島"],"9920112":[6,"米沢市","浅川"],"9920039":[6,"米沢市","門東町"],"9920352":[6,"東置賜郡高畠町","中里"],"9920073":[6,"米沢市","吹屋敷町"],"9920478":[6,"南陽市","竹原"],"9920776":[6,"西置賜郡白鷹町","深山"],"9921451":[6,"米沢市","南原笹野町"],"9920045":[6,"米沢市","中央"],"9920022":[6,"米沢市","花沢町"],"9920091":[6,"米沢市","六郷町桐原"],"9920476":[6,"南陽市","砂塚"],"9920778":[6,"西置賜郡白鷹町","高岡"],"9920081":[6,"米沢市","下小菅"],"9920000":[6,"米沢市",""],"9920011":[6,"米沢市","中田町"],"9920053":[6,"米沢市","松が岬"],"9921303":[6,"米沢市","大沢"],"9920054":[6,"米沢市","城西"],"9921124":[6,"米沢市","万世町金谷"],"9921445":[6,"米沢市","笹野本町"],"9920071":[6,"米沢市","舘山矢子町"],"9920472":[6,"南陽市","宮内"],"9921583":[6,"米沢市","入田沢"],"9920115":[6,"米沢市","梓川"],"9920351":[6,"東置賜郡高畠町","高畠"],"9921581":[6,"米沢市","口田沢"],"9920113":[6,"米沢市","長手"],"9921122":[6,"米沢市","万世町梓山"],"9920065":[6,"米沢市","古志田町"],"9921452":[6,"米沢市","南原横堀町"],"9920801":[6,"西置賜郡白鷹町","針生"],"9920831":[6,"西置賜郡白鷹町","荒砥甲"],"9920802":[6,"西置賜郡白鷹町","中山"],"9920058":[6,"米沢市","木場町"],"9920841":[6,"西置賜郡白鷹町","畔藤"],"9921205":[6,"米沢市","関根"],"9920602":[6,"東置賜郡川西町","大塚"],"9921443":[6,"米沢市","笹野"],"9921201":[6,"米沢市","万世町立沢"],"9920083":[6,"米沢市","広幡町成島"],"9920582":[6,"南陽市","荻"],"9921203":[6,"米沢市","大沢"],"9920474":[6,"南陽市","漆山"],"9921125":[6,"米沢市","万世町片子"],"9920035":[6,"米沢市","太田町"],"9920051":[6,"米沢市","城北"],"9920016":[6,"米沢市","川井小路"],"9920812":[6,"西置賜郡白鷹町","滝野"],"9920265":[6,"東置賜郡高畠町","佐沢"],"9920003":[6,"米沢市","窪田町窪田"],"9920062":[6,"米沢市","林泉寺"],"9920026":[6,"米沢市","東"],"9921474":[6,"米沢市","綱木"],"9921442":[6,"米沢市","芳泉町"],"9921473":[6,"米沢市","関町"],"9920056":[6,"米沢市","直江町"],"9920774":[6,"西置賜郡白鷹町","山口"],"9920324":[6,"東置賜郡高畠町","入生田"],"9921453":[6,"米沢市","南原石垣町"],"9920077":[6,"米沢市","簗沢"],"9920014":[6,"米沢市","鍛冶町"],"9920038":[6,"米沢市","城南"],"9920335":[6,"東置賜郡高畠町","川沼"],"9920118":[6,"米沢市","上新田"],"9921127":[6,"米沢市","万世町牛森"],"9920036":[6,"米沢市","福田"],"9920084":[6,"米沢市","広幡町上小菅"],"9920581":[6,"南陽市","小滝"],"9920601":[6,"東置賜郡川西町","西大塚"],"9920005":[6,"米沢市","窪田町藤泉"],"9920063":[6,"米沢市","泉町"],"9921444":[6,"米沢市","諸仏町"],"9921461":[6,"米沢市","李山"],"9920087":[6,"米沢市","広幡町大沢"],"9920475":[6,"南陽市","羽付"],"9920066":[6,"米沢市","遠山町"],"9920264":[6,"東置賜郡高畠町","馬頭"],"9920263":[6,"東置賜郡高畠町","下和田"],"9920331":[6,"東置賜郡高畠町","三条目"],"9920863":[6,"西置賜郡白鷹町","菖蒲"],"9921472":[6,"米沢市","関"],"9920072":[6,"米沢市","舘山"],"9920861":[6,"西置賜郡白鷹町","大瀬"],"9920779":[6,"西置賜郡白鷹町","箕和田"],"9920119":[6,"米沢市","アルカディア"],"9920333":[6,"東置賜郡高畠町","柏木目"],"9920075":[6,"米沢市","赤芝町"],"9920013":[6,"米沢市","栄町"],"9920055":[6,"米沢市","御廟"],"9920311":[6,"東置賜郡高畠町","金原"],"9920772":[6,"西置賜郡白鷹町","横田尻"],"9920584":[6,"南陽市","太郎"],"9920314":[6,"東置賜郡高畠町","塩森"],"9920025":[6,"米沢市","通町"],"9920342":[6,"東置賜郡高畠町","竹森"],"9920313":[6,"東置賜郡高畠町","高安"],"9920092":[6,"米沢市","六郷町西江股"],"9920002":[6,"米沢市","窪田町矢野目"],"9920041":[6,"米沢市","塩井町宮井"],"9920094":[6,"米沢市","六郷町轟"],"9920111":[6,"米沢市","下新田"],"9920082":[6,"米沢市","広幡町小山田"],"9920777":[6,"西置賜郡白鷹町","栃窪"],"9920023":[6,"米沢市","下花沢"]}
