{"4801204":[23,"瀬戸市","北丘町"],"4801157":[23,"長久手市","桜作"],"4801322":[23,"長久手市","汐見坂"],"4800142":[23,"丹羽郡大口町","中小口"],"4801305":[23,"長久手市","中井"],"4801138":[23,"長久手市","西原山"],"4801146":[23,"長久手市","片平"],"4801219":[23,"瀬戸市","窯町"],"4801154":[23,"長久手市","塚田"],"4801183":[23,"長久手市","西原"],"4801113":[23,"長久手市","山野田"],"4801173":[23,"長久手市","富士浦"],"4801134":[23,"長久手市","南原山"],"4801323":[23,"長久手市","阿畑"],"4800136":[23,"丹羽郡大口町","堀尾跡"],"4801156":[23,"長久手市","五合池"],"4801108":[23,"長久手市","中池"],"4801175":[23,"長久手市","先達"],"4800135":[23,"丹羽郡大口町","御供所"],"4801303":[23,"長久手市","東田"],"4801345":[23,"長久手市","丸山"],"4801312":[23,"長久手市","熊張深田"],"4801338":[23,"長久手市","下田"],"4800104":[23,"丹羽郡扶桑町","斉藤"],"4800147":[23,"丹羽郡大口町","竹田"],"4800100":[23,"丹羽郡大口町",""],"4800102":[23,"丹羽郡扶桑町","高雄"],"4800151":[23,"丹羽郡大口町","さつきケ丘"],"4801318":[23,"長久手市","東山"],"4801313":[23,"長久手市","小深"],"4801214":[23,"瀬戸市","上品野町"],"4800133":[23,"丹羽郡大口町","替地"],"4800200":[23,"西春日井郡豊山町",""],"4800106":[23,"丹羽郡扶桑町","小淵"],"4801100":[23,"長久手市",""],"4801135":[23,"長久手市","下山"],"4801342":[23,"長久手市","茨ケ廻間"],"4801201":[23,"瀬戸市","定光寺町"],"4801142":[23,"長久手市","蟹原"],"4800302":[23,"春日井市","西尾町"],"4801164":[23,"長久手市","山桶"],"4801309":[23,"長久手市","溝之杁"],"4801207":[23,"瀬戸市","品野町"],"4801325":[23,"長久手市","杁ケ根"],"4801172":[23,"長久手市","宮脇"],"4801114":[23,"長久手市","長配"],"4801111":[23,"長久手市","山越"],"4800202":[23,"西春日井郡豊山町","豊場"],"4800144":[23,"丹羽郡大口町","下小口"],"4801329":[23,"長久手市","申平"],"4801216":[23,"瀬戸市","鳥原町"],"4800305":[23,"春日井市","坂下町"],"4801102":[23,"長久手市","前熊一ノ井"],"4801213":[23,"瀬戸市","白岩町"],"4801136":[23,"長久手市","櫨木"],"4801161":[23,"長久手市","荒田"],"4801129":[23,"長久手市","よし池"],"4801182":[23,"長久手市","池田"],"4800145":[23,"丹羽郡大口町","丸"],"4801124":[23,"長久手市","戸田谷"],"4801211":[23,"瀬戸市","上半田川町"],"4801126":[23,"長久手市","深田"],"4801331":[23,"長久手市","雨堤"],"4801148":[23,"長久手市","根嶽"],"4801128":[23,"長久手市","勝入塚"],"4801177":[23,"長久手市","仏が根"],"4801326":[23,"長久手市","助六"],"4801333":[23,"長久手市","蛭子"],"4800123":[23,"丹羽郡大口町","二ツ屋"],"4801327":[23,"長久手市","観音堂"],"4801165":[23,"長久手市","鴨田"],"4801151":[23,"長久手市","久保山"],"4801321":[23,"長久手市","神明"],"4801103":[23,"長久手市","岩作石田"],"4800127":[23,"丹羽郡大口町","新宮"],"4801171":[23,"長久手市","西浦"],"4801122":[23,"長久手市","城屋敷"],"4801105":[23,"長久手市","丸根"],"4800125":[23,"丹羽郡大口町","外坪"],"4800138":[23,"丹羽郡大口町","大御堂"],"4801301":[23,"長久手市","北浦"],"4801316":[23,"長久手市","平地"],"4801167":[23,"長久手市","仲田"],"4801116":[23,"長久手市","杁ケ池"],"4801118":[23,"長久手市","横道"],"4800148":[23,"丹羽郡大口町","小口"],"4801218":[23,"瀬戸市","中品野町"],"4800303":[23,"春日井市","明知町"],"4801202":[23,"瀬戸市","下半田川町"],"4801336":[23,"長久手市","小稲葉"],"4801347":[23,"長久手市","鯉ケ廻間"],"4801127":[23,"長久手市","菅池"],"4801141":[23,"長久手市","根の神"],"4801176":[23,"長久手市","香桶"],"4801179":[23,"長久手市","上井堀"],"4801107":[23,"長久手市","下権田"],"4801155":[23,"長久手市","平池"],"4801125":[23,"長久手市","氏神前"],"4801184":[23,"長久手市","草掛"],"4801306":[23,"長久手市","真行田"],"4801119":[23,"長久手市","深廻間"],"4801112":[23,"長久手市","砂子"],"4800143":[23,"丹羽郡大口町","城屋敷"],"4801174":[23,"長久手市","東浦"],"4801308":[23,"長久手市","岩廻間"],"4801215":[23,"瀬戸市","岩屋町"],"4801132":[23,"長久手市","上川原"],"4800121":[23,"丹羽郡大口町","河北"],"4801158":[23,"長久手市","東原山"],"4800301":[23,"春日井市","内津町"],"4801302":[23,"長久手市","杁ノ洞"],"4801346":[23,"長久手市","堂脇"],"4801341":[23,"長久手市","葭ケ廻間"],"4801311":[23,"長久手市","福井"],"4801344":[23,"長久手市","広田"],"4800201":[23,"西春日井郡豊山町","青山"],"4801143":[23,"長久手市","井堀"],"4801133":[23,"長久手市","原山"],"4800126":[23,"丹羽郡大口町","伝右"],"4801328":[23,"長久手市","早稲田"],"4800146":[23,"丹羽郡大口町","余野"],"4801317":[23,"長久手市","松杁"],"4801314":[23,"長久手市","馬堤"],"4801163":[23,"長久手市","原邸"],"4801217":[23,"瀬戸市","井山町"],"4801324":[23,"長久手市","段留"],"4800132":[23,"丹羽郡大口町","秋田"],"4801115":[23,"長久手市","菖蒲池"],"4801334":[23,"長久手市","榎ノ下"],"4801178":[23,"長久手市","丁子田"],"4801205":[23,"瀬戸市","落合町"],"4800306":[23,"春日井市","上野町"],"4801304":[23,"長久手市","郷前"],"4801332":[23,"長久手市","神門前"],"4801203":[23,"瀬戸市","広之田町"],"4800139":[23,"丹羽郡大口町","奈良子"],"4800101":[23,"丹羽郡扶桑町","山那"],"4801121":[23,"長久手市","武蔵塚"],"4801206":[23,"瀬戸市","八床町"],"4800124":[23,"丹羽郡大口町","萩島"],"4801162":[23,"長久手市","段の上"],"4801181":[23,"長久手市","東原"],"4801152":[23,"長久手市","打越"],"4800141":[23,"丹羽郡大口町","上小口"],"4800134":[23,"丹羽郡大口町","豊田"],"4801166":[23,"長久手市","野田農"],"4801144":[23,"長久手市","熊田"],"4801307":[23,"長久手市","立花"],"4801139":[23,"長久手市","中川原"],"4800122":[23,"丹羽郡大口町","仲沖"],"4801145":[23,"長久手市","卯塚"],"4800137":[23,"丹羽郡大口町","大屋敷"],"4801106":[23,"長久手市","大久手"],"4801337":[23,"長久手市","中屋"],"4801339":[23,"長久手市","北熊"],"4800131":[23,"丹羽郡大口町","高橋"],"4801343":[23,"長久手市","石場"],"4800103":[23,"丹羽郡扶桑町","柏森"],"4800304":[23,"春日井市","神屋町"],"4801168":[23,"長久手市","坊の後"],"4801212":[23,"瀬戸市","片草町"],"4801315":[23,"長久手市","東平地"],"4801104":[23,"長久手市","棒振"],"4801147":[23,"長久手市","市ケ洞"],"4801117":[23,"長久手市","喜婦嶽"],"4801137":[23,"長久手市","下川原"],"4800149":[23,"丹羽郡大口町","垣田"],"4801153":[23,"長久手市","作田"],"4800105":[23,"丹羽郡扶桑町","南山名"],"4801123":[23,"長久手市","東狭間"],"4801335":[23,"長久手市","大日"],"4800107":[23,"丹羽郡扶桑町","高木"]}
