{"2650042":[12,"千葉市若葉区","古泉町"],"2650073":[12,"千葉市若葉区","更科町"],"2650051":[12,"千葉市若葉区","中野町"],"2650063":[12,"千葉市若葉区","五十土町"],"2650066":[12,"千葉市若葉区","多部田町"],"2650043":[12,"千葉市若葉区","中田町"],"2650067":[12,"千葉市若葉区","北谷津町"],"2650053":[12,"千葉市若葉区","野呂町"],"2650052":[12,"千葉市若葉区","和泉町"],"2650045":[12,"千葉市若葉区","上泉町"],"2650046":[12,"千葉市若葉区","小間子町"],"2650072":[12,"千葉市若葉区","谷当町"],"2650077":[12,"千葉市若葉区","御成台"],"2650074":[12,"千葉市若葉区","御殿町"],"2650061":[12,"千葉市若葉区","高根町"],"2650076":[12,"千葉市若葉区","下田町"],"2650071":[12,"千葉市若葉区","旦谷町"],"2650062":[12,"千葉市若葉区","川井町"],"2650075":[12,"千葉市若葉区","大井戸町"],"2650065":[12,"千葉市若葉区","佐和町"],"2650044":[12,"千葉市若葉区","下泉町"],"2650041":[12,"千葉市若葉区","富田町"],"2650064":[12,"千葉市若葉区","大広町"]}
