{"7570216":[35,"宇部市","船木"],"7570212":[35,"宇部市","今富"],"7570006":[35,"山陽小野田市","桜"],"7570402":[35,"宇部市","西吉部"],"7570214":[35,"宇部市","西万倉"],"7570401":[35,"宇部市","東吉部"],"7570002":[35,"山陽小野田市","郡"],"7570005":[35,"山陽小野田市","鴨庄"],"7570013":[35,"山陽小野田市","福田"],"7570004":[35,"山陽小野田市","山川"],"7570215":[35,"宇部市","東万倉"],"7570003":[35,"山陽小野田市","山野井"],"7570217":[35,"宇部市","矢矯"],"7570213":[35,"宇部市","奥万倉"],"7570011":[35,"山陽小野田市","津布田"],"7570211":[35,"宇部市","芦河内"],"7570012":[35,"山陽小野田市","埴生"],"7570001":[35,"山陽小野田市","厚狭"]}
