{"8780006":[44,"竹田市","平田"],"8780572":[44,"竹田市","九重野"],"8780033":[44,"竹田市","入田"],"8780156":[44,"竹田市","久保"],"8780003":[44,"竹田市","片ケ瀬"],"8780028":[44,"竹田市","渡瀬"],"8780002":[44,"竹田市","枝"],"8780403":[44,"竹田市","直入町上田北"],"8780256":[44,"竹田市","久保"],"8780205":[44,"竹田市","久住町白丹"],"8780206":[44,"竹田市","久住町添ケ津留"],"8780163":[44,"竹田市","上畑"],"8780027":[44,"竹田市","向山田"],"8780024":[44,"竹田市","玉来"],"8780035":[44,"竹田市","吉田"],"8780161":[44,"竹田市","上坂田"],"8780005":[44,"竹田市","挾田"],"8780146":[44,"竹田市","古園"],"8780152":[44,"竹田市","下志土知"],"8780000":[44,"竹田市",""],"8780025":[44,"竹田市","拝田原"],"8780154":[44,"竹田市","川床"],"8780153":[44,"竹田市","市用"],"8780201":[44,"竹田市","久住町久住"],"8780144":[44,"竹田市","高伏"],"8780203":[44,"竹田市","久住町仏原"],"8780401":[44,"竹田市","直入町神堤"],"8780204":[44,"竹田市","久住町栢木"],"8780004":[44,"竹田市","中"],"8780142":[44,"竹田市","福原"],"8780574":[44,"竹田市","神原"],"8780032":[44,"竹田市","太田"],"8780023":[44,"竹田市","君ケ園"],"8780011":[44,"竹田市","会々"],"8780571":[44,"竹田市","次倉"],"8780575":[44,"竹田市","田井"],"8780151":[44,"竹田市","下坂田"],"8780402":[44,"竹田市","直入町長湯"],"8780576":[44,"竹田市","倉木"],"8780034":[44,"竹田市","門田"],"8780143":[44,"竹田市","城原"],"8780022":[44,"竹田市","岩瀬"],"8780031":[44,"竹田市","岩本"],"8780007":[44,"竹田市","三宅"],"8780573":[44,"竹田市","中角"],"8780012":[44,"竹田市","竹田町"],"8780404":[44,"竹田市","直入町下田北"],"8780164":[44,"竹田市","刈小野"],"8780026":[44,"竹田市","飛田川"],"8780021":[44,"竹田市","穴井迫"],"8780145":[44,"竹田市","米納"],"8780202":[44,"竹田市","久住町有氏"],"8780155":[44,"竹田市","志土知"],"8780013":[44,"竹田市","竹田"],"8780162":[44,"竹田市","炭竈"],"8780001":[44,"竹田市","植木"],"8780141":[44,"竹田市","小川"]}
