{"2250016":[14,"横浜市青葉区","みすずが丘"],"2250024":[14,"横浜市青葉区","市ケ尾町"],"2250021":[14,"横浜市青葉区","すすき野"],"2250014":[14,"横浜市青葉区","荏田西"],"2250003":[14,"横浜市青葉区","新石川"],"2250015":[14,"横浜市青葉区","荏田北"],"2250025":[14,"横浜市青葉区","鉄町"],"2250004":[14,"横浜市青葉区","元石川町"],"2250023":[14,"横浜市青葉区","大場町"],"2250012":[14,"横浜市青葉区","あざみ野南"],"2250005":[14,"横浜市青葉区","荏子田"],"2250026":[14,"横浜市青葉区","もみの木台"],"2250002":[14,"横浜市青葉区","美しが丘"],"2250011":[14,"横浜市青葉区","あざみ野"],"2250022":[14,"横浜市青葉区","黒須田"],"2250001":[14,"横浜市青葉区","美しが丘西"],"2250013":[14,"横浜市青葉区","荏田町"]}
