{"9120431":[18,"大野市","下据"],"9120081":[18,"大野市","元町"],"9120131":[18,"大野市","南六呂師"],"9120812":[18,"大野市","富塚"],"9120071":[18,"大野市","鍬掛"],"9120062":[18,"大野市","千歳"],"9120204":[18,"大野市","貝皿"],"9120821":[18,"大野市","七板"],"9120136":[18,"大野市","松丸"],"9120405":[18,"大野市","森政地頭"],"9120402":[18,"大野市","北御門"],"9120412":[18,"大野市","御給"],"9120045":[18,"大野市","若杉町"],"9120000":[18,"大野市",""],"9120433":[18,"大野市","木本"],"9120026":[18,"大野市","要町"],"9120051":[18,"大野市","日吉町"],"9120134":[18,"大野市","石谷"],"9120416":[18,"大野市","開発"],"9120043":[18,"大野市","国時町"],"9120024":[18,"大野市","錦町"],"9120149":[18,"大野市","伏石"],"9120422":[18,"大野市","佐開"],"9120006":[18,"大野市","庄林"],"9120222":[18,"大野市","東市布"],"9120206":[18,"大野市","板倉"],"9120138":[18,"大野市","花房"],"9120826":[18,"大野市","井ノ口"],"9120016":[18,"大野市","友江"],"9120013":[18,"大野市","堂本"],"9120067":[18,"大野市","右近次郎"],"9120421":[18,"大野市","五條方"],"9120095":[18,"大野市","下丁"],"9120093":[18,"大野市","中丁"],"9120202":[18,"大野市","角野前坂"],"9120142":[18,"大野市","蓑道"],"9120437":[18,"大野市","中据"],"9120218":[18,"大野市","川合"],"9120132":[18,"大野市","大月"],"9120811":[18,"大野市","土打"],"9120824":[18,"大野市","木落"],"9120414":[18,"大野市","野中"],"9120201":[18,"大野市","朝日前坂"],"9120141":[18,"大野市","橋爪"],"9120147":[18,"大野市","柿ケ嶋"],"9120413":[18,"大野市","東山"],"9120021":[18,"大野市","中野"],"9120435":[18,"大野市","榎"],"9120805":[18,"大野市","土布子"],"9120155":[18,"大野市","西勝原"],"9120143":[18,"大野市","金山"],"9120023":[18,"大野市","中荒井"],"9120803":[18,"大野市","富嶋"],"9120035":[18,"大野市","有明町"],"9120001":[18,"大野市","大矢戸"],"9120047":[18,"大野市","幸町"],"9120152":[18,"大野市","下打波"],"9120054":[18,"大野市","糸魚町"],"9120083":[18,"大野市","明倫町"],"9120815":[18,"大野市","下麻生嶋"],"9120213":[18,"大野市","野尻"],"9120425":[18,"大野市","平沢"],"9120085":[18,"大野市","新庄"],"9120145":[18,"大野市","堂嶋"],"9120207":[18,"大野市","下山"],"9120088":[18,"大野市","水落"],"9120427":[18,"大野市","森山"],"9120011":[18,"大野市","南新在家"],"9120015":[18,"大野市","中挾"],"9120064":[18,"大野市","上舌"],"9120036":[18,"大野市","美川町"],"9120075":[18,"大野市","下黒谷"],"9120813":[18,"大野市","上野"],"9120005":[18,"大野市","太田"],"9120203":[18,"大野市","後野"],"9120827":[18,"大野市","田野"],"9120205":[18,"大野市","朝日"],"9120066":[18,"大野市","南春日野"],"9120411":[18,"大野市","友兼"],"9120137":[18,"大野市","萩ケ野"],"9120087":[18,"大野市","亀山"],"9120044":[18,"大野市","桜塚町"],"9120055":[18,"大野市","高砂町"],"9120027":[18,"大野市","新町"],"9120033":[18,"大野市","美里町"],"9120135":[18,"大野市","森本"],"9120072":[18,"大野市","飯降"],"9120003":[18,"大野市","西大月"],"9120074":[18,"大野市","上荒井"],"9120415":[18,"大野市","稲郷"],"9120423":[18,"大野市","下若生子"],"9120401":[18,"大野市","吉"],"9120094":[18,"大野市","上丁"],"9120139":[18,"大野市","不動堂"],"9120148":[18,"大野市","八町"],"9120822":[18,"大野市","下唯野"],"9120404":[18,"大野市","猪島"],"9120214":[18,"大野市","長野"],"9120007":[18,"大野市","西市"],"9120403":[18,"大野市","森政領家"],"9120133":[18,"大野市","御領"],"9120004":[18,"大野市","中津川"],"9120042":[18,"大野市","東中"],"9120052":[18,"大野市","弥生町"],"9120031":[18,"大野市","月美町"],"9120017":[18,"大野市","東中野"],"9120091":[18,"大野市","犬山"],"9120216":[18,"大野市","上大納"],"9120082":[18,"大野市","大和町"],"9120801":[18,"大野市","新河原"],"9120061":[18,"大野市","篠座"],"9120092":[18,"大野市","清瀧"],"9120012":[18,"大野市","横枕"],"9120034":[18,"大野市","吉野町"],"9120022":[18,"大野市","陽明町"],"9120432":[18,"大野市","下郷"],"9120215":[18,"大野市","下大納"],"9120053":[18,"大野市","春日"],"9120154":[18,"大野市","東勝原"],"9120068":[18,"大野市","茜町"],"9120008":[18,"大野市","矢"],"9120041":[18,"大野市","菖蒲池"],"9120212":[18,"大野市","箱ケ瀬"],"9120146":[18,"大野市","落合"],"9120046":[18,"大野市","神明"],"9120804":[18,"大野市","森目"],"9120802":[18,"大野市","新田"],"9120217":[18,"大野市","角野"],"9120814":[18,"大野市","上麻生嶋"],"9120151":[18,"大野市","上打波"],"9120065":[18,"大野市","下舌"],"9120823":[18,"大野市","蕨生"],"9120434":[18,"大野市","宝慶寺"],"9120002":[18,"大野市","小矢戸"],"9120025":[18,"大野市","本町"],"9120221":[18,"大野市","上半原"],"9120032":[18,"大野市","清和町"],"9120825":[18,"大野市","新塚原"],"9120424":[18,"大野市","今井"],"9120063":[18,"大野市","阿難祖地頭方"],"9120084":[18,"大野市","天神町"],"9120086":[18,"大野市","泉町"],"9120153":[18,"大野市","仏原"],"9120436":[18,"大野市","西据"],"9120014":[18,"大野市","中保"],"9120144":[18,"大野市","小黒見"],"9120426":[18,"大野市","西山"],"9120073":[18,"大野市","深井"],"9120076":[18,"大野市","上黒谷"],"9120211":[18,"大野市","下半原"]}
