{"7230035":[34,"三原市","須波ハイツ"],"7230003":[34,"三原市","中之町"],"7230065":[34,"三原市","西野"],"7230004":[34,"三原市","館町"],"7230066":[34,"三原市","大畑町"],"7230012":[34,"三原市","旭町"],"7230014":[34,"三原市","城町"],"7230145":[34,"三原市","沼田東町片島"],"7230022":[34,"三原市","鷺浦町向田野浦"],"7230144":[34,"三原市","沼田東町末広"],"7230133":[34,"三原市","沼田"],"7230033":[34,"三原市","沖浦町"],"7230021":[34,"三原市","鷺浦町須波"],"7230041":[34,"三原市","和田"],"7230052":[34,"三原市","皆実"],"7230141":[34,"三原市","沼田東町両名"],"7230005":[34,"三原市","桜山町"],"7230064":[34,"三原市","西宮"],"7230006":[34,"三原市","駒ケ原町"],"7230002":[34,"三原市","中之町南"],"7230046":[34,"三原市","明神"],"7230146":[34,"三原市","沼田東町納所"],"7230043":[34,"三原市","貝野町"],"7230063":[34,"三原市","西町"],"7230017":[34,"三原市","港町"],"7230148":[34,"三原市","沼田東町七宝"],"7230031":[34,"三原市","須波"],"7230007":[34,"三原市","中之町北"],"7230042":[34,"三原市","和田沖町"],"7230045":[34,"三原市","田野浦"],"7230032":[34,"三原市","須波西"],"7230001":[34,"三原市","深町"],"7230143":[34,"三原市","沼田東町釜山"],"7230047":[34,"三原市","青葉台"],"7230015":[34,"三原市","円一町"],"7230147":[34,"三原市","沼田東町本市"],"7230034":[34,"三原市","登町"],"7230132":[34,"三原市","長谷"],"7230051":[34,"三原市","宮浦"],"7230054":[34,"三原市","頼兼"],"7230013":[34,"三原市","古浜"],"7230053":[34,"三原市","学園町"],"7230061":[34,"三原市","八坂町"],"7230131":[34,"三原市","小坂町"],"7230134":[34,"三原市","新倉"],"7230011":[34,"三原市","東町"],"7230016":[34,"三原市","宮沖"],"7230000":[34,"三原市",""],"7230062":[34,"三原市","本町"],"7230044":[34,"三原市","宗郷"],"7230142":[34,"三原市","沼田東町末光"]}
