{"2870217":[12,"成田市","桜田"],"2870241":[12,"成田市","水の上"],"2870066":[12,"香取市","堀之内"],"2870107":[12,"香取市","助沢"],"2870003":[12,"香取市","佐原イ"],"2870234":[12,"成田市","松子"],"2870235":[12,"成田市","臼作"],"2870047":[12,"香取市","鴇崎"],"2870021":[12,"香取市","下小野"],"2870105":[12,"香取市","沢"],"2870022":[12,"香取市","九美上"],"2870813":[12,"香取市","境島"],"2870004":[12,"香取市","岩ケ崎台"],"2870216":[12,"成田市","南敷"],"2870816":[12,"香取市","佐原ハ"],"2870225":[12,"成田市","吉岡"],"2870038":[12,"香取市","鳥羽"],"2870214":[12,"成田市","横山"],"2870202":[12,"成田市","堀籠"],"2870805":[12,"香取市","公官洲"],"2870104":[12,"香取市","苅毛"],"2870031":[12,"香取市","新部"],"2870215":[12,"成田市","馬乗里"],"2870041":[12,"香取市","玉造"],"2870067":[12,"香取市","川尻"],"2870243":[12,"成田市","大栄十余三"],"2870056":[12,"香取市","飯島"],"2870237":[12,"成田市","中野"],"2870232":[12,"成田市","久井崎"],"2870212":[12,"成田市","東ノ台"],"2870224":[12,"成田市","新田"],"2870242":[12,"成田市","多良貝"],"2870103":[12,"香取市","西田部"],"2870801":[12,"香取市","扇島"],"2870013":[12,"香取市","大倉"],"2870211":[12,"成田市","所"],"2870033":[12,"香取市","牧野"],"2870244":[12,"成田市","川上"],"2870018":[12,"香取市","丁子"],"2870821":[12,"香取市","篠原ロ"],"2870236":[12,"成田市","津富浦"],"2870811":[12,"香取市","大島"],"2870812":[12,"香取市","三島"],"2870042":[12,"香取市","山之辺"],"2870822":[12,"香取市","佐原ニ"],"2870002":[12,"香取市","北"],"2870014":[12,"香取市","多田"],"2870012":[12,"香取市","大倉丁子"],"2870027":[12,"香取市","返田"],"2870054":[12,"香取市","大戸川"],"2870037":[12,"香取市","与倉"],"2870806":[12,"香取市","附洲新田"],"2870206":[12,"成田市","浅間"],"2870053":[12,"香取市","大戸新田"],"2870815":[12,"香取市","八筋川"],"2870205":[12,"成田市","奈土"],"2870221":[12,"成田市","官林"],"2870001":[12,"香取市","佐原ロ"],"2870803":[12,"香取市","磯山"],"2870824":[12,"香取市","長島"],"2870011":[12,"香取市","津宮"],"2870213":[12,"成田市","大沼"],"2870062":[12,"香取市","寺内"],"2870802":[12,"香取市","加藤洲"],"2870016":[12,"香取市","新市場"],"2870044":[12,"香取市","片野"],"2870052":[12,"香取市","森戸"],"2870017":[12,"香取市","香取"],"2870201":[12,"成田市","柴田"],"2870051":[12,"香取市","新寺"],"2870826":[12,"香取市","石納"],"2870233":[12,"成田市","稲荷山"],"2870006":[12,"香取市","篠原イ"],"2870804":[12,"香取市","市和田"],"2870005":[12,"香取市","佐原ホ"],"2870026":[12,"香取市","大根"],"2870814":[12,"香取市","中洲"],"2870032":[12,"香取市","釜塚"],"2870055":[12,"香取市","昭和町"],"2870101":[12,"香取市","高萩"],"2870036":[12,"香取市","観音"],"2870000":[12,"香取市",""],"2870061":[12,"香取市","谷中"],"2870106":[12,"香取市","荒北"],"2870204":[12,"成田市","伊能"],"2870043":[12,"香取市","大戸"],"2870035":[12,"香取市","大崎"],"2870222":[12,"成田市","前林"],"2870064":[12,"香取市","みずほ台"],"2870046":[12,"香取市","上小川"],"2870045":[12,"香取市","関"],"2870063":[12,"香取市","西坂"],"2870825":[12,"香取市","野間谷原"],"2870203":[12,"成田市","村田"],"2870227":[12,"成田市","一坪田"],"2870102":[12,"香取市","岩部"],"2870025":[12,"香取市","本矢作"],"2870048":[12,"香取市","西和田"],"2870024":[12,"香取市","福田"],"2870034":[12,"香取市","長山"],"2870015":[12,"香取市","吉原"],"2870023":[12,"香取市","伊地山"],"2870823":[12,"香取市","笄島"],"2870065":[12,"香取市","西部田"]}
