{"5580043":[27,"大阪市住吉区","墨江"],"5580053":[27,"大阪市住吉区","帝塚山中"],"5580014":[27,"大阪市住吉区","我孫子"],"5580045":[27,"大阪市住吉区","住吉"],"5580001":[27,"大阪市住吉区","大領"],"5580046":[27,"大阪市住吉区","上住吉"],"5580055":[27,"大阪市住吉区","万代"],"5580042":[27,"大阪市住吉区","殿辻"],"5580000":[27,"大阪市住吉区",""],"5580022":[27,"大阪市住吉区","杉本"],"5580033":[27,"大阪市住吉区","清水丘"],"5580012":[27,"大阪市住吉区","庭井"],"5580054":[27,"大阪市住吉区","帝塚山東"],"5580056":[27,"大阪市住吉区","万代東"],"5580021":[27,"大阪市住吉区","浅香"],"5580047":[27,"大阪市住吉区","千躰"],"5580031":[27,"大阪市住吉区","沢之町"],"5580004":[27,"大阪市住吉区","長居東"],"5580013":[27,"大阪市住吉区","我孫子東"],"5580002":[27,"大阪市住吉区","長居西"],"5580032":[27,"大阪市住吉区","遠里小野"],"5580015":[27,"大阪市住吉区","我孫子西"],"5580051":[27,"大阪市住吉区","東粉浜"],"5580003":[27,"大阪市住吉区","長居"],"5580023":[27,"大阪市住吉区","山之内"],"5580011":[27,"大阪市住吉区","苅田"],"5580052":[27,"大阪市住吉区","帝塚山西"],"5580044":[27,"大阪市住吉区","長峡町"],"5580041":[27,"大阪市住吉区","南住吉"],"5580024":[27,"大阪市住吉区","山之内元町"]}
