{"8880008":[45,"串間市","本城"],"8880006":[45,"串間市","秋山"],"8880003":[45,"串間市","奴久見"],"8880009":[45,"串間市","崎田"],"8880002":[45,"串間市","高松"],"8880011":[45,"串間市","寺里"],"8880012":[45,"串間市","西浜"],"8880004":[45,"串間市","串間"],"8880007":[45,"串間市","南方"],"8880013":[45,"串間市","東町"],"8880001":[45,"串間市","西方"],"8880221":[45,"串間市","大納"],"8880005":[45,"串間市","北方"],"8880000":[45,"串間市",""],"8880222":[45,"串間市","都井"]}
