{"9000000":[47,"那覇市",""],"9000015":[47,"那覇市","久茂地"],"9000031":[47,"那覇市","若狭"],"9000027":[47,"那覇市","山下町"],"9000026":[47,"那覇市","奥武山町"],"9000006":[47,"那覇市","おもろまち"],"9000014":[47,"那覇市","松尾"],"9000025":[47,"那覇市","壺川"],"9000034":[47,"那覇市","東町"],"9000028":[47,"那覇市","垣花町"],"9000033":[47,"那覇市","久米"],"9000023":[47,"那覇市","楚辺"],"9000016":[47,"那覇市","前島"],"9000032":[47,"那覇市","松山"],"9000012":[47,"那覇市","泊"],"9000011":[47,"那覇市","上之屋"],"9000021":[47,"那覇市","泉崎"],"9000037":[47,"那覇市","辻"],"9000002":[47,"那覇市","曙"],"9000035":[47,"那覇市","通堂町"],"9000001":[47,"那覇市","港町"],"9000024":[47,"那覇市","古波蔵"],"9000029":[47,"那覇市","旭町"],"9000003":[47,"那覇市","安謝"],"9000036":[47,"那覇市","西"],"9000013":[47,"那覇市","牧志"],"9000005":[47,"那覇市","天久"],"9000022":[47,"那覇市","樋川"],"9000004":[47,"那覇市","銘苅"]}
