{"8740042":[44,"別府市","鉄輪東"],"8740802":[44,"別府市","城島"],"8740926":[44,"別府市","京町"],"8740821":[44,"別府市","乙原"],"8740923":[44,"別府市","新港町"],"8740031":[44,"別府市","照波園町"],"8740920":[44,"別府市","北浜"],"8740841":[44,"別府市","竹の内"],"8740025":[44,"別府市","亀川四の湯町"],"8740840":[44,"別府市","鶴見"],"8740825":[44,"別府市","南立石八幡町"],"8740013":[44,"別府市","古市町"],"8740003":[44,"別府市","大所"],"8740032":[44,"別府市","上人本町"],"8740024":[44,"別府市","平田町"],"8740827":[44,"別府市","南立石二区"],"8740918":[44,"別府市","汐見町"],"8740939":[44,"別府市","立田町"],"8740927":[44,"別府市","弓ケ浜町"],"8740033":[44,"別府市","上人南"],"8740905":[44,"別府市","上野口町"],"8740826":[44,"別府市","鶴見園町"],"8740021":[44,"別府市","亀川中央町"],"8740843":[44,"別府市","明礬"],"8740002":[44,"別府市","関の江新町"],"8740043":[44,"別府市","井田"],"8740815":[44,"別府市","田の口"],"8740849":[44,"別府市","扇山"],"8740022":[44,"別府市","亀川東町"],"8740908":[44,"別府市","上田の湯町"],"8740034":[44,"別府市","上人仲町"],"8740814":[44,"別府市","浦田"],"8740901":[44,"別府市","中島町"],"8740911":[44,"別府市","緑丘町"],"8740944":[44,"別府市","元町"],"8740041":[44,"別府市","北鉄輪"],"8740831":[44,"別府市","堀田"],"8740848":[44,"別府市","大畑"],"8740045":[44,"別府市","御幸"],"8740910":[44,"別府市","石垣西"],"8740919":[44,"別府市","石垣東"],"8740914":[44,"別府市","中須賀元町"],"8740828":[44,"別府市","山の手町"],"8740819":[44,"別府市","赤松"],"8740845":[44,"別府市","北中"],"8740823":[44,"別府市","南立石本町"],"8740023":[44,"別府市","上人ケ浜町"],"8740838":[44,"別府市","荘園"],"8740932":[44,"別府市","野口中町"],"8740921":[44,"別府市","富士見町"],"8740005":[44,"別府市","天間"],"8740824":[44,"別府市","南立石板地町"],"8740817":[44,"別府市","鳥越"],"8740015":[44,"別府市","国立"],"8740004":[44,"別府市","湯山"],"8740803":[44,"別府市","東山一区"],"8740846":[44,"別府市","朝日ケ丘町"],"8740016":[44,"別府市","野田"],"8740904":[44,"別府市","南荘園町"],"8740909":[44,"別府市","田の湯町"],"8740818":[44,"別府市","山家"],"8740805":[44,"別府市","枝郷"],"8740943":[44,"別府市","楠町"],"8740907":[44,"別府市","幸町"],"8740804":[44,"別府市","東山二区"],"8740835":[44,"別府市","実相寺"],"8740935":[44,"別府市","駅前町"],"8740941":[44,"別府市","南町"],"8740813":[44,"別府市","両郡橋"],"8740834":[44,"別府市","新別府"],"8740936":[44,"別府市","中央町"],"8740046":[44,"別府市","鉄輪上"],"8740822":[44,"別府市","観海寺"],"8740816":[44,"別府市","河内"],"8740842":[44,"別府市","小倉"],"8740934":[44,"別府市","駅前本町"],"8740916":[44,"別府市","中須賀本町"],"8740933":[44,"別府市","野口元町"],"8740844":[44,"別府市","火売"],"8740906":[44,"別府市","天満町"],"8740833":[44,"別府市","鶴見"],"8740928":[44,"別府市","北的ケ浜町"],"8740931":[44,"別府市","西野口町"],"8740044":[44,"別府市","風呂本"],"8740839":[44,"別府市","南立石一区"],"8740012":[44,"別府市","スパランド豊海"],"8740832":[44,"別府市","南立石生目町"],"8740820":[44,"別府市","原町"],"8740837":[44,"別府市","荘園北町"],"8740011":[44,"別府市","内竈"],"8740930":[44,"別府市","光町"],"8740811":[44,"別府市","柳"],"8740915":[44,"別府市","桜ケ丘"],"8740947":[44,"別府市","浜脇"],"8740000":[44,"別府市",""],"8740913":[44,"別府市","春木"],"8740812":[44,"別府市","朝見"],"8740035":[44,"別府市","上人西"],"8740014":[44,"別府市","亀川浜田町"],"8740836":[44,"別府市","東荘園"],"8740929":[44,"別府市","南的ケ浜町"],"8740946":[44,"別府市","松原町"],"8740942":[44,"別府市","千代町"],"8740801":[44,"別府市","山の口"],"8740036":[44,"別府市","上平田町"],"8740903":[44,"別府市","野口原"],"8740037":[44,"別府市","大観山町"],"8740937":[44,"別府市","秋葉町"],"8740917":[44,"別府市","中須賀東町"],"8740001":[44,"別府市","小坂"],"8740938":[44,"別府市","末広町"],"8740912":[44,"別府市","南須賀"],"8740945":[44,"別府市","浜町"],"8740902":[44,"別府市","青山町"],"8740922":[44,"別府市","船小路町"],"8740925":[44,"別府市","若草町"],"8740924":[44,"別府市","餅ケ浜町"],"8740829":[44,"別府市","上原町"],"8740847":[44,"別府市","馬場"]}
